tree
version=v4
num_class=1
num_tree_per_iteration=1
label_index=0
max_feature_idx=13
objective=binary sigmoid:1
feature_names=Column_0 Column_1 Column_2 Column_3 Column_4 Column_5 Column_6 Column_7 Column_8 Column_9 Column_10 Column_11 Column_12 Column_13
feature_infos=[0:1] [0:1] [0:1] [0:1] [0:1] [0:1] [0:1] [0:1] [0:1] [0:1] [0:1] [0:1] [0:1] [0:1]
tree_sizes=3424 3421 3416 3411 3457 3447 3478 3466 3463 3489 3511 3486 3493 3487 3486 3454 3497 3482 3504 3493 3506 3517 3528 3501 3521 3519 3525 3536 3518 3533 3509 3503 3536 3520 3495 3508 3515 3509 3511 3515 3518 3521 3499 3516 3533 3532 3548 3521 3541 3535 3535 3561 3536 3545 3536 3530 3534 3537 3526 3546 3545 3540 3528 3529 3551 3561 3544 3522 3559 3514 3524 3530 3543 3512 3550 3526 3546 3524 3524 3532 3477 3539 3551 3513 3524 3521 3544 3533 3517 3524 3497 3511 3547 3530 3527 3543 3535 3502 3542 3533 3515 3535 3520 3518 3531 3527 3527 3524 3499 3504 3530 3526 3523 3550 3502 3562 3530 3561 3506 3504 3510 3517 3523 3549 3551 3515 3522 3526 3507 3524 3483 3519 3484 3512 3535 3527 3515 3521 3532 3531 3547 3532 3530 3547 3536 3492 3536 3545 3540 3534 3509 3546 3545 3532 3528 3481 3557 3545 3536 3516 3495 3511 3480 3506 3569 3503 3543 3509 3541 3514 3513 3547 3535 3526 3515 3521 3535 3523 3526 3538 3529 3481 3562 3546 3522 3540 3530 3516 3546 3574 3550 3537 3511 3535 3528 3554 3544 3559 3548 3539 3525 3549 3555 3502 3512 3565 3552 3512 3536 3533 3486 3530 3551 3502 3526 3500 3523 3490 3544 3522 3494 3590 3575 3472 3541 3526 3501 3534 3505 3480 3516 3501 3542 3531 3466 3458 3505 3492 3539 3469 3475 3494 3483 3478 3525 3525 3517 3495 3534 3512

Tree=0
num_leaves=31
num_cat=0
split_feature=9 4 4 7 8 2 7 10 10 10 1 11 8 11 11 9 1 9 9 5 10 7 11 9 13 4 1 5 10 9
split_gain=1.59708e+06 229018 224890 117257 37711.1 27137.4 116867 24754.8 16731 15147 12110.5 9933.02 8697.86 8500.48 7619.77 7351.62 44550.9 5718.14 3604.48 3518.42 3258.06 2655.71 2627.39 2531.05 2304.72 2299.3 2160.59 1778.18 22226.4 1829.14
threshold=0.81844761967659008 0.49205549061298376 0.90366768836975109 0.12060606107115747 1.0000000180025095e-35 0.86729559302330028 0.19292803853750232 1.0000000180025095e-35 1.0000000180025095e-35 1.0000000180025095e-35 0.39767442643642431 1.0000000180025095e-35 1.0000000180025095e-35 1.0000000180025095e-35 1.0000000180025095e-35 0.75249087810516369 0.53694942593574535 0.5766318440437318 0.94166260957717907 1.0000000180025095e-35 1.0000000180025095e-35 0.065591398626565947 1.0000000180025095e-35 0.69056183099746715 1.0000000180025095e-35 0.6291005313396455 0.43288289010524755 1.0000000180025095e-35 1.0000000180025095e-35 0.63069993257522594
decision_type=2 2 2 2 2 2 2 2 2 2 2 2 2 2 2 2 2 2 2 2 2 2 2 2 2 2 2 2 2 2
left_child=2 7 5 4 -4 15 9 24 -6 12 11 -3 19 -8 -5 27 20 -16 26 -7 -17 -11 -18 -15 -2 -22 -9 -1 29 -29
right_child=1 10 3 14 8 6 13 18 -10 21 -12 -13 -14 23 17 16 22 -19 -20 -21 25 -23 -24 -25 -26 -27 -28 28 -30 -31
leaf_value=-4.4621799393741393 -4.3497265287006881 -0.92466751346451925 -0.95622755483283139 -0.27545495141109555 -4.4364523888933141 -3.7014547589204203 -0.32513209938855603 -3.0082831573541604 -0.54302390753780827 -3.3742690490313438 -0.27885034286133248 -4.3559132991538689 -4.4513472892711379 -3.883834883812888 -3.9622233211621767 -4.4416539155938288 -0.39771299313210751 -0.50476871074971363 -0.97072487949840536 -1.940452939814004 -3.6500265994666337 -0.54870952923306415 -2.8027479722332771 -0.99971809014617508 -0.23479632198800715 -0.8390202396927795 -0.44366384909583223 -4.412209989001517 -0.49832077207731418 -1.0807098067746832
leaf_weight=32305.975639533252 45.796646241098642 6.0880931373685581 10.603921445086597 46.730547906830907 50.158794527873397 8.1923272702842933 21.58613217249513 5.7689115554094297 2.9199203979223958 1.146689387038349 262.17811572924256 3.2272804398089647 192.06456155888736 2.4115941748023029 2.5889172758907071 90.26927999407053 7.9795395489782077 2.2224495336413383 6.1826654579490423 4.338505206629633 6.0171638969331971 3.0263142585754395 1.3240124881267545 1.111224766820669 0.342824662104248 0.82750780507922161 0.95754474587738503 97.787779480218887 3.7947143632918587 0.41375390253960986
leaf_count=2732806 3874 515 897 3953 4243 693 1826 488 247 97 22178 273 16247 204 219 7636 675 188 523 367 509 256 112 94 29 70 81 8272 321 35
internal_value=-4.41376 -0.955582 -4.44854 -2.24348 -3.67844 -4.4563 -3.91963 -3.77764 -4.22227 -4.30725 -0.341797 -2.11341 -4.36808 -0.696783 -0.470527 -4.46016 -4.04526 -2.36517 -1.84219 -3.09175 -4.36191 -1.32514 -0.73998 -2.97408 -4.31915 -3.31018 -2.6432 -4.46152 -4.25308 -4.39817
internal_weight=33194 330.542 32863.5 115.225 63.6826 32748.3 233.877 59.0486 53.0787 208.768 271.493 9.31537 204.595 25.109 51.5419 32514.4 106.418 4.81137 12.9091 12.5308 97.114 4.173 9.30355 3.52282 46.1395 6.84467 6.72646 32408 101.996 98.2015
internal_count=2807928 27961 2779967 9747 5387 2770220 19784 4995 4490 17660 22966 788 17307 2124 4360 2750436 9002 407 1092 1060 8215 353 787 298 3903 579 569 2741434 8628 8307
is_linear=0
shrinkage=1


Tree=1
num_leaves=31
num_cat=0
split_feature=9 2 11 11 3 4 10 4 5 7 7 9 7 3 4 7 9 4 4 1 5 5 6 7 4 4 4 5 9 2
split_gain=56494.3 8709.82 1965.96 1899.45 1621.76 576.411 1094.66 720.032 3439.24 4740.44 385.922 344.239 477.486 299.962 590.472 1231.6 463.503 267.265 380.096 429.439 535.748 322.432 289.196 254.243 238.305 235.391 206.341 204.759 540.162 460.985
threshold=0.69056183099746715 0.82842725515365612 1.0000000180025095e-35 1.0000000180025095e-35 0.77485185861587536 0.80982521176338207 1.0000000180025095e-35 0.90366768836975109 1.0000000180025095e-35 0.098387096077203764 0.19292803853750232 1.0000000180025095e-35 0.065591398626565947 0.86576578021049511 0.90366768836975109 0.16064515709877017 0.66828480362892162 0.90366768836975109 0.71516755223274242 0.86729559302330028 1.0000000180025095e-35 1.0000000180025095e-35 1.0000000180025095e-35 0.19292803853750232 0.80982521176338207 0.25176055729389196 0.82446312904357921 1.0000000180025095e-35 1.0000000180025095e-35 0.70087718963623058
decision_type=2 2 2 2 2 2 2 2 2 2 2 2 2 2 2 2 2 2 2 2 2 2 2 2 2 2 2 2 2 2
left_child=1 5 25 11 -4 27 23 8 9 -8 -5 17 -13 14 15 -14 26 18 -3 20 22 -21 -20 -7 -24 -2 -17 -1 29 -29
right_child=2 3 4 10 -6 6 7 -9 -10 -11 -12 12 13 -15 -16 16 -18 -19 19 21 -22 -23 24 -25 -26 -27 -28 28 -30 -31
leaf_value=-0.049341003437470374 0.21955844557571638 0.082512980768247035 -0.039969948847539627 -0.046873870269231829 0.11340055070073268 -0.030741649248346797 0.12562404663233781 0.10636253409592256 0.1322977574946399 3.915391224229348 0.23325845709460183 -0.0097590626008887769 0.15274192946614862 0.11758535265803782 0.11531347491889998 2.3883373708782591 1.0823385808600376 0.14447739694178635 0.17073782103345822 0.62460728841686342 2.9900833390560475 0.24581818406084804 0.88269316982800972 0.23772056373643669 2.6385889217541969 0.11889231453817645 4.3838126516376432 0.25104931371539946 0.0013620895085296732 1.7970349282386211
leaf_weight=30302.841234125197 58.595282812602818 19.086447397246957 371.2520866766572 234.87823968939483 321.73609909042716 207.05464154202491 1.7026019152253842 26.972650036215782 11.519911006093025 1.6011223308742044 12.973658811300991 78.682157754898071 1.2295944308862083 608.14378556609154 3.9686938133090734 0.22551018744707096 0.30275328084826469 167.06099653244019 1.1294735595583911 6.8063388522714368 0.29598546680062998 32.17820330709219 0.74995148554444313 9.2114110849797708 0.26029802672564983 6495.422654800117 0.30443875305354595 1.3260148912668221 122.16222262196243 0.75772279500961293
leaf_count=2687492 1314 617 28724 20446 1513 16993 151 111 49 142 349 5616 109 3237 22 20 7 833 98 290 25 293 60 349 22 31329 27 112 7514 64
internal_value=-0.0146786 -0.0433457 0.111324 0.0906491 0.0312359 -0.0484473 0.0259642 0.260211 0.540149 1.9623 -0.0322105 0.123733 0.106208 0.121065 0.471951 1.15827 2.64306 0.177087 0.267124 0.352193 0.996286 0.311951 0.720486 -0.019307 1.33511 0.119792 3.53467 -0.0490784 0.0149779 0.813226
internal_weight=39100.4 31853.4 7247.01 1168.28 692.988 30685.1 258.062 41.7963 14.8236 3.30372 247.852 920.425 692.857 614.175 6.03099 2.0623 0.832702 227.568 60.5067 41.4203 2.43571 38.9845 2.13972 216.266 1.01025 6554.02 0.529949 30427.1 124.246 2.08374
internal_count=2807928 2745048 62880 32071 30237 2712977 17795 453 342 293 20795 11276 9038 3422 185 163 54 2238 1405 788 205 583 180 17342 82 32643 47 2695182 7690 176
is_linear=0
shrinkage=0.05


Tree=2
num_leaves=31
num_cat=0
split_feature=9 0 11 11 1 1 4 10 2 9 4 4 9 2 4 4 8 4 4 11 9 5 4 10 8 9 4 2 5 3
split_gain=51481.5 7648.75 1990.9 1647.37 1567.66 1065.29 361.477 363.94 295.278 388.985 226.194 224.387 194.372 163.697 754.125 164.492 157.557 134.301 128.854 125.732 101.378 157.638 751.003 2407.84 140.049 97.7738 374.878 1019.73 2027.51 2456.21
threshold=0.68013605475425731 0.63333335518836986 1.0000000180025095e-35 1.0000000180025095e-35 0.55403152108192455 0.8841681480407716 0.81661397218704235 1.0000000180025095e-35 0.8410526216030122 0.19456735998392108 0.6291005313396455 0.90366768836975109 0.51628047227859508 0.82446312904357921 0.81661397218704235 0.77032968401908886 0.17295821756124499 0.90366768836975109 0.25176055729389196 1.0000000180025095e-35 0.43379870057106024 1.0000000180025095e-35 0.80982521176338207 1.0000000180025095e-35 0.57212206721305858 0.75249087810516369 0.44327485561370855 0.86729559302330028 1.0000000180025095e-35 0.45035210251808172
decision_type=2 2 2 2 2 2 2 2 2 2 2 2 2 2 2 2 2 2 2 2 2 2 2 2 2 2 2 2 2 2
left_child=1 5 18 8 -4 6 -1 -8 9 11 -10 13 -5 14 15 -3 17 -12 -2 -7 -11 22 23 24 -22 26 -20 28 29 -28
right_child=2 3 4 12 -6 19 7 -9 10 20 16 -13 -14 -15 -16 -17 -18 -19 25 -21 21 -23 -24 -25 -26 -27 27 -29 -30 -31
leaf_value=-0.04933495720890059 0.18036400436190775 0.55009197152259059 -0.045154401252374528 -0.045235259973951877 0.101197039105117 0.11364537447988894 -0.022567162224067572 0.11826130174722592 0.00660706865117192 0.0501597617583045 0.22092493335849631 0.14433525762663041 0.13932772791480358 0.31360839687163544 3.0284726125122314 1.5316629132839519 0.10528170448337058 0.13207045310021417 -0.025862216287645786 -0.020628042101287755 0.06260610394553158 0.13819934741034506 0.13787551116835356 4.2498634038228538 1.3549294685025366 0.10955718658432756 0.14467398470294354 0.11077854597420043 0.12260440027751987 1.1526352656637224
leaf_weight=28957.990514999256 67.919581694528461 4.3171321954578143 381.36811480019242 206.13991040829569 351.73950883373618 112.65919550508261 196.67058331146836 59.833342344500124 46.653200424276292 12.735685838386415 58.28003163728863 3.0387438973411918 15.326028712093828 2.4174120789393783 0.35725374799221743 0.47364408336579789 522.11726421117783 157.32697419822216 33.63487358763814 20.626434722915292 1.3255909569561501 18.466674337163568 6.6864200495183468 0.49995115399360646 0.24902459885925043 6217.1579702151939 11.177157875150444 322.87424018699676 44.720130652189255 13.160041497088967
leaf_count=2692058 1460 225 32703 18643 1884 1093 15737 391 1987 866 707 16 522 45 32 29 4397 740 2708 1764 123 104 39 46 23 26760 874 1309 187 456
internal_value=-0.0145562 -0.04341 0.103298 0.0887711 0.0250639 -0.0481681 -0.0488115 0.0102832 0.120928 0.238035 0.113378 0.507246 -0.032463 0.653014 0.812392 0.647136 0.12013 0.156088 0.111845 0.0928661 0.166601 0.221066 0.395734 1.22682 0.266986 0.111144 0.13433 0.148077 0.322466 0.689717
internal_weight=37847.9 30404.2 7443.75 1056.41 733.108 29347.8 29214.5 256.504 834.945 50.5675 784.377 10.6042 221.466 7.56544 5.14803 4.79078 737.724 215.607 6710.64 133.286 39.9633 27.2277 8.76099 2.07457 1.57462 6642.72 425.566 391.932 69.0573 24.3372
internal_count=2807928 2739587 68341 28544 34587 2711043 2708186 16128 9379 1548 7831 347 19165 331 286 254 5844 1447 33754 2857 1201 335 231 192 146 32294 5534 2826 1517 1330
is_linear=0
shrinkage=0.05


Tree=3
num_leaves=31
num_cat=0
split_feature=9 2 3 9 0 4 8 7 4 7 4 7 12 7 4 8 0 2 5 2 3 8 9 7 9 2 4 5 4 4
split_gain=47114.7 7106.74 1461.94 982.195 601.239 560.766 299.21 300.362 296.271 1185.25 418.093 991.147 243.604 908.848 238.36 214.811 145.877 235.001 820.786 297.189 176.899 148.145 203.033 106.01 100.242 335.644 440.922 1140.45 774.986 822.033
threshold=0.68013605475425731 0.8410526216030122 0.41728855669498449 0.86319074034690868 0.63333335518836986 0.69160839915275585 0.17295821756124499 0.098387096077203764 0.7454303801059724 0.17752101272344592 0.80982521176338207 0.44097222387790685 1.0000000180025095e-35 0.065591398626565947 0.66287881135940563 0.35493414103984838 0.19090909510850909 0.47413024306297308 1.0000000180025095e-35 0.63453349471092235 0.91068580746650707 0.55190372467041027 0.52548557519912731 0.16064515709877017 0.75249087810516369 0.86729559302330028 0.52419984340667736 1.0000000180025095e-35 0.90366768836975109 0.66287881135940563
decision_type=2 2 2 2 2 2 2 2 2 2 2 2 2 2 2 2 2 2 2 2 2 2 2 2 2 2 2 2 2 2
left_child=1 4 3 14 8 23 -6 -8 -1 -10 11 15 -7 -14 -2 -11 17 -17 19 -19 -18 22 -22 -3 25 26 -4 28 29 -28
right_child=2 5 24 -5 6 12 7 -9 9 10 -12 -13 13 -15 -16 16 20 18 -20 -21 21 -23 -24 -25 -26 -27 27 -29 -30 -31
leaf_value=-0.049555275518664697 -0.027094990188446012 -0.028477437715300369 0.00034856297293347588 0.10836229551680268 0.23603609934128508 0.13488373708380402 -0.045464431723255275 0.12021631922413463 -0.037886505330776879 1.6648500896901741 0.12718332912189892 3.5861434161394521 -0.031288811019212388 0.10624222407533719 0.13877299142502181 0.16354880126184926 0.070741150703148251 1.4358478716063781 0.16322558963973391 3.4153920287295243 0.52120458797051661 0.23622342502272875 1.9727526539814919 0.066044008997665299 0.1026476465951402 0.10483758172839192 0.29899015490775399 0.11538872060017158 0.063426191220028211 0.94752846231650301
leaf_weight=27143.11607829202 407.777612676844 128.06626153271645 19.268276635557413 237.5276254909113 20.088262325152755 252.97405369579792 63.078240098431706 48.302914236672223 583.50678534712642 0.32062867563217601 52.893794451840222 0.24747910909354764 151.15047825779766 585.2038487996906 22.874498675577343 1.6041233725845798 5.3601847412064672 0.47094582393765461 1.2212491231039166 0.31737653352320194 0.68807893712073587 1.3258706321939824 0.37068546190857887 38.605788065120578 6397.7732008192688 343.81935750599951 8.2774795508012229 44.922024324536324 6.7625525742769232 11.925405999645589
leaf_count=2649001 34033 10071 1612 3233 361 1605 5685 934 53123 31 600 24 12675 4235 435 135 523 46 7 31 45 64 36 355 26571 1398 448 185 33 393
internal_value=-0.0144033 -0.0432234 0.0973239 0.0267363 -0.0482528 0.0782602 0.0584207 0.0263867 -0.0487574 -0.0153539 0.187482 0.454902 0.0925538 0.0780114 -0.0182848 0.388552 0.352524 0.614845 0.975089 2.23281 0.230126 0.588393 1.02941 -0.0065837 0.104227 0.127453 0.212753 0.269685 0.526729 0.681811
internal_weight=36579.8 29078.9 7500.93 668.18 27922.9 1156 131.469 111.381 27791.4 648.327 64.8204 11.9266 989.328 736.354 430.652 11.6791 11.3585 3.61369 2.00957 0.788322 7.74482 2.38464 1.05876 166.672 6832.75 434.975 91.1557 71.8875 26.9654 20.2029
internal_count=2807928 2739587 68341 37701 2710646 28941 6980 6619 2703666 54665 1542 942 18515 16910 34468 918 887 219 84 77 668 145 81 10426 30640 4069 2671 1059 874 841
is_linear=0
shrinkage=0.05


Tree=4
num_leaves=31
num_cat=0
split_feature=9 2 4 10 4 0 4 10 10 9 7 12 8 7 2 4 7 2 9 8 7 10 1 9 4 7 2 1 8 1
split_gain=43262.8 6877.61 1005.22 1030.05 539.355 532.518 280.741 810.435 279.775 227.611 225.455 195.426 183.952 255.974 183.489 146.296 249.377 145.072 138.299 125.122 660.361 139.51 105.47 100.622 164.69 91.8791 90.1077 85.4313 83.0933 77.9506
threshold=0.69056183099746715 0.82842725515365612 0.44327485561370855 1.0000000180025095e-35 0.77032968401908886 0.63333335518836986 0.7454303801059724 1.0000000180025095e-35 1.0000000180025095e-35 0.90377491712570202 0.24499999731779101 1.0000000180025095e-35 0.17295821756124499 0.065591398626565947 0.57932874560356151 0.80982521176338207 0.098387096077203764 0.77485185861587536 0.44838035106658941 0.17295821756124499 0.061553031206130988 1.0000000180025095e-35 0.51471862196922313 0.94166260957717907 0.25176055729389196 0.14039409160614016 0.23940297961235049 0.82807883620262157 1.0000000180025095e-35 1.0000000180025095e-35
decision_type=2 2 2 2 2 2 2 2 2 2 2 2 2 2 2 2 2 2 2 2 2 2 2 2 2 2 2 2 2 2
left_child=1 5 3 9 8 6 -1 10 11 -2 28 27 -7 -14 -11 16 -9 -12 -18 -6 21 -21 -20 24 26 -13 -5 -3 -8 -26
right_child=2 4 -4 23 19 12 7 15 -10 14 17 25 13 -15 -16 -17 18 -19 22 20 -22 -23 -24 -25 29 -27 -28 -29 -30 -31
leaf_value=-0.049446390410272767 -0.044430935589873786 0.58417375929682414 0.097671701901951069 0.40379741206931974 0.12079612525493078 0.19637945648076999 0.033508122223730889 -0.0049103537983342486 0.098270800511181422 0.10276623979091276 0.11403380654484646 -0.048966073387653693 -0.047579275951874646 0.10867231892636414 1.1099472656975982 0.095470820030387177 0.9309634323548619 0.74782561936796665 0.73174977369929195 -0.04954839665122035 0.10192488409131897 0.13179491614732483 0.27508767899991426 0.095920800201358014 0.59719755428438315 0.042383495533358392 0.16756240432205305 0.081157549496035597 -0.047719446175620676 0.11203917496384848
leaf_weight=25899.794885337353 281.51431259792298 0.86459114030003448 6972.7044146833941 10.179836552590134 257.62710499763489 19.433555983006954 33.577053600922227 6.1344556771218803 74.976149103604257 21.01370207127184 13.764344701543447 158.99615003820509 53.549273875541985 51.341794482432306 0.46215032692998548 62.398664026521146 1.0607870630919922 0.96626173146069128 1.4510077601298679 101.0753533616662 564.96284612547606 11.849101818166671 9.8310031443834287 100.58371315896511 0.84657180309295554 33.289174896664917 6.6889167614281169 35.613095687702298 505.23809191770852 37.592675592750311
leaf_count=2652830 26130 38 33620 261 1489 322 2335 554 401 1129 497 15195 5097 1022 13 397 53 32 46 9647 3753 77 93 436 26 686 163 785 49699 1102
internal_value=-0.0142479 -0.0428051 0.0929542 0.0212722 0.0723391 -0.0481577 -0.0486415 -0.0157806 0.0144493 -0.0324614 -0.0373815 -0.0130229 0.0550812 0.0289023 0.12444 0.132065 0.255644 0.155608 0.385141 0.0911345 0.0798618 -0.0305201 0.33382 0.125708 0.17988 -0.0331513 0.310124 0.09308 -0.0426576 0.122724
internal_weight=35329.4 27897.8 7431.59 458.882 1239.25 26658.5 26534.2 634.422 303.739 302.99 553.546 228.763 124.325 104.891 21.4759 80.8759 18.4773 14.7306 12.3428 935.514 677.887 112.924 11.282 155.892 55.308 192.285 16.8688 36.4777 538.815 38.4392
internal_count=2807928 2745048 62880 29260 32071 2712977 2706536 53706 17105 27272 52563 16704 6441 6119 1142 1143 746 529 192 14966 13477 9724 139 1988 1552 15881 424 823 52034 1128
is_linear=0
shrinkage=0.05


Tree=5
num_leaves=31
num_cat=0
split_feature=9 2 3 9 4 0 4 7 7 4 12 9 7 8 7 8 3 8 9 4 7 1 0 8 4 9 4 1 9 4
split_gain=39911.2 5970.46 1522.82 833.174 469.875 444.866 243.931 821.29 197.69 196.402 180.317 145.339 204.845 98.2417 574.794 73.9888 80.7464 69.7193 67.8478 64.5948 215.536 106.916 163.137 57.8955 57.8868 69.6323 55.7964 54.0095 53.7645 148.728
threshold=0.66828480362892162 0.82842725515365612 0.41421362757682806 0.86319074034690868 0.77032968401908886 0.63333335518836986 0.72834226489067089 0.17752101272344592 0.14039409160614016 0.67962265014648449 1.0000000180025095e-35 0.19456735998392108 0.065591398626565947 0.17295821756124499 0.061553031206130988 1.0000000180025095e-35 0.91068580746650707 0.56536731123924266 0.7807200849056245 0.74133810400962841 0.29705883562564855 0.81892696022987377 0.23611111193895343 0.52124434709548961 0.21132376790046695 0.94166260957717907 0.90366768836975109 0.69309264421463024 0.75249087810516369 0.43534001708030706
decision_type=2 2 2 2 2 2 2 2 2 2 2 2 2 2 2 2 2 2 2 2 2 2 2 2 2 2 2 2 2 2
left_child=1 5 3 9 8 6 -1 15 10 18 27 -7 -13 26 23 16 -8 -17 -2 20 -9 22 -22 -15 25 -5 -6 -3 29 -4
right_child=2 4 28 24 13 11 7 19 -10 -11 -12 12 -14 14 -16 17 -18 -19 -20 -21 21 -23 -24 -25 -26 -27 -28 -29 -30 -31
leaf_value=-0.049547437727614115 -0.038529781172748002 0.47530708458527143 -0.041716543632848685 0.28859416055328835 0.14962687467728727 0.16242930733065616 -0.011819390127088134 0.11477074258388947 0.075347250134757224 0.12559479399854931 -0.037337700527172002 -0.04832815877064308 0.096351876577660672 -0.036824723140562683 0.095988377887574305 -0.044699909275177072 0.15663426573221806 0.12569912120022705 0.0093688280891902117 0.1189991442986736 2.1587077230657905 0.12411773110227314 0.56455805128484748 0.18664373989863109 0.080953525240544569 0.11526000019038928 0.096930829841540375 0.072834793873587947 0.092893431772428869 0.11485483067463176
leaf_weight=24412.868468215689 355.5258073406294 0.85198472253978152 15.658925848081706 7.1452904315665355 66.931383512914181 22.43982888944447 30.974457757547498 2.7232402432709928 86.391668985597789 21.656277367845178 167.53630242869258 50.790890341624618 47.201345220208168 105.51135037373751 512.9733445039019 628.45053675211966 9.2347211251035315 6.0607557501643887 93.342033040709794 78.579821539111435 0.31685925181955088 0.24529748503118753 0.32518662046641111 2.9802282694727174 215.88059516437352 30.63862173166126 201.3486759616062 38.551086543127894 6382.2274002870545 483.09414309170097
leaf_count=2625532 34265 24 1536 208 627 353 2530 293 892 329 15349 5066 987 9690 3529 64299 407 287 5348 1576 34 2 35 33 2833 181 862 799 26618 3404
internal_value=-0.0140843 -0.0430863 0.0868706 0.017904 0.0666979 -0.048222 -0.0486807 -0.0207263 0.0118186 -0.0214737 -0.0147029 0.0476467 0.021362 0.0847905 0.0738743 -0.0389042 0.0268689 -0.0430723 -0.0285693 0.128501 0.335289 1.01205 1.35129 -0.0306861 0.0909461 0.148039 0.110078 0.0815372 0.0941289 0.109939
internal_weight=34078.5 26473.3 7605.17 724.189 1183.08 25290.2 25169.8 756.911 293.331 470.524 206.939 120.432 97.9922 889.745 621.465 674.72 40.2092 634.511 448.868 82.1904 3.61058 0.887343 0.642046 108.492 253.665 37.7839 268.28 39.4031 6880.98 498.753
internal_count=2807928 2733206 74722 43164 31805 2701401 2694995 69463 17064 39942 16172 6406 6053 14741 13252 67523 2937 64586 39613 1940 364 71 69 9723 3222 389 1489 823 31558 4940
is_linear=0
shrinkage=0.05


Tree=6
num_leaves=31
num_cat=0
split_feature=9 2 3 10 4 0 4 10 7 7 10 7 8 10 8 7 7 4 4 4 8 3 2 3 8 0 5 1 7 10
split_gain=36941.8 5598.78 1392.62 1151.09 424.329 421.162 242.046 748.331 237.529 183.396 133.87 116.693 617.123 201.244 111.88 189.123 104.874 227.202 112.286 81.9681 79.5107 76.5338 68.9678 64.3084 61.1609 60.5838 107.413 135.505 53.8345 862.201
threshold=0.66828480362892162 0.82842725515365612 0.43534001708030706 1.0000000180025095e-35 0.70659971237182628 0.63333335518836986 0.72834226489067089 1.0000000180025095e-35 0.67708334326744091 0.26794873178005224 1.0000000180025095e-35 0.098387096077203764 0.23278392851352694 1.0000000180025095e-35 1.0000000180025095e-35 0.065591398626565947 0.075498577207326903 0.80982521176338207 0.7454303801059724 0.67962265014648449 1.0000000180025095e-35 0.6291005313396455 0.70320320129394542 0.91068580746650707 1.0000000180025095e-35 0.19090909510850909 1.0000000180025095e-35 0.63702240586280834 0.36939570307731634 1.0000000180025095e-35
decision_type=2 2 2 2 2 2 2 2 2 2 2 2 2 2 2 2 2 2 2 2 2 2 2 2 2 2 2 2 2 2
left_child=1 5 3 8 10 6 28 9 19 20 24 12 -6 -14 -7 -16 -9 18 21 -2 23 -18 -11 -8 -3 -20 27 -27 -1 -30
right_child=2 4 -4 -5 11 14 7 16 -10 22 -12 -13 13 -15 15 -17 17 -19 25 -21 -22 -23 -24 -25 -26 26 -28 -29 29 -31
leaf_value=-0.049689593962007998 -0.044620907092918251 0.046690084050905294 0.09030548232259572 0.097990947862439073 0.099744724559912123 0.14133617711615168 -0.011349605970073369 -0.017684226398604341 0.074165817127644293 0.08437898694571476 0.080985378737181007 0.09215969901661443 -0.047114793554436527 0.10228873931952634 -0.048193915847672519 0.090909107277124507 0.4506207146034944 0.091346461235620499 0.18678044232524227 0.097054328448385907 -0.047057481958592523 1.1245600479149069 0.36073124198488404 0.13308926947308705 -0.039464965037444844 0.37165537873711635 0.10942824088316885 1.1200501343366127 -0.044655388942830748 0.51272597282139076
leaf_weight=23074.863729870878 412.91896365489811 24.507650694809854 6791.343425616622 286.77225335221738 303.20295847579837 24.015656013041735 30.65213305875659 11.920402180403469 49.95223946403712 11.428050191141663 36.340497941710055 533.27922895736992 132.52530423458666 27.158266857266426 49.202884115278721 48.541199759580195 1.4760128250345617 54.398436520248652 11.116114292293785 10.468144562095402 597.90816711448133 0.58951053023338307 2.8134874086827031 10.294236849062143 129.16939349286258 2.0828694319352503 1.9391453415155409 0.85233276896178711 172.16206507198513 7.2295000283047548
leaf_count=2605402 39392 588 30378 3155 2145 302 2530 1046 1530 362 224 3471 13487 152 5115 989 82 232 145 267 64450 24 101 407 11738 43 8 33 19435 695
internal_value=-0.013928 -0.0428956 0.0831221 0.0189406 0.0631551 -0.0481124 -0.0485831 -0.0203819 -0.0289519 -0.0384854 -0.00531715 0.0762161 0.0578478 -0.0217049 0.044644 0.0208868 0.119747 0.142357 0.29604 -0.041118 -0.0424414 0.642966 0.138974 0.0249635 -0.0257254 0.251227 0.398199 0.588976 -0.0494775 -0.0221929
internal_weight=32851.1 25299.7 7551.46 760.112 1186.18 24113.5 23991.7 737.471 473.339 653.096 190.018 996.166 462.887 159.684 121.76 97.7441 84.3748 72.4544 18.056 423.387 638.855 2.06552 14.2415 40.9464 153.677 15.9905 4.87435 2.9352 23254.3 179.392
internal_count=2807928 2733206 74722 44344 31805 2701401 2694995 69463 41189 67850 12550 19255 15784 13639 6406 6104 1613 567 335 39659 67387 106 463 2937 12326 229 84 76 2625532 20130
is_linear=0
shrinkage=0.05


Tree=7
num_leaves=31
num_cat=0
split_feature=9 2 11 3 11 0 11 7 1 7 10 1 2 11 1 1 3 9 5 11 9 3 7 11 9 5 9 0 10 9
split_gain=34283.8 5263.3 1521.36 1126.68 868.223 399.6 245.192 211.057 179.091 134.898 576.949 129.23 127.748 136.653 90.6678 78.9143 74.2147 77.2255 62.3995 110.832 57.728 52.8509 52.5724 51.8505 44.2811 123.533 68.1823 42.5481 638.597 194.303
threshold=0.66828480362892162 0.82842725515365612 1.0000000180025095e-35 0.79655173420906078 1.0000000180025095e-35 0.63333335518836986 1.0000000180025095e-35 0.19292803853750232 0.90399384498596203 0.3514705896377564 1.0000000180025095e-35 0.32305502891540533 0.69028213620185863 1.0000000180025095e-35 0.60660174489021312 0.73765182495117199 0.41728855669498449 0.60169798135757457 1.0000000180025095e-35 1.0000000180025095e-35 0.63069993257522594 0.79655173420906078 0.061553031206130988 1.0000000180025095e-35 0.55188018083572399 1.0000000180025095e-35 0.50641131401062023 0.46428571641445165 1.0000000180025095e-35 0.50806662440299999
decision_type=2 2 2 2 2 2 2 2 2 2 2 2 2 2 2 2 2 2 2 2 2 2 2 2 2 2 2 2 2 2
left_child=1 5 -2 15 -3 8 -7 -6 9 18 12 -12 21 -14 16 -4 -13 -18 27 22 -19 -11 -20 -23 25 -9 -27 -1 -29 -30
right_child=2 4 3 -5 7 6 -8 24 -10 10 11 14 13 -15 -16 -17 17 20 19 -21 -22 23 -24 -25 -26 26 -28 28 29 -31
leaf_value=-0.049571546033128078 0.087370997059103339 0.080001862512918145 -0.046048190507308205 0.080960084973223143 -0.04674157517068387 0.10053351845406532 -0.043326547879508764 0.074324138808695303 0.10016925228340426 -0.046213311710190226 0.045007935896449205 0.23821613033175046 0.91371916969315581 0.035461849121572651 0.19083344740903274 0.087863338549203335 0.86165110812037882 0.22318635050123251 -0.0027342055336797289 -0.04967493723911634 0.68626989804572502 0.42643028630118629 0.13055106989569615 -0.055959855544695396 0.080319706485953782 0.29402785169495432 0.85971500244961829 -0.044410245417183525 0.16216239208067812 0.5423167437501385
leaf_weight=21760.218694281764 6720.9403828019276 973.6661115558818 406.05141383875161 332.39994788914919 193.00834430195391 72.768474854528904 49.949448650702834 3.5703615760430685 20.242027469910681 192.0533151384443 8.2318641562014836 3.2470535207539823 0.71705872099846479 1.1584748681634665 10.749576427973805 11.308079382404683 1.3882473418489096 1.7046945774927738 13.342859815806152 51.775099648162723 1.111984686926007 1.1781554864719501 16.60597893036902 1.0566582940518856 10.101771730929611 1.1570019423961642 0.98713878355920304 766.71457008179277 12.248741591349246 4.6324723195284596
leaf_count=2574481 34971 11036 38092 1586 20442 1420 4986 120 364 22383 596 214 29 96 67 73 39 20 782 5479 29 28 182 86 143 37 27 89503 529 88
internal_value=-0.0137826 -0.0427145 0.0798348 0.0122796 0.0601604 -0.0480056 0.0419787 -0.0323522 -0.0484885 -0.0486202 -0.0098866 0.2094 -0.0394358 0.371239 0.283748 -0.0424199 0.417778 0.556436 -0.0490012 -0.00538984 0.406005 -0.0434002 0.0711696 0.198348 0.143244 0.254478 0.554464 -0.0491593 -0.0377126 0.266483
internal_weight=31644.3 24173.6 7470.7 749.759 1182.49 22991.1 122.718 208.825 22868.4 22848.1 222.597 26.4334 196.164 1.87553 18.2016 417.359 7.45198 4.20493 22625.5 81.7239 2.81668 194.288 29.9488 2.23481 15.8163 5.7145 2.14414 22543.8 783.596 16.8812
internal_count=2807928 2733206 74722 39751 31805 2701401 6406 20769 2694995 2694631 23587 965 22622 125 369 38165 302 88 2671044 6443 49 22497 964 114 327 184 64 2664601 90120 617
is_linear=0
shrinkage=0.05


Tree=8
num_leaves=31
num_cat=0
split_feature=9 2 11 3 11 0 4 7 11 11 7 4 4 4 8 8 7 4 11 7 3 11 4 5 6 2 4 0 4 11
split_gain=31876.8 4948.77 1368.04 1034.85 772.923 379.893 238.141 609.095 250.173 214.278 179.35 163.467 89.2534 81.3246 72.4398 66.5578 55.2449 487.33 369.025 349.022 192.824 176.669 116.121 91.5575 55.013 107.157 55.0358 64.628 74.856 43.2688
threshold=0.66828480362892162 0.82842725515365612 1.0000000180025095e-35 0.79655173420906078 1.0000000180025095e-35 0.63333335518836986 0.72834226489067089 0.16064515709877017 1.0000000180025095e-35 1.0000000180025095e-35 0.19292803853750232 0.6832355558872224 0.79205974936485302 0.81661397218704235 1.0000000180025095e-35 0.56536731123924266 0.36939570307731634 0.64326766133308422 1.0000000180025095e-35 0.4220647811889649 0.99056604504585277 1.0000000180025095e-35 0.6832355558872224 1.0000000180025095e-35 1.0000000180025095e-35 0.76533168554306041 0.91734972596168529 0.46428571641445165 0.79205974936485302 1.0000000180025095e-35
decision_type=2 2 2 2 2 2 2 2 2 2 2 2 2 2 2 2 2 2 2 2 2 2 2 2 2 2 2 2 2 2
left_child=1 5 -2 12 11 6 16 14 13 -7 -6 -3 -4 -9 24 -16 -1 20 19 23 29 -22 -21 -19 -8 -26 27 28 -27 -18
right_child=2 4 3 -5 10 9 7 8 -10 -11 -12 -13 -14 -15 15 -17 17 18 -20 22 21 -23 -24 -25 25 26 -28 -29 -30 -31
leaf_value=-0.049569986305841002 0.084048726985571379 0.012769963204377809 -0.045613692726388926 0.077600661581276445 -0.046536707072164112 0.092336609356362995 -0.016640810798049407 0.2130391353472223 -0.035525247216907696 -0.042955845036808889 0.1199026522996261 0.082102973917598771 0.11199789743669784 0.1030331240034052 -0.044941687336390104 0.13774783736618293 0.016570576861516823 0.8808142772251264 -0.050413629005326192 1.2388293264723904 1.400575991809851 -0.050418847195552875 2.4597660979747444 0.095470162905142819 0.05544599700662145 0.39835676241384477 0.097972796440320017 0.31589958406918434 1.6067539071881862 -0.049676651080835799
leaf_weight=20936.312395961024 6639.3045252729207 94.031409608200192 391.72161219082773 329.52152407448739 184.38332076836377 75.200527630746365 26.038850961253047 27.166542488150299 26.270289438776672 47.91317555680871 17.74313342012465 886.5113869747147 9.1931257275864464 44.031291391700506 546.0374450981617 5.0314749693498007 30.099136161617935 0.75120339356362753 1.5860760146752002 0.42639714293181885 0.44770533498376508 0.39475367218255997 0.35845849569886923 0.73348718881607056 12.359485852532087 0.22279954701661953 0.59691718220710743 0.54485029168426991 0.30170454271137714 136.09287342708558
leaf_count=2605402 34971 3631 38114 1586 20442 1420 2035 518 1610 4986 327 7405 51 291 63874 233 2950 52 195 26 22 48 22 3 802 24 3 42 31 16812
internal_value=-0.01364 -0.0425247 0.0769034 0.0119556 0.0571021 -0.0479002 -0.0483949 -0.0194593 0.096349 0.0396837 -0.0319263 0.0754541 -0.0419996 0.145007 -0.0385542 -0.0432737 -0.0493389 -0.0210255 0.534724 0.943649 -0.0338537 0.720679 1.79645 0.492828 0.0263598 0.106191 0.482585 0.697277 1.09345 -0.0376786
internal_weight=30471.3 23101.6 7369.74 730.436 1182.67 21918.9 21795.8 688.602 97.4681 123.114 202.126 980.543 400.915 71.1978 591.134 551.069 21107.2 170.89 3.85562 2.26955 167.034 0.842459 0.784856 1.48469 40.0646 14.0258 1.66627 1.06935 0.524504 166.192
internal_count=2807928 2733206 74722 39751 31805 2701401 2694995 69463 2419 6406 20769 11036 38165 809 67044 64107 2625532 20130 298 103 19832 70 48 55 2937 902 100 97 55 19762
is_linear=0
shrinkage=0.05


Tree=9
num_leaves=31
num_cat=0
split_feature=7 2 3 10 11 0 7 11 11 3 4 4 10 8 11 4 8 10 1 4 4 8 7 4 10 3 1 1 4 1
split_gain=27230.4 4133.98 4109.95 1320.65 696.865 331.703 243.467 193.624 169.311 319.086 167.917 151.771 155.18 101.471 95.5595 95.3665 73.3799 121.831 73.3457 67.7064 85.68 62.5584 60.4793 57.6227 56.6489 63.0096 47.3651 46.4243 45.2071 44.112
threshold=0.2788888961076737 0.82842725515365612 0.4403389841318131 1.0000000180025095e-35 1.0000000180025095e-35 0.63333335518836986 0.67708334326744091 1.0000000180025095e-35 1.0000000180025095e-35 0.79655173420906078 0.6832355558872224 0.80982521176338207 1.0000000180025095e-35 0.51628047227859508 1.0000000180025095e-35 0.67962265014648449 0.6975214183330537 1.0000000180025095e-35 0.53427231311798107 0.57932874560356151 0.25176055729389196 0.49593387544155126 0.56696429848670971 0.69732204079628002 1.0000000180025095e-35 0.99056604504585277 0.70678734779357921 0.73765182495117199 0.49205549061298376 0.37884436547756201
decision_type=2 2 2 2 2 2 2 2 2 2 2 2 2 2 2 2 2 2 2 2 2 2 2 2 2 2 2 2 2 2
left_child=1 5 3 6 10 11 15 -7 18 27 26 16 -13 -6 28 -2 -1 -18 22 20 -5 -21 24 -16 25 -4 -3 -10 -8 -26
right_child=2 4 8 19 13 7 14 -9 9 -11 -12 12 -14 -15 23 -17 17 -19 -20 21 -22 -23 -24 -25 29 -27 -28 -29 -30 -31
leaf_value=-0.049386847557418539 -0.047701257137709979 0.12107439376674972 0.017872343327040293 0.098467970899864907 -0.044826366340792692 0.085422307431362809 0.23098871640938931 -0.045960063398115585 -0.041105705963356269 0.074111638041913092 0.077646043466674433 -0.029029367954220005 0.076433082013942971 0.086473085623810952 -0.029052111328228672 0.079231416455781536 -0.030600059667820589 0.17901333981032297 0.081958424254133022 0.32709779056613464 0.033749099090909271 0.096521043421904998 0.097261123361606472 0.61125794222015639 0.34602677117647246 0.30383391253269565 -0.0094979342018088973 0.066491089110149545 0.088305219260093118 0.17051703722088582
leaf_weight=19810.260587995872 999.21986217750236 7.658309710212051 10.823608834296463 77.662321240175515 177.67901462968439 73.135129727423191 7.3127265758812454 45.483165537007153 86.58704505674541 330.53899451624602 806.53205358982086 158.57131938729435 44.716399032622576 16.043606765568256 19.825075995177034 15.019955958239732 28.407179887872189 9.1696506445296091 5966.8782782102935 3.0179633260704568 149.74442650703713 116.37306601461023 222.61623304244131 0.35770027339458366 4.0123068182729176 2.3433987898752084 74.608319487422705 11.337734276894478 23.047770451754332 33.234576720744371
leaf_count=2582542 121018 161 741 1407 20257 1392 143 4957 6683 2234 7058 16654 331 426 1287 573 3120 162 26048 75 4790 734 1013 8 83 46 3418 159 102 306
internal_value=-0.0135074 -0.0432122 0.0646234 -0.0128836 0.0519761 -0.048321 -0.0404842 0.0350449 0.0810303 0.050626 0.0707051 -0.0488142 -0.00583121 -0.0339525 0.0666178 -0.0458215 -0.0492544 0.0205507 0.083118 0.0718592 0.0558514 0.10235 0.10846 -0.0177039 0.15791 0.0687664 0.00265722 -0.0286481 0.122672 0.189423
internal_weight=29332.2 21252.3 8079.95 1411.58 1082.52 20169.7 1064.78 118.618 6668.37 428.464 888.799 20051.1 203.288 193.723 50.5433 1014.24 19847.8 37.5768 6239.91 346.798 227.407 119.391 273.03 20.1828 50.4139 13.167 82.2666 97.9248 30.3605 37.2469
internal_count=2807928 2640478 167450 130137 31320 2609158 123131 6349 37313 9076 10637 2602809 16985 20683 1540 121591 2585824 3282 28237 7006 6197 809 2189 1295 1176 787 3579 6842 245 389
is_linear=0
shrinkage=0.05


Tree=10
num_leaves=31
num_cat=0
split_feature=9 2 11 3 11 0 11 1 7 7 10 3 11 1 1 3 9 10 9 2 5 10 1 5 11 10 8 7 8 7
split_gain=27719.1 4399.1 1127.5 879.709 644.92 328.169 157.525 157.09 152.406 125.801 367.701 80.6676 77.2917 67.6443 66.0391 64.54 117.372 85.3436 79.2902 255.594 233.032 236.49 62.8955 62.3422 99.3585 56.8311 112.241 243.296 47.8526 45.3942
threshold=0.66828480362892162 0.82446312904357921 1.0000000180025095e-35 0.77485185861587536 1.0000000180025095e-35 0.63333335518836986 1.0000000180025095e-35 0.90399384498596203 0.19292803853750232 0.3514705896377564 1.0000000180025095e-35 0.52240803837776195 1.0000000180025095e-35 0.35043859481811529 0.68801230192184459 0.41421362757682806 0.7807200849056245 1.0000000180025095e-35 0.75249087810516369 0.86729559302330028 1.0000000180025095e-35 1.0000000180025095e-35 0.59299960732460033 1.0000000180025095e-35 1.0000000180025095e-35 1.0000000180025095e-35 1.0000000180025095e-35 0.075498577207326903 0.73186674714088451 0.17752101272344592
decision_type=2 2 2 2 2 2 2 2 2 2 2 2 2 2 2 2 2 2 2 2 2 2 2 2 2 2 2 2 2 2
left_child=1 5 15 14 25 7 -7 9 -6 23 11 -11 -13 -12 -4 16 17 -2 19 20 21 22 -17 29 -25 26 -3 -28 -19 -1
right_child=2 4 3 -5 8 6 -8 -9 -10 10 13 12 -14 -15 -16 18 -18 28 -20 -21 -22 -23 -24 24 -26 -27 27 -29 -30 -31
leaf_value=-0.049658304400187231 -0.031405833872079687 0.073574167073686178 -0.045926396800810253 0.071538231946585235 -0.046286887963791726 0.077474590160504661 -0.042000365198895238 0.092696621129585238 0.101588286089024 -0.048298378702298229 0.04298280949037208 0.2136064702793474 -0.0323967011523556 0.19252866119209244 0.05844635784078437 -0.002447574238123881 0.073951963867183487 0.027125236413509082 0.07824070208516215 0.078544011385720702 0.084243824627663361 0.3061354202798503 0.17441110318716832 0.069588120973124529 -0.049444403953626377 0.080876250263247712 -0.048469628662702352 0.070480828798376319 0.14553649872205709 -0.040925750722122775
leaf_weight=17874.452642726246 53.418888141401112 345.17093320004642 352.72038520034403 323.55475446302444 175.23343232506886 77.083459899760783 42.967349804006517 19.761709832586348 19.348035536706448 162.95837361738086 11.46897328365594 5.963275680318473 6.8729769769124687 22.196229486726224 15.835811000317333 9.0525831449776906 305.07431806344539 25.877041583880782 5589.6499375998974 325.13084981963038 46.476866379380226 38.862027222290635 11.304399160668252 28.819872793741524 44.757590730674565 459.25990124419332 69.542630396317691 112.57583307148889 12.729251178912817 1623.3457289715298
leaf_count=2446956 4161 2278 37995 1623 21255 1375 4851 364 334 21816 682 153 651 283 133 326 2360 1185 24455 1423 196 384 125 962 5466 2105 5850 1129 356 216696
internal_value=-0.0133778 -0.042146 0.0720071 0.0113752 0.0516091 -0.0477049 0.0347133 -0.0482046 -0.0315831 -0.0483454 -0.00980194 -0.0387924 0.0818878 0.141582 -0.0414418 0.078546 0.0590222 0.00952812 0.0798337 0.100502 0.168047 0.233818 0.0957635 -0.0487579 -0.00282004 0.0680175 0.0568177 0.0250591 0.0661677 -0.0489313
internal_weight=28211.5 21101.8 7109.69 692.111 1181.13 19920.6 120.051 19800.6 194.581 19780.8 209.46 175.795 12.8363 33.6652 368.556 6417.58 397.099 92.0252 6020.48 430.827 105.696 59.219 20.357 19571.4 73.5775 986.549 527.289 182.118 38.6063 19497.8
internal_count=2807928 2733206 74722 39751 32951 2700255 6226 2694029 21589 2693665 23585 22620 804 965 38128 34971 8062 5702 26909 2454 1031 835 451 2670080 6428 11362 9257 6979 1541 2663652
is_linear=0
shrinkage=0.05


Tree=11
num_leaves=31
num_cat=0
split_feature=9 2 11 1 11 0 1 7 11 7 10 1 1 11 7 1 8 10 8 7 0 8 1 9 9 2 5 10 7 10
split_gain=25884 4155.9 1028.18 803.76 640.336 296.027 146.936 137.556 134.178 119.478 563.535 166.791 79.0406 130.971 75.0401 75.4911 106.51 64.5892 102.964 233.285 57.526 52.4146 46.4255 119.074 58.0652 151.153 109.963 226.994 75.2629 51.5364
threshold=0.66828480362892162 0.8155706822872163 1.0000000180025095e-35 0.62418830394744884 1.0000000180025095e-35 0.63333335518836986 0.90399384498596203 0.21980676054954532 1.0000000180025095e-35 0.29705883562564855 1.0000000180025095e-35 0.35948719084262853 0.48934240639209753 1.0000000180025095e-35 0.31009615957736975 0.68614074587821972 0.50641131401062023 1.0000000180025095e-35 1.0000000180025095e-35 0.075498577207326903 0.46428571641445165 0.80365484952926647 0.35948719084262853 0.75249087810516369 0.75249087810516369 0.86729559302330028 1.0000000180025095e-35 1.0000000180025095e-35 0.45227272808551794 1.0000000180025095e-35
decision_type=2 2 2 2 2 2 2 2 2 2 2 2 2 2 2 2 2 2 2 2 2 2 2 2 2 2 2 2 2 2
left_child=1 5 22 20 17 6 9 -6 -7 21 12 -12 -11 -14 15 16 -13 18 -3 -20 -4 -1 23 29 25 26 27 28 -24 -2
right_child=2 4 3 -5 7 8 -8 -9 -10 10 11 14 13 -15 -16 -17 -18 -19 19 -21 -22 -23 24 -25 -26 -27 -28 -29 -30 -31
leaf_value=-0.048965422272778281 -0.039156056542207704 0.068805857112943486 -0.046116474100209734 0.066687960750548905 -0.045034685670385495 0.07407736655635612 0.088077103082291289 0.10340621415833798 -0.041063129181778291 -0.047867604063359825 0.025546541612728936 1.331405561273878 0.18640386172310189 -0.043345970639596082 0.17564957076063431 0.13887173734896241 0.42598637697365932 0.078658054411701081 -0.048465736238146415 0.067305029763434096 0.076886636296498223 0.82610511965778244 0.012721688275956303 0.072164527813842069 0.075756148516710337 0.076457605776441992 0.08149286283578637 0.24544669629156021 0.19305411136683095 0.053629125904616985
leaf_weight=18316.377227541525 39.096767652779818 355.64148267731071 332.6040510032326 330.74612471647561 186.10724797239527 72.158935575746 19.775135678239167 17.035326778423041 38.966281078290194 435.49107378721237 23.942913671489805 0.43322369456291498 9.7810650253668445 16.957055990118533 29.011329058557749 1.2186810802668331 1.2979856524616478 456.56982816942036 70.776128052733839 112.96775461779907 9.7850847123190743 0.17112377099692722 19.659943466074768 284.40172154549509 5506.7031977595761 317.49602013267577 46.573129907250404 47.667282525449991 8.1988542955368739 24.247182838618755
leaf_count=2624432 3203 2429 37937 1744 23417 1288 361 274 4581 61544 2171 35 397 1883 547 7 53 2142 6434 1190 70 21 788 2668 24810 1423 200 525 188 1166
internal_value=-0.0132509 -0.0419573 0.0698322 0.0110982 0.0483167 -0.0476649 -0.0481444 -0.0325866 0.0337031 -0.0482875 -0.02461 0.12533 -0.0427444 0.0406988 0.20008 0.440342 0.652562 0.0648184 0.0531036 0.0227114 -0.0426012 -0.0489572 0.0761137 0.0583564 0.0771521 0.0946395 0.141918 0.179179 0.0657936 -0.00363918
internal_weight=27131.9 20164.7 6967.18 673.135 1199.1 18965.6 18854.5 203.143 111.125 18834.7 518.133 55.9041 462.229 26.7381 31.9612 2.94989 1.73121 995.955 539.385 183.744 342.389 18316.5 6294.04 347.746 5946.3 439.595 122.099 75.5261 27.8588 63.344
internal_count=2807928 2733206 74722 39751 35886 2697320 2691451 23691 5869 2691090 66637 2813 63824 2280 642 95 88 12195 10053 7624 38007 2624453 34971 7037 27934 3124 1701 1501 976 4369
is_linear=0
shrinkage=0.05


Tree=12
num_leaves=31
num_cat=0
split_feature=9 2 3 10 4 4 10 10 9 12 9 8 4 0 9 8 10 3 4 8 9 3 5 0 2 4 1 3 9 10
split_gain=24195.1 3931.72 938.945 595.774 431.753 248.311 459.603 229.409 180.353 108.868 97.6717 104.118 94.1218 89.9275 81.0984 132.793 221.052 58.3213 42.5979 42.8922 40.8242 39.769 37.4672 33.626 33.0032 31.5133 31.4798 34.6968 30.6279 30.6221
threshold=0.66828480362892162 0.79118219017982494 0.4403389841318131 1.0000000180025095e-35 0.77032968401908886 0.72834226489067089 1.0000000180025095e-35 1.0000000180025095e-35 0.90377491712570202 1.0000000180025095e-35 0.50806662440299999 1.0000000180025095e-35 0.67962265014648449 0.63333335518836986 0.47285011410713201 0.22687723487615588 1.0000000180025095e-35 0.91068580746650707 0.20761494338512423 0.8825557827949525 0.27300959825515753 0.91547620296478283 1.0000000180025095e-35 0.63333335518836986 0.86729559302330028 0.60640108585357677 0.85934066772460949 0.54261502623558056 0.47466187179088598 1.0000000180025095e-35
decision_type=2 2 2 2 2 2 2 2 2 2 2 2 2 2 2 2 2 2 2 2 2 2 2 2 2 2 2 2 2 2
left_child=1 5 3 8 7 13 10 9 12 23 11 17 -2 26 15 -6 -17 -7 19 -10 -8 22 -12 -3 -9 -25 -1 -28 -11 -15
right_child=2 4 -4 -5 14 6 20 24 18 28 21 -13 -14 29 -16 16 -18 -19 -20 -21 -22 -23 -24 25 -26 -27 27 -29 -30 -31
leaf_value=-0.049103883290501582 -0.043963821091429461 -0.043329437684782486 0.074230253751494127 0.064235751983435729 0.070418690788552063 -0.019710942701257773 0.31260216316742584 0.18750494045522903 0.62923971288174962 -0.046373858277228251 -0.00059434084958277203 -0.047637222004544205 0.094932559380168285 -0.0034033088945567766 0.079823163614453504 -0.021076126445179123 0.075656634557751248 0.09793281854792249 0.053444725337179227 0.15566476658804923 0.087788903144734309 0.1313458728662979 0.26562638453049287 -0.011479450744274 0.066611060991342466 0.077180048539810281 0.43375200610237563 0.027266354913522646 0.003482678382660899 0.090666313671438126
leaf_weight=17351.365916811861 340.84639105480164 10.9420631499961 6092.5419858423993 325.42699501477182 319.60539896925911 22.812765256501734 2.0711028156802049 6.1772596063092342 0.58759326208382789 194.75810193829238 25.168263680767271 416.63891621911898 12.649522411637006 44.090093517210335 356.51458732085302 135.11208274075761 104.92153706401587 19.574153793975711 42.507671847939491 2.5664180172607303 80.826874509453773 9.7743166889995319 1.3948699412867416 13.720819056034086 65.554469205439091 37.185789724811912 0.58917132113128801 4.8180229053832591 36.592065860982984 10.763110689818857
leaf_count=2616672 39802 654 30188 3181 1968 2339 98 120 29 25091 1930 59346 279 3467 2230 13561 499 447 1162 81 1493 391 13 274 338 360 14 384 1460 57
internal_value=-0.0131278 -0.041767 0.0678309 0.0140233 0.0428651 -0.0477938 -0.01556 -0.00312648 -0.0269142 -0.022735 -0.0337951 -0.0400418 -0.0389935 -0.0488643 0.0611848 0.0493114 0.0212069 0.0346166 0.0665996 0.243892 0.0934056 0.0451152 0.0133853 0.0361912 0.077022 0.0532837 -0.0490663 0.0715573 -0.0384882 0.0150547
internal_weight=26088.1 19271 6817.13 724.585 1281.08 17989.9 578.261 364.931 399.158 293.199 495.363 459.026 353.496 17411.6 916.154 559.639 240.034 42.3869 45.6617 3.15401 82.898 36.3375 26.5631 61.8487 71.7317 50.9066 17356.8 5.40719 231.35 54.8532
internal_count=2807928 2733206 74722 44534 46555 2686651 66057 28297 41353 27839 64466 62132 40081 2620594 18258 16028 14060 2786 1272 110 1591 2334 1943 1288 458 634 2617070 398 26551 3524
is_linear=0
shrinkage=0.05


Tree=13
num_leaves=31
num_cat=0
split_feature=9 2 3 10 4 4 7 10 7 8 10 7 8 10 8 10 4 9 1 4 7 3 3 9 4 7 9 0 5 7
split_gain=22645.5 3726.3 887.322 535.398 392.432 243.686 765.726 210.081 168.161 134.749 112.526 108.813 301.514 101.845 100.957 96.0455 141.377 301.139 149.939 275.766 80.6501 76.5098 68.1509 64.0594 62.1702 53.6647 42.1082 38.8842 38.6667 35.7608
threshold=0.66828480362892162 0.79118219017982494 0.4403389841318131 1.0000000180025095e-35 0.77032968401908886 0.67962265014648449 0.17752101272344592 1.0000000180025095e-35 0.67708334326744091 1.0000000180025095e-35 1.0000000180025095e-35 0.080540537834167494 0.23825291544198993 1.0000000180025095e-35 1.0000000180025095e-35 1.0000000180025095e-35 0.7454303801059724 0.49324201047420507 0.61938297748565685 0.72834226489067089 0.070197045803070082 0.90098038315773021 0.91547620296478283 0.27042925357818609 0.67962265014648449 0.26491229236125952 0.53171876072883617 0.63333335518836986 1.0000000180025095e-35 0.45804196596145635
decision_type=2 2 2 2 2 2 2 2 2 2 2 2 2 2 2 2 2 2 2 2 2 2 2 2 2 2 2 2 2 2
left_child=1 5 3 8 7 27 9 14 24 21 -11 12 -6 26 -3 22 17 18 19 -17 -12 -7 28 -22 -2 -16 -14 -1 -8 -26
right_child=2 4 -4 -5 11 6 15 -9 -10 10 20 -13 13 -15 25 16 -18 -19 -20 -21 23 -23 -24 -25 29 -27 -28 -29 -30 -31
leaf_value=-0.04930270864491846 -0.043033689983026688 0.033675028915337558 0.07235767280405854 0.060310264891046107 0.06587895713459592 -0.016228938890136772 0.0059850641592865128 0.073855990697936885 0.059801470693103015 -0.049018783602505611 -0.036051599968241428 0.075635430381374547 -0.049913558583424798 0.079089634188344818 -0.044923420754266571 2.3750964939445085 0.10235239719527756 0.20414135959260624 0.38705217928614333 0.52591390692327744 0.46591641770331188 0.094334153882185759 0.15608989833924641 0.070407258959293215 -0.025034602166742928 0.048960290997890787 0.6543270698523731 0.0030438660419292445 0.25748916922296572 0.15447716052371963
leaf_weight=16088.430434824433 326.26217831065878 63.021852831821889 5941.5349738970399 329.17744812835008 322.21133538661525 36.66691330820322 36.502110335510224 71.074054960161448 49.315787874162197 799.67544593010098 26.949461776763201 466.71459423471242 97.655257359612733 18.656182766892016 206.42195372050628 0.39139598328620084 47.772469416260719 11.74887433927506 0.61664913361892104 0.41579854674637318 1.0652428949251795 27.295097483322024 11.351646713446824 26.307234482839704 4.9132452476769668 16.432893723249435 0.21272046212106843 35.554552381392568 1.5950020663440216 6.3729518642649055
leaf_count=2547492 39548 1289 30188 3181 2088 4606 3170 458 1535 122902 3402 3561 12478 114 26360 36 248 154 10 9 27 828 444 877 177 190 17 2431 15 93
internal_value=-0.0130085 -0.0415803 0.0660208 0.0134394 0.0413263 -0.0476822 -0.0240835 -0.00307357 -0.0264424 -0.0390457 -0.0442884 0.0588298 0.0409525 -0.0279738 -0.0221996 0.100332 0.142341 0.287365 0.974091 1.42255 0.0253482 0.0309527 0.0485561 0.0857991 -0.0390427 -0.0380006 -0.0483829 -0.0491873 0.0165147 0.0763299
internal_weight=25072.3 18414.7 6657.58 716.042 1262.4 17152.3 1028.35 356.951 386.864 917.959 853.997 905.45 438.735 116.524 285.877 110.394 60.9452 13.1727 1.42384 0.807195 54.3219 63.962 49.4488 27.3725 337.548 222.855 97.868 16124 38.0971 11.2862
internal_count=2807928 2733206 74722 44534 46555 2686651 136728 28297 41353 132642 127208 18258 14697 12609 27839 4086 457 209 55 45 4306 5434 3629 904 39818 26550 12495 2549923 3185 270
is_linear=0
shrinkage=0.05


Tree=14
num_leaves=31
num_cat=0
split_feature=9 2 11 3 11 4 10 4 9 9 11 3 3 9 4 9 4 3 9 4 10 3 6 3 9 4 9 2 5 10
split_gain=21216.6 3533.51 863.111 664.285 655.223 239.073 578.992 151.634 124.614 126.429 177.568 96.8327 84.4879 81.0753 99.3742 74.1782 67.1401 64.9744 61.6792 60.0005 47.0655 55.1153 71.9919 46.2929 52.3837 46.0766 39.0274 94.8028 63.0045 104.322
threshold=0.66828480362892162 0.79118219017982494 1.0000000180025095e-35 0.79655173420906078 1.0000000180025095e-35 0.67962265014648449 1.0000000180025095e-35 0.6291005313396455 1.0000000180025095e-35 0.50806662440299999 1.0000000180025095e-35 0.41421362757682806 0.45512083172798162 0.7807200849056245 0.61938297748565685 0.51628047227859508 0.79205974936485302 0.90098038315773021 0.44973245263099676 0.80982521176338207 1.0000000180025095e-35 0.89725545048713695 1.0000000180025095e-35 0.91547620296478283 0.52316638827323925 0.77581480145454418 0.75249087810516369 0.86729559302330028 1.0000000180025095e-35 1.0000000180025095e-35
decision_type=2 2 2 2 2 2 2 2 2 2 2 2 2 2 2 2 2 2 2 2 2 2 2 2 2 2 2 2 2 2
left_child=1 5 11 16 7 -1 8 -3 17 -10 23 13 18 14 -2 -6 -4 -7 -8 -14 21 22 -9 -11 25 -25 27 28 29 -13
right_child=2 4 3 -5 15 6 12 20 9 10 -12 26 19 -15 -16 -17 -18 -19 -20 -21 -22 -23 -24 24 -26 -27 -28 -29 -30 -31
leaf_value=-0.04911451979376185 -0.010573817434391654 -0.013518251996620835 -0.044477390895460212 0.062319708534546096 -0.04432784828234524 -0.015662059266886706 -0.038810287076962255 -0.034647096495954724 -0.048556419923190174 0.096958021510937548 -0.036748814539369866 0.065131687402391752 0.14473573227102363 0.059088454683410008 0.16058337617750795 0.05192384164557913 0.0960132182735806 0.085131421777239036 0.11717481625524873 0.061584244387751709 0.075087607304251319 0.0582769517247873 0.08680375447746079 0.34732680236596591 0.20443593184640166 1.1348736767740426 0.070853104343355067 0.071363503627080688 0.075008876906027394 0.1889384782440349
leaf_weight=15359.812251594849 85.618941106833518 69.983478918671608 318.16844816319644 299.89881362207234 212.76488466141745 36.108845518901944 20.97432612627745 37.014838049188256 754.461691995617 14.469416566193106 37.608315333724022 24.747947159223258 46.03623557370156 314.04456463921815 9.4128847392275912 22.095816593617201 8.7376252235844714 28.694826008751988 9.0813724491745216 41.030609513632953 424.63051176257432 456.59197236970067 18.201925246044993 0.50139728933572669 5.3577980720438063 0.29499250464141369 5042.7470647413284 292.44306806102395 42.88653139770031 54.45191378518939
leaf_count=2549923 5453 4135 38114 1586 30653 4606 2786 2971 121264 1129 3958 451 1259 2360 249 719 51 828 417 301 2121 5425 531 39 125 16 24455 1423 196 384
internal_value=-0.0128981 -0.0414033 0.0643478 0.0085788 0.0399269 -0.0475762 -0.0238197 0.0574756 -0.0377569 -0.0430775 0.0279077 0.0703066 0.0805995 0.0468437 0.00637927 -0.0352724 -0.0407223 0.0289689 0.00832084 0.10555 0.0627812 0.0525711 0.00538856 0.145813 0.260677 0.639044 0.0720654 0.0868131 0.123821 0.150252
internal_weight=24088.9 17595.7 6493.16 626.805 1241.28 16354.4 994.62 1006.42 877.497 812.694 58.2319 5866.35 117.123 409.076 95.0318 234.861 326.906 64.8037 30.0557 87.0668 936.439 511.809 55.2168 20.6236 6.15419 0.79639 5457.28 414.529 122.086 79.1999
internal_count=2807928 2733206 74722 39751 46555 2686651 136728 15183 131965 126531 5267 34971 4763 8062 5702 31372 38165 5434 3203 1560 11048 8927 3502 1309 180 55 26909 2454 1031 835
is_linear=0
shrinkage=0.05


Tree=15
num_leaves=31
num_cat=0
split_feature=9 2 3 10 7 8 0 9 10 7 10 3 1 3 5 7 8 0 1 1 9 8 0 0 1 1 2 1 10 7
split_gain=19896.5 3141.36 1043.92 529.317 288.997 531.004 176.698 167.787 159.613 117.459 668.857 328.168 93.7285 111.107 67.9603 60.4696 62.0207 58.6552 50.5302 38.2332 46.0651 56.4166 93.7045 34.4767 33.6424 33.3456 33.7201 31.9116 31.568 29.9241
threshold=0.6546536684036256 0.79118219017982494 0.4403389841318131 1.0000000180025095e-35 0.098387096077203764 0.17295821756124499 0.63333335518836986 0.86319074034690868 1.0000000180025095e-35 0.21980676054954532 1.0000000180025095e-35 0.4403389841318131 0.69309264421463024 0.54261502623558056 1.0000000180025095e-35 0.21240601688623431 0.17295821756124499 0.46428571641445165 0.56635218858718883 0.71010184288024913 0.43379870057106024 0.60054644942283641 0.46428571641445165 0.26785714924335485 0.90399384498596203 0.4654348641633988 0.37248718738555914 0.55036231875419628 1.0000000180025095e-35 0.39444445073604589
decision_type=2 2 2 2 2 2 2 2 2 2 2 2 2 2 2 2 2 2 2 2 2 2 2 2 2 2 2 2 2 2
left_child=1 6 3 7 5 -3 9 18 -7 24 12 25 17 -14 19 16 -8 -11 -2 20 -13 -22 -23 -15 -1 29 -27 -19 -18 -12
right_child=2 4 -4 -5 -6 8 15 -9 -10 10 11 14 13 23 -16 -17 28 27 -20 -21 21 22 -24 -25 -26 26 -28 -29 -30 -31
leaf_value=-0.049247497396784856 -0.044405804680441335 0.054768872153734972 0.069123587271658835 0.053961578256796087 0.066237401037639657 -0.048261591254868376 0.071991505682289667 0.042452925661697748 0.062738807133885549 -0.048112073623835086 -0.0066526926593630832 0.56568905813085524 0.93089071194764017 0.19312893966805914 0.087019048299364091 0.11468551868273923 -0.046268865311389351 0.2352798321826414 0.20527787783509155 0.15200967885860281 0.21507567660935228 0.28861185800942696 0.915540382740894 0.014462877179966411 0.048714567805492826 0.48410727586118202 0.060278319015328131 0.020826697226275788 0.071579337468421156 0.10666869088611053
leaf_weight=14350.820438781288 362.20810449356213 384.40794768184423 5688.1113638454117 338.32134223496541 495.17993697850034 258.59753733826801 22.829442729242146 68.182379079982638 37.022751970216632 937.27892841259018 51.19612509990111 1.2303894064389194 0.37183395167812605 3.5187311251647762 11.031742662191389 15.312827528454362 38.809316887985915 2.4997526421211642 2.0377339250408104 10.407771492842583 17.329300296492878 2.4136226740665729 0.79147283546626557 11.606116096954791 8.7695396384224278 0.73035016609355752 1.3129572407342491 5.6679976633749902 6.6572858588770023 6.5735458005219689
leaf_count=2497592 50697 3171 31272 3644 5815 37000 236 2313 315 160589 7381 39 10 139 54 166 4435 216 23 68 360 104 17 1061 289 27 35 482 41 337
internal_value=-0.0127861 -0.041634 0.0617242 0.00711652 0.037181 0.0160229 -0.047607 -0.0295339 -0.0343602 -0.048 -0.0319701 0.0891085 -0.0449503 0.0770206 0.19411 0.0248843 0.00474972 -0.0469495 -0.043009 0.230831 0.268523 0.250718 0.443427 0.0560288 -0.0491877 0.0132632 0.21177 0.0864604 -0.0290134 0.00624202
internal_weight=23141.2 16682.4 6458.86 770.75 1175.21 680.028 15507.2 432.428 295.62 15423.6 1063.96 103.017 960.943 15.4967 43.2043 83.6089 68.296 945.447 364.246 32.1726 21.7648 20.5344 3.2051 15.1248 14359.6 59.813 2.04331 8.16775 45.4666 57.7697
internal_count=2807928 2719979 87949 56677 46301 40486 2673678 53033 37315 2668800 170919 8422 162497 1210 642 4878 4712 161287 50720 588 520 481 121 1200 2497881 7780 62 698 4476 7718
is_linear=0
shrinkage=0.05


Tree=16
num_leaves=31
num_cat=0
split_feature=7 2 4 11 11 11 3 8 4 7 11 4 8 0 0 7 7 7 8 8 4 11 3 8 3 4 1 11 8 4
split_gain=17436 2831.51 2415.2 547.545 503.584 278.718 323.411 211.766 163.138 260.65 164.553 148.561 88.0473 79.9661 68.9387 64.8481 59.8364 48.754 83.5549 66.8809 45.1704 43.3427 40.6648 39.649 38.5985 59.1558 36.71 33.3269 33.2144 31.2364
threshold=0.2788888961076737 0.79118219017982494 0.4530817717313767 1.0000000180025095e-35 1.0000000180025095e-35 1.0000000180025095e-35 0.79655173420906078 0.75093984603881847 0.71937501430511486 0.10912698507308961 1.0000000180025095e-35 0.6832355558872224 0.17295821756124499 0.29285715520381933 0.63333335518836986 0.1863425895571709 0.56696429848670971 0.075498577207326903 0.25940062105655676 0.49593387544155126 0.79205974936485302 1.0000000180025095e-35 0.91068580746650707 0.70782846212387096 0.35043859481811529 0.59675306081771862 0.67099568247795116 1.0000000180025095e-35 0.59102103114128124 0.25176055729389196
decision_type=2 2 2 2 2 2 2 2 2 2 2 2 2 2 2 2 2 2 2 2 2 2 2 2 2 2 2 2 2 2
left_child=1 8 4 11 7 24 20 13 14 12 -11 26 22 16 23 28 -2 18 -13 -20 -7 -16 -10 -1 25 -4 -3 -25 -5 -9
right_child=2 3 5 15 -6 6 -8 29 9 10 -12 17 -14 -15 21 -17 -18 -19 19 -21 -22 -23 -24 27 -26 -27 -28 -29 -30 -31
leaf_value=-0.04937018733747732 -0.03144747563985531 0.093704954093576001 0.00055177947718807894 -0.047603535783176859 -0.048687696495478321 -0.040785700687244797 0.058055310604232357 0.09088513098355093 -0.019974007713488968 0.093803567326684198 -0.036274163132983116 0.056171429810080976 -0.046229489471815301 0.1610161725601951 0.054355375524214045 0.052410226644631124 0.043948269565572351 0.071600485973404057 -0.026825527892806341 0.13162151840923095 0.072634443809566282 -0.045345985697430133 0.071045474174745354 0.085805569022269046 0.069982480171077235 0.070154822231970254 -0.016444726700590311 -0.03671306676981919 0.11345536123323111 0.04819646423883004
leaf_weight=13715.288945240434 146.74070656299591 8.2757914615794999 51.177478841040283 195.75070179114118 582.14158261986449 135.05111905606464 292.01038022013381 68.3928905967623 24.933514713309705 70.060827978886664 37.234420861117542 359.17682868940756 389.58225439814851 6.469237627927213 26.170748178847134 18.702859896700829 32.066042033489794 385.42680369364098 53.465975504368544 7.6076364130713037 9.388633266091345 18.682270381134003 24.163638873957098 9.8822932559996843 5266.4982234556228 75.652819131501019 87.958247195929289 12.662483867257833 3.2542964904569081 114.75139385368675
leaf_count=2512533 16827 360 2219 30809 99407 14616 2115 624 3055 1719 4671 2382 66319 99 685 376 511 2392 4362 63 105 2573 594 384 28515 904 5200 1929 72 1508
internal_value=-0.0126762 -0.0420137 0.0541661 0.0345647 -0.0197361 0.066216 0.0277845 0.0260105 -0.0479974 -0.0211918 0.048663 0.0517438 -0.0382774 -0.0116784 -0.0490592 -0.036604 -0.0179265 0.0587571 0.0469781 -0.00708857 -0.0334134 0.0128276 0.0248221 -0.0492613 0.0693261 0.0420692 -0.00697224 0.0169918 -0.0449698 0.064138
internal_weight=22228.6 15448.3 6780.34 1119.62 950.562 5829.78 436.45 368.42 14328.7 545.975 107.295 901.911 438.679 185.276 13782.7 217.708 178.807 805.677 420.25 61.0736 144.44 44.853 49.0972 13737.8 5393.33 126.83 96.234 22.5448 199.005 183.144
internal_count=2807928 2640478 167450 46016 118976 48474 16836 19569 2594462 76358 6390 14759 69968 17437 2518104 31257 17338 9199 6807 4425 14721 3258 3649 2514846 31638 3123 5560 2313 30881 2132
is_linear=0
shrinkage=0.05


Tree=17
num_leaves=31
num_cat=0
split_feature=9 2 3 11 11 4 7 11 8 4 7 10 11 3 7 10 7 7 8 3 10 4 8 9 2 4 8 7 8 5
split_gain=17531 2835.64 935.528 518.151 500.676 214.874 635.196 260.662 134.582 127.58 93.5049 90.6486 87.4909 127.981 79.5834 77.755 76.7902 67.6938 109.538 66.0712 59.332 57.7776 132.397 46.8808 45.8969 35.6665 35.3633 35.1654 40.2878 31.6343
threshold=0.6546536684036256 0.79118219017982494 0.4403389841318131 1.0000000180025095e-35 1.0000000180025095e-35 0.66287881135940563 0.17752101272344592 1.0000000180025095e-35 1.0000000180025095e-35 0.6291005313396455 0.1863425895571709 1.0000000180025095e-35 1.0000000180025095e-35 0.79655173420906078 0.60769233107566845 1.0000000180025095e-35 0.070197045803070082 0.080540537834167494 0.26246066391468054 0.90098038315773021 1.0000000180025095e-35 0.69160839915275585 0.36404040455818182 0.27042925357818609 0.86729559302330028 0.76506900787353527 0.8825557827949525 0.24499999731779101 0.43913836777210241 1.0000000180025095e-35
decision_type=2 2 2 2 2 2 2 2 2 2 2 2 2 2 2 2 2 2 2 2 2 2 2 2 2 2 2 2 2 2
left_child=1 5 3 14 9 -1 8 21 19 -3 -6 -10 -4 -14 15 26 -13 18 -11 -7 -20 22 -8 -18 -19 -5 -2 -24 -29 -12
right_child=2 4 12 25 10 6 7 -9 11 17 29 16 13 -15 -16 -17 23 24 20 -21 -22 -23 27 -25 -26 -27 -28 28 -30 -31
leaf_value=-0.049167281210228259 -0.029505042854208598 -0.01546105186105522 0.068049894793999255 -0.046944353820928125 -0.046688362543600981 -0.017293707798133901 1.1816740456038237 -0.031876866274234285 -0.048673735068111804 0.052771255001929279 0.0098724516139342463 -0.038598049742724405 -0.02215229043291194 0.056435870827712203 0.059175666630965663 0.040056198540050214 0.37066629737255075 0.12071137652802394 -0.046350579682323131 0.078290785840635729 0.056092345996151906 0.11852661112641244 0.069507430050197827 0.0581040610466695 0.064782968339828578 0.21483891150866719 0.16099666151966532 0.65363549137329657 0.23544328878462656 0.12618751499548847
leaf_weight=13005.186110699084 73.448397596832365 67.813234182540327 5006.5615703435615 288.03078888868913 187.13590284995735 39.63219142658636 0.36473493371158738 33.239012513309717 842.72512042103335 373.50625285506248 14.148098344914615 33.906715206801891 63.362833086401224 284.00769373588264 244.92401328729466 134.91239952063188 1.2516287164762641 40.652281612623483 48.024542891420424 33.244234573096037 20.028558412566781 70.183747358154505 3.0154922576621157 28.898737770039588 375.637596023269 1.3070241790264834 2.5196699192747465 0.63608580408617843 6.0886421208269894 9.9612596677616239
leaf_count=2497422 6324 4130 26996 46211 30857 5885 28 3657 157368 2705 389 5274 2605 1671 1470 2608 33 516 5271 1030 169 1064 333 1333 2162 21 43 29 222 102
internal_value=-0.0125746 -0.041252 0.0590608 0.00656997 0.0347092 -0.0473776 -0.026087 0.0858731 -0.0390615 0.05056 -0.0347483 -0.0443152 0.0663663 0.0421008 0.0397894 0.0172735 0.0130249 0.055779 0.0421413 0.0263093 -0.0162008 0.134621 0.246403 0.0710794 0.0702446 -0.0457618 -0.0231866 0.211381 0.275 0.0579303
internal_weight=21334.4 15235.3 6099.07 745.142 1136.91 14098.4 1093.19 113.528 979.659 925.662 211.245 906.782 5353.93 347.371 455.804 210.88 64.0571 857.849 441.559 72.8764 68.0531 80.2887 10.105 30.1504 416.29 289.338 75.9681 9.74022 6.72473 24.1094
internal_count=2807928 2719979 87949 56677 46301 2673678 176256 5333 170923 14953 31348 164008 31272 4276 10445 8975 6640 10823 8145 6915 5440 1676 612 1366 2678 46232 6367 584 251 491
is_linear=0
shrinkage=0.05


Tree=18
num_leaves=31
num_cat=0
split_feature=9 2 3 11 11 0 10 8 7 7 8 5 7 11 3 11 7 10 10 7 10 1 7 7 0 8 2 1 7 1
split_gain=16475.2 2695.01 888.197 478.134 459.151 173.767 460.685 187.953 132.041 98.0779 135.469 88.7385 87.1032 86.8924 118.454 79.7467 73.5249 68.9792 66.6651 62.3812 271.469 85.0959 62.2863 61.1855 61.1726 43.5492 42.9359 42.4317 46.2172 38.8412
threshold=0.6546536684036256 0.79118219017982494 0.4403389841318131 1.0000000180025095e-35 1.0000000180025095e-35 0.46428571641445165 1.0000000180025095e-35 1.0000000180025095e-35 0.20942982286214831 0.098387096077203764 0.26246066391468054 1.0000000180025095e-35 0.1863425895571709 1.0000000180025095e-35 0.81165540218353283 1.0000000180025095e-35 0.60769233107566845 1.0000000180025095e-35 1.0000000180025095e-35 0.29705883562564855 1.0000000180025095e-35 0.40936473011970526 0.056349206715822227 0.061553031206130988 0.58571431040763866 0.58790296316146862 0.86729559302330028 0.55403152108192455 0.31909090280532842 0.77459675073623668
decision_type=2 2 2 2 2 2 2 2 2 2 2 2 2 2 2 2 2 2 2 2 2 2 2 2 2 2 2 2 2 2
left_child=1 5 3 16 9 11 7 -7 -9 10 -3 19 -6 -4 29 27 17 -2 -12 -1 -21 -22 -8 -13 25 -24 -11 28 -10 -15
right_child=2 4 13 -5 12 6 22 8 15 26 18 23 -14 14 -16 -17 -18 -19 -20 20 21 -23 24 -25 -26 -27 -28 -29 -30 -31
leaf_value=-0.049260805683922895 -0.022545712203240299 0.046757190337513771 0.066870711196159935 -0.045529336886334343 -0.04649647396537613 0.055130515190739318 -0.020490780399048752 -0.048472711639923088 0.76259600672435568 0.11489823780250499 -0.044799588140232154 -0.040486249584598122 0.053743054034694239 -0.034453963487069375 0.055197149164310247 -0.014039838466798177 0.056552930337639896 0.037218850287182602 0.045761683656646249 -0.043531897208498121 0.03466154059879388 0.18583862981448662 0.1889690606949509 0.087526494417856149 0.086783877197874823 0.39786422888427347 0.061326473338203326 0.14012956191285059 0.20958480075050506 0.078203121773749662
leaf_weight=12496.989972042385 74.302313966676593 399.12354050157592 4844.222870499827 276.60702334111556 178.72551784757525 54.369402645155787 5.344073182437568 456.29010282224044 0.61451980611309387 41.568873954471201 70.288621778134257 17.373550212476403 24.662358661182225 57.189898194745183 275.0282843071036 10.133994398638606 243.50483293132856 137.85850506462157 28.585977015085518 297.94286781782284 22.225691217929125 16.016284792684019 18.299987332895402 20.172272850759327 15.516832156106828 2.8888114225119343 373.06751342862844 7.9774690833874047 0.98084195237606764 8.8325887620449048
leaf_count=2516874 6367 3511 26996 46232 30857 4109 375 87927 60 561 8360 2652 491 2602 1620 1046 1470 2608 272 57015 2201 263 245 575 88 32 2249 203 13 54
internal_value=-0.0124745 -0.0410674 0.0578738 0.00632676 0.0335939 -0.0472656 -0.0203101 -0.0329403 -0.0429999 0.0487339 0.0337775 -0.0484645 -0.0343417 0.0651533 0.0407596 0.0837172 0.0378055 0.0162883 -0.0186171 -0.048689 -0.0274349 0.0979767 0.138992 0.0282913 0.162212 0.217449 0.0666972 0.187205 0.4226 -0.0193825
internal_weight=20476.7 14559.2 5917.55 732.273 1116.02 13443.1 572.416 530.366 475.997 912.635 497.998 12870.7 203.388 5185.27 341.051 19.7068 455.666 212.161 98.8746 12833.2 336.185 38.242 42.0497 37.5458 36.7056 21.1888 414.636 9.57283 1.59536 66.0225
internal_count=2807928 2719979 87949 56677 46301 2673678 94098 93358 89249 14953 12143 2579580 31348 31272 4276 1322 10445 8975 8632 2576353 59479 2464 740 3227 365 277 2810 276 73 2656
is_linear=0
shrinkage=0.05


Tree=19
num_leaves=31
num_cat=0
split_feature=9 4 3 11 11 3 10 8 7 8 7 11 4 1 7 7 4 4 5 7 7 10 4 4 10 9 4 4 7 8
split_gain=15488.4 2494.84 845.853 473.439 441.172 255.012 458.61 231.131 111.381 155.253 104.001 85.8066 113.187 82.6705 102.101 82.433 77.1741 91.5259 73.2407 71.6182 48.1435 236.298 181.03 45.7886 44.9074 43.541 40.699 39.7799 80.5894 166.526
threshold=0.6546536684036256 0.77032968401908886 0.4403389841318131 1.0000000180025095e-35 1.0000000180025095e-35 0.89725545048713695 1.0000000180025095e-35 1.0000000180025095e-35 0.075498577207326903 0.25940062105655676 0.26794873178005224 1.0000000180025095e-35 0.56691542267799389 0.65419578552246105 0.070197045803070082 0.31909090280532842 0.59675306081771862 0.26138716936111456 1.0000000180025095e-35 0.1863425895571709 0.29705883562564855 1.0000000180025095e-35 0.47140522301197058 0.6291005313396455 1.0000000180025095e-35 0.7807200849056245 0.56691542267799389 0.65261757373809826 0.20942982286214831 0.44255042076110845
decision_type=2 2 2 2 2 2 2 2 2 2 2 2 2 2 2 2 2 2 2 2 2 2 2 2 2 2 2 2 2 2
left_child=1 5 4 8 16 18 7 26 9 -3 -9 -4 -13 14 -8 27 17 -2 20 -5 -1 23 -23 -22 -11 -19 -7 28 29 -16
right_child=2 3 11 19 -6 6 13 10 -10 24 -12 12 -14 -15 15 -17 -18 25 -20 -21 21 22 -24 -25 -26 -27 -28 -29 -30 -31
leaf_value=-0.049392883847221958 0.060026212970180771 0.047376767820689877 0.065776949975486984 -0.045953883940785117 -0.045236947964134057 -0.018121957480619736 -0.0014248560370407608 -0.04697493241242548 0.069462112526039343 -0.048777288080747577 0.063494683644650093 -0.041687380308699916 0.049975136399347461 0.065917873345578401 1.7480746888911907 0.12626678836754504 0.068523622015471797 -0.027430686247156832 0.08535874072351976 0.047216462834379413 -0.048951712677910791 -0.0083151329833049594 0.22398667679899972 0.04847835986192036 0.039397529719474474 0.020055646795451423 0.05375720595029481 0.27955479505283554 0.33069895320579912 0.41436766732010333
leaf_weight=11693.238069078885 110.08846453297883 351.34147739084437 4682.6356552820653 177.33027750672773 264.77499422291294 26.126082567032427 4.9271813374944058 649.58659393480048 399.90067613590509 63.853869592770934 22.028048262931406 38.000651485286653 296.10002408921719 66.282095895614475 0.36142625706270182 5.4605586538091302 129.79509835317731 72.940672621130943 10.17085177823901 23.340442249085754 270.18966947216541 18.861111028585583 15.10139553202316 12.622363970149307 18.65983282122761 142.73727934714407 79.981480668764561 3.591507310513407 1.8292632587254045 0.66408036835491657
leaf_count=2475368 2278 3751 26996 32435 46232 2995 438 126156 3560 10633 648 2211 2065 529 55 30 1025 5816 414 672 55738 1957 476 1217 429 1326 2381 42 21 34
internal_value=-0.0123749 -0.040876 0.0567553 0.0338322 0.0060895 -0.0468756 -0.0205868 -0.0325174 0.0504271 0.0328818 -0.0433517 0.0640303 0.0395494 0.0910482 0.189996 0.269208 0.0359207 0.0229308 -0.0487583 -0.035117 -0.0488718 -0.0296383 0.0949776 -0.0446032 -0.0288372 0.00399612 0.0360589 0.390292 0.529608 0.884415
internal_weight=19652.5 13915.4 5737.07 1034.43 720.337 12881 860.838 777.722 833.756 433.855 671.615 5016.74 334.101 83.1161 16.834 11.9068 455.562 325.766 12020.2 200.671 12010 316.775 33.9625 282.812 82.5137 215.678 106.108 6.44628 2.85477 1.02551
internal_count=2807928 2719979 87949 51480 56677 2668499 133329 132180 18373 14813 126804 31272 4276 1149 620 182 10445 9420 2535170 33107 2534756 59388 2433 56955 11062 7142 5376 152 110 89
is_linear=0
shrinkage=0.05


Tree=20
num_leaves=31
num_cat=0
split_feature=9 2 3 11 11 4 7 11 8 4 11 3 10 7 4 4 7 8 7 3 9 10 1 4 2 9 7 10 4 8
split_gain=14567.5 2439.33 805.629 407.739 386.117 211.815 533.843 201.229 122.741 109.882 85.7413 105.929 83.8833 77.7685 72.734 80.5286 63.6874 67.1993 62.2278 44.3949 42.868 40.4281 34.7997 33.6546 33.0062 32.8676 32.711 115.266 84.3261 33.8983
threshold=0.6546536684036256 0.79118219017982494 0.4403389841318131 1.0000000180025095e-35 1.0000000180025095e-35 0.66287881135940563 0.17752101272344592 1.0000000180025095e-35 1.0000000180025095e-35 0.6832355558872224 1.0000000180025095e-35 0.81165540218353283 1.0000000180025095e-35 0.1863425895571709 0.59675306081771862 0.25176055729389196 0.075498577207326903 0.27465948462486273 0.070197045803070082 0.90098038315773021 0.7807200849056245 1.0000000180025095e-35 0.77459675073623668 0.76506900787353527 0.86729559302330028 0.29519198834896093 0.35388994216918951 1.0000000180025095e-35 0.44327485561370855 0.59102103114128124
decision_type=2 2 2 2 2 2 2 2 2 2 2 2 2 2 2 2 2 2 2 2 2 2 2 2 2 2 2 2 2 2
left_child=1 5 3 14 9 26 8 -8 19 -3 -4 22 -10 -6 15 -2 17 -11 -14 -7 -17 -19 -12 -5 -18 -20 -1 -28 -29 -30
right_child=2 4 10 23 13 6 7 -9 12 16 11 -13 18 -15 -16 20 24 21 25 -21 -22 -23 -24 -25 -26 -27 27 28 29 -31
leaf_value=-0.049232134054230971 0.058186300241834757 -0.0033810433707868385 0.0647587171336865 -0.046249426461290342 -0.046088263535363577 -0.014689356599229661 0.11958154654137465 -0.03037842875078002 -0.048387465973337318 0.045707431385707223 -0.033690087473832113 0.05229930185624089 -0.037127344307270202 0.047351313259873434 0.066217115919271749 -0.026342688502310099 0.11129148612026291 -0.047470020840523264 0.28000391216130766 0.063262615245168727 0.020219743194113057 0.050098741483267255 0.075013638924661605 0.20736261708021517 0.061833806778778068 0.051927085955313028 -0.044236542103190536 -0.015639162859373272 0.29588184087091379 0.097725377187174126
leaf_weight=11146.514114252292 103.40610779868439 101.91939210426062 4522.5126454783604 252.20254076737911 162.97813798859715 36.790466519538313 80.902067563962191 30.92073988635093 730.39864891022444 362.30397678725421 55.701940595172346 263.83582946518436 30.3113331515342 25.792074198834598 127.65529086394235 73.872344143223017 37.531633743084967 33.579562677070498 1.6745963026769484 36.273022537585348 149.40437477082014 15.525871916674076 8.4838994359597546 1.3149321097880591 333.3883510408923 27.843703383114189 88.485360652208328 8.3844551001675445 4.7829813403077406 3.9329250194132328
leaf_count=2478148 2007 5603 26996 46211 30857 5885 1676 3657 157368 2507 2602 1620 5274 491 1025 6032 467 4152 57 1030 1381 125 54 21 2099 1309 18567 512 94 101
internal_value=-0.0122804 -0.0406892 0.0556966 0.00586723 0.0315938 -0.0470325 -0.0246775 0.0781153 -0.0379924 0.0454519 0.0629684 0.0382848 -0.0437251 -0.0333214 0.034214 0.0217083 0.0518137 0.0382679 0.0131934 0.0240106 0.0048143 -0.0166213 -0.0193219 -0.044934 0.0668382 0.0648661 -0.0489698 -0.0212706 0.0975662 0.206467
internal_weight=18858.6 13300.2 5558.39 707.856 1073.02 12227.2 975.115 111.823 863.292 884.249 4850.53 328.022 790.228 188.77 454.338 326.683 782.329 411.409 59.8296 73.0635 223.277 49.1054 64.1858 253.517 370.92 29.5183 11252.1 105.586 17.1004 8.71591
internal_count=2807928 2719979 87949 56677 46301 2673678 176256 5333 170923 14953 31272 4276 164008 31348 10445 9420 9350 6784 6640 6915 7413 4277 2656 46232 2566 1366 2497422 19274 707 195
is_linear=0
shrinkage=0.05


Tree=21
num_leaves=31
num_cat=0
split_feature=9 0 3 11 4 10 11 11 4 11 4 9 4 8 9 8 10 6 1 4 10 1 9 9 4 5 10 4 8 9
split_gain=13704.7 2280.68 768.513 377.305 372.587 321.806 243.308 100.434 85.659 85.0217 99.3144 73.0277 69.7546 64.7833 64.3084 53.9752 51.1031 48.89 44.8516 38.0783 196.412 226.223 56.0281 53.0134 51.2943 37.2407 31.2815 30.5939 29.825 29.4341
threshold=0.6546536684036256 0.58571431040763866 0.4403389841318131 1.0000000180025095e-35 0.72834226489067089 1.0000000180025095e-35 1.0000000180025095e-35 1.0000000180025095e-35 0.60107529163360607 1.0000000180025095e-35 0.56691542267799389 0.47285011410713201 0.65545505285263073 1.0000000180025095e-35 0.86319074034690868 0.52124434709548961 1.0000000180025095e-35 1.0000000180025095e-35 0.91476997733116161 0.63702240586280834 1.0000000180025095e-35 0.49691358208656317 0.41519744694232946 0.53866082429885875 0.64747309684753429 1.0000000180025095e-35 1.0000000180025095e-35 0.76506900787353527 0.73186674714088451 0.75249087810516369
decision_type=2 2 2 2 2 2 2 2 2 2 2 2 2 2 2 2 2 2 2 2 2 2 2 2 2 2 2 2 2 2
left_child=1 4 3 12 18 7 8 11 -3 -4 -11 13 14 17 16 -8 -2 -6 19 -1 -21 23 -23 -22 -24 -12 -10 -5 -18 -14
right_child=2 6 9 27 5 -7 15 -9 26 10 25 -13 29 -15 -16 -17 28 -19 -20 20 21 22 24 -25 -26 -27 -28 -29 -30 -31
leaf_value=-0.049161393999248106 -0.032825940021821778 -0.020606509438809224 0.063807337528099306 -0.045996625046771537 -0.018699843094864967 0.071002507746776466 -0.040022916966706554 -0.04690289662584745 0.042935339744468219 -0.040531265160771282 0.026162416758249454 0.076419028085010027 0.15834710417372677 -0.038471311190288439 0.043353013890155605 0.052668065181201276 -0.0033850928570174793 0.06073602450028092 0.066674563510729645 -0.045172221627721248 -0.02667314296644438 0.084278062751016819 0.62154798282902535 0.1510881869482989 0.24200219188488994 0.062713841268787068 0.064280965717345484 0.19411334954669762 0.048875552438125552 0.062634492134755165
leaf_weight=10492.690932030324 67.759703119751066 44.053155059926212 4364.456864727661 241.18814137298614 36.975078482646495 108.47571841022 111.42976471735165 240.7080084355548 442.89146730303764 36.469122115522623 121.63270635344088 27.649031326174736 8.9245592667721194 96.257846140302718 186.66597657650709 18.282687470316887 55.228927162941545 40.68134242715314 8.4774887771345657 702.75323895411566 41.811115310993046 5.8304391573183265 0.98368538403883476 4.6618666741996995 9.3654705453664047 163.17251563444734 280.23891941877082 1.3339810958132137 53.987254690378904 80.364209057763219
leaf_count=2446748 6327 2055 26996 46211 2165 1828 20177 49072 5643 2211 1157 1202 180 18734 1064 466 1768 1026 330 159237 8370 722 36 234 257 908 1677 21 678 428
internal_value=-0.0121841 -0.0404925 0.0547005 0.0056536 -0.0463265 -0.0061711 0.0363756 -0.0250994 0.0470838 0.06198 0.0371559 0.000938372 0.0326026 -0.0110616 0.0228795 -0.0269583 0.00128507 0.0229137 -0.0482894 -0.048376 -0.0376095 0.0472186 0.208241 -0.00884128 0.278078 0.0471037 0.0512075 -0.0446759 0.0224482 0.0722011
internal_weight=18095.4 12714.2 5381.18 695.453 11817.3 550.747 896.896 442.271 767.184 4685.73 321.274 201.563 452.931 173.914 363.642 129.712 176.976 77.6564 11266.6 11258.1 765.406 62.6526 16.1796 46.473 10.3492 284.805 723.13 242.522 109.216 89.2888
internal_count=2807928 2719979 87949 56677 2689961 74027 30018 72199 9375 31272 4276 23127 10445 21925 9837 20643 8773 3191 2615934 2615604 168856 9619 1015 8604 293 2065 7320 46232 2446 608
is_linear=0
shrinkage=0.05


Tree=22
num_leaves=31
num_cat=0
split_feature=9 2 3 11 11 4 7 11 9 4 11 3 10 4 4 7 7 9 1 5 1 1 7 3 10 1 5 3 0 10
split_gain=12899.4 2109.68 871.353 391.046 324.836 197.109 460.267 153.905 115.232 94.694 92.6488 101.84 74.9907 68.3249 71.4304 61.5314 58.8298 58.95 56.0696 40.6416 39.1879 37.7912 41.0981 35.3111 32.0428 31.4833 29.9523 29.8687 29.1115 226.869
threshold=0.64226880669593822 0.79118219017982494 0.4403389841318131 1.0000000180025095e-35 1.0000000180025095e-35 0.66287881135940563 0.17752101272344592 1.0000000180025095e-35 1.0000000180025095e-35 0.70659971237182628 1.0000000180025095e-35 0.81165540218353283 1.0000000180025095e-35 0.59675306081771862 0.25176055729389196 0.1863425895571709 0.065591398626565947 0.25547912716865545 0.58578637242317211 1.0000000180025095e-35 0.72065573930740368 1.0000000180025095e-35 0.60769233107566845 0.90098038315773021 1.0000000180025095e-35 0.77459675073623668 1.0000000180025095e-35 0.27639257907867437 0.46428571641445165 1.0000000180025095e-35
decision_type=2 2 2 2 2 2 2 2 2 2 2 2 2 2 2 2 2 2 2 2 2 2 2 2 2 2 2 2 2 2
left_child=1 5 3 13 9 28 8 -8 23 20 -4 25 -10 14 27 -6 17 -11 -14 -9 -3 -16 -23 -7 -19 -12 -17 -2 -1 -30
right_child=2 4 10 -5 15 6 7 19 12 16 11 -13 18 -15 21 26 -18 24 -20 -21 -22 22 -24 -25 -26 -27 -28 -29 29 -31
leaf_value=-0.04940120033049214 0.064814201610052857 0.086879231163712378 0.063069488408902849 -0.045082616772168613 -0.045674551712157105 -0.013407567111598219 0.11183822471673062 -0.037042141309249883 -0.048175695831485621 0.042030702114147375 -0.033556180006203515 0.049460035329514318 -0.026386274390730644 0.061971928895102252 0.11376686487613233 -0.006921253789472147 0.063946769816479176 -0.048763523861453613 0.0746864861798332 0.34221645931264599 -0.0096758189221705856 -0.018694806303004248 0.024951665442993716 0.055993443192079467 0.044849437983384366 0.07132332560926366 0.10407415883236744 -0.0038926582047859172 -0.042171661302034973 0.18776860593413211
leaf_weight=9865.9132858696394 87.84808847354725 11.665405239444224 4240.1244374145754 272.41280222451314 149.44933622376993 35.565135194920003 75.489999406039715 26.455003425478939 666.80768234934658 348.13792557129636 57.256550807040185 255.52793215401471 37.536982466001064 125.2330432087183 7.4528421876020721 14.694973384030163 327.02114583132789 29.789262354373932 21.627091264352202 0.72576075838878651 105.96287583140656 130.77294132811949 91.790994693525136 37.816638269461691 13.187943793833254 8.177429177798329 10.365117762237787 19.291938579175621 279.36504570255056 11.155545633751897
leaf_count=2420511 1877 450 27356 55993 30854 5885 1601 3478 157354 2198 3232 1727 5880 1117 156 378 2469 3789 756 25 5793 8208 667 1030 107 57 98 517 63925 440
internal_value=-0.0120869 -0.0406339 0.0529684 0.00243876 0.0285294 -0.0469525 -0.024553 0.075105 -0.0373533 0.0414847 0.0611089 0.0352078 -0.0433889 0.0304356 0.0187217 -0.0335168 0.0482962 0.0352104 0.0105603 -0.0269155 -0.000100283 0.00301478 -0.000693898 0.0223576 -0.0200375 -0.0204492 0.0389876 0.0524426 -0.0489418 -0.0333423
internal_weight=17364.6 12068.7 5295.89 734.803 1010.27 11058.5 902.024 102.671 799.354 835.765 4561.09 320.962 725.972 462.39 337.157 174.509 718.136 391.115 59.1641 27.1808 117.628 230.017 222.564 73.3818 42.9772 65.434 25.0601 107.14 10156.4 290.521
internal_count=2807928 2707021 100907 68535 46136 2660885 176009 5104 170905 14806 32372 5016 163990 12542 11425 31330 8563 6094 6636 3503 6243 9031 8875 6915 3896 3289 476 2394 2484876 64365
is_linear=0
shrinkage=0.05


Tree=23
num_leaves=31
num_cat=0
split_feature=9 2 3 11 11 0 10 9 7 7 9 11 3 7 10 1 1 7 10 7 10 7 0 7 0 11 1 2 1 5
split_gain=12142.6 2009.68 831.243 379.434 298.651 163.421 318.851 152.598 102.124 89.6325 85.5103 84.0126 83.6211 68.8274 331.679 140.6 62.9299 60.8519 63.3959 57.9193 52.8496 52.7548 46.1842 42.2562 41.0625 38.3805 30.3018 28.012 27.9138 25.5038
threshold=0.64226880669593822 0.79118219017982494 0.45222154259681707 1.0000000180025095e-35 1.0000000180025095e-35 0.46428571641445165 1.0000000180025095e-35 1.0000000180025095e-35 0.20942982286214831 0.098387096077203764 0.27924077212810522 1.0000000180025095e-35 0.81165540218353283 0.21980676054954532 1.0000000180025095e-35 0.45512083172798162 0.69309264421463024 0.60769233107566845 1.0000000180025095e-35 0.1863425895571709 1.0000000180025095e-35 0.056349206715822227 0.15476191043853763 0.15075758099555972 0.29285715520381933 1.0000000180025095e-35 0.25866188108921057 0.86729559302330028 0.77459675073623668 1.0000000180025095e-35
decision_type=2 2 2 2 2 2 2 2 2 2 2 2 2 2 2 2 2 2 2 2 2 2 2 2 2 2 2 2 2 2
left_child=1 5 3 17 9 13 7 -7 -9 10 -3 -4 28 -1 16 24 -15 18 -2 -6 -12 -8 -18 26 -16 -10 -20 -11 -13 -21
right_child=2 4 11 -5 19 6 21 8 25 27 20 12 -14 14 15 -17 22 -19 23 29 -22 -23 -24 -25 -26 -27 -28 -29 -30 -31
leaf_value=-0.049314638295073487 -0.023784899534145098 0.036165078838023987 0.06225971041107016 -0.044911626035561564 -0.045445547557802439 0.045554840764114493 -0.024498194722226592 -0.047934266434158622 0.13337785351524004 0.10146496031915153 -0.044649341355208795 -0.030881565616222812 0.048011622425701686 -0.04722810263979297 0.0086333071448905889 0.15380903579185956 0.23089739923255098 0.047488650347488726 0.45311330114167642 -0.0066138400404923874 0.038575108468592856 0.14056907974619168 0.0054026615925863936 0.027109765402738607 0.49329525537149332 -0.009918963216188072 0.10558541974231375 0.054870747636345155 0.069572817810220497 0.09468381930987925
leaf_weight=9374.7703839752357 81.978045214898884 398.68839894374833 4071.8281236039475 264.7728847747203 142.85912231821567 57.225119091104716 5.6389584536664179 362.27823987323791 10.728610225953162 36.138896524906158 60.171376136131585 52.293568812310696 250.21170865884051 606.37475179554895 47.144156069029123 28.335395628586411 3.3014954277314228 240.05251352023333 0.94740757672116105 14.611293423455209 27.93015859182924 34.179367403965443 7.2727631712332368 150.3472575689666 0.44111563917249341 8.2784489481709898 1.8559993556700645 300.2750489898026 7.9693438010290256 10.811280401423573
leaf_count=2406954 8046 3731 27195 56483 30854 4109 375 87912 265 540 8138 2742 1727 151225 7460 417 40 1524 44 378 273 353 772 3012 8 995 77 2124 57 98
internal_value=-0.011993 -0.0404355 0.0520714 0.00305381 0.0276224 -0.046834 -0.0182791 -0.0305804 -0.0420071 0.0400296 0.026314 0.0603481 0.035277 -0.0481907 -0.0329838 0.0656323 -0.0451193 0.0297803 0.0117012 -0.0330713 -0.0182653 0.117193 0.0758066 0.0306961 0.0131261 0.0709655 0.223032 0.0598761 -0.0175972 0.0364643
internal_weight=16659.7 11537.5 5122.26 739.954 991.486 10546 478.329 438.51 381.285 823.204 486.79 4382.3 310.475 10067.6 692.87 75.9207 616.949 475.181 235.129 168.282 88.1015 39.8183 10.5743 153.151 47.5853 19.0071 2.80341 336.414 60.2629 25.4226
internal_count=2807928 2707021 100907 69186 46136 2660885 94009 93281 89172 14806 12142 31721 4526 2566876 159922 7885 152037 12703 11179 31330 8411 728 812 3133 7468 1260 121 2664 2799 476
is_linear=0
shrinkage=0.05


Tree=24
num_leaves=31
num_cat=0
split_feature=9 2 3 11 11 4 7 11 8 7 4 11 4 4 10 4 7 7 8 8 3 6 1 7 4 2 7 10 4 9
split_gain=11430.4 1915.39 794.95 351.696 274.146 193.84 400.49 124.242 108.239 87.3751 85.5585 83.951 83.2577 72.3676 72.3227 62.2822 54.592 51.2187 43.8437 32.4991 31.2351 30.9325 30.0727 33.1604 28.6557 26.5884 25.4323 118.259 67.1252 27.2897
threshold=0.64226880669593822 0.79118219017982494 0.45222154259681707 1.0000000180025095e-35 1.0000000180025095e-35 0.66287881135940563 0.17752101272344592 1.0000000180025095e-35 1.0000000180025095e-35 0.10912698507308961 0.82446312904357921 1.0000000180025095e-35 0.67068272829055797 0.59675306081771862 1.0000000180025095e-35 0.28759399056434637 0.1863425895571709 0.098387096077203764 0.27465948462486273 0.60944941639900219 0.27639257907867437 1.0000000180025095e-35 1.0000000180025095e-35 0.60769233107566845 0.76506900787353527 0.86729559302330028 0.29705883562564855 1.0000000180025095e-35 0.44327485561370855 0.6209508776664735
decision_type=2 2 2 2 2 2 2 2 2 2 2 2 2 2 2 2 2 2 2 2 2 2 2 2 2 2 2 2 2 2
left_child=1 5 3 13 9 26 8 -8 21 10 18 -4 -13 15 -10 20 19 -16 -3 -6 -2 -7 -17 -24 -5 -11 -1 -28 -29 -30
right_child=2 4 11 24 16 6 7 -9 14 25 -12 12 -14 -15 17 22 -18 -19 -20 -21 -22 -23 23 -25 -26 -27 27 28 29 -31
leaf_value=-0.049221933853313235 0.053107880898991246 0.015014025165230489 0.061472565474882196 -0.045844219808773505 -0.046297236405311082 -0.01294100253528979 0.10178733823429041 -0.025645033930606343 -0.0479391441687399 0.10057590682420192 0.041515926705757267 -0.016209297817532921 0.047776519774722088 0.059982268651495946 -0.027441499681043976 0.096448466537891617 0.034136039647682144 0.069745675193599171 -0.037417134984306114 0.50097645511241951 -0.00093853297629405076 0.052114448157861183 -0.023620374653703934 0.019426197404103136 0.18379240909791117 0.054083874533603832 -0.045672398082272601 -0.011389163460553136 0.18250165824068293 0.0068587106532644552
leaf_weight=8995.9631682962645 114.7520373002626 127.80564628820866 3921.5794502054341 252.17046607844532 136.31579290237278 34.855961468536407 75.639026208780706 25.600941452197731 605.62437054468319 34.549277177080512 312.06983715901151 64.51707708532922 239.79784455243498 130.87643563048914 34.139824810903519 7.3954021562822154 25.768997780047357 22.485283868853003 57.951236499007791 0.27181114349514146 34.852476126281545 38.404205943457782 111.57767890673131 74.68428470660001 1.3658872572705139 279.80218247976154 197.14088866859674 13.904105867724867 10.534572751261292 2.7990390211343756
leaf_count=2431668 2716 2232 27195 56460 30834 4733 1601 3503 157354 484 3140 2891 1635 1186 5835 133 476 801 6947 20 1161 2182 6950 557 23 2003 51068 1678 361 101
internal_value=-0.0118984 -0.0402306 0.0511977 0.00292833 0.0266987 -0.0467161 -0.0236735 0.069563 -0.0365072 0.0385556 0.0255237 0.0595094 0.034211 0.028347 -0.0428867 0.0162853 -0.0326148 0.0111506 -0.00134311 -0.0452082 0.040517 0.0211622 -0.00243419 -0.00636026 -0.0446071 0.0591937 -0.0488072 -0.0321799 0.0654761 0.14563
internal_weight=15985.2 11031.6 4953.57 727.675 974.535 10057.1 836.75 101.24 735.51 812.178 497.827 4225.89 304.315 474.138 662.249 343.262 162.357 56.6251 185.757 136.588 149.605 73.2602 193.657 186.262 253.536 314.351 9220.34 224.379 27.2377 13.3336
internal_count=2807928 2707021 100907 69186 46136 2660885 176009 5104 170905 14806 12319 31721 4526 12703 163990 11517 31330 6636 9179 30854 3877 6915 7640 7507 56483 2487 2484876 53208 2140 462
is_linear=0
shrinkage=0.05


Tree=25
num_leaves=31
num_cat=0
split_feature=9 2 3 11 11 4 7 11 9 10 4 4 11 10 4 9 7 7 4 3 3 5 0 10 7 9 7 2 4 10
split_gain=10760.8 1825.67 760.494 346.956 251.917 191.898 368.515 108.562 103.631 86.1681 85.4808 78.2669 73.3662 69.9174 66.3682 57.8407 51.548 46.8664 37.1229 36.144 31.8079 31.6304 30.9382 184.133 84.8269 54.2812 49.4988 33.9186 47.2358 27.4994
threshold=0.64226880669593822 0.79118219017982494 0.47413024306297308 1.0000000180025095e-35 1.0000000180025095e-35 0.66287881135940563 0.17752101272344592 1.0000000180025095e-35 1.0000000180025095e-35 1.0000000180025095e-35 0.79205974936485302 0.61938297748565685 1.0000000180025095e-35 1.0000000180025095e-35 0.84292763471603405 0.75249087810516369 0.1863425895571709 0.070197045803070082 0.25176055729389196 0.89725545048713695 0.93440860509872448 1.0000000180025095e-35 0.46428571641445165 1.0000000180025095e-35 0.075498577207326903 1.0000000180025095e-35 0.29289215803146368 0.60943254828453075 0.52419984340667736 1.0000000180025095e-35
decision_type=2 2 2 2 2 2 2 2 2 2 2 2 2 2 2 2 2 2 2 2 2 2 2 2 2 2 2 2 2 2
left_child=1 5 3 11 9 22 8 -8 -7 10 19 15 -4 -10 20 29 -6 -15 -17 -3 -14 -9 -1 25 -25 -24 27 28 -26 -2
right_child=2 4 12 -5 16 6 7 21 13 -11 -12 -13 14 17 -16 18 -18 -19 -20 -21 -22 -23 23 24 26 -27 -28 -29 -30 -31
leaf_value=-0.049248856352909341 -0.042635267901514104 -0.050126291066336315 0.060774214713243561 -0.044284176040597159 -0.044966109489586986 0.01986478170751892 0.094956670709303678 -0.03552000901556325 -0.047814956662802541 0.060030499995167491 0.038980863849114721 0.061545070060238877 -0.019534273986254579 -0.03587060860550826 0.056421471233550506 0.055231978634374207 0.031705461996363711 0.055615518170386541 0.01537851550362496 0.0075563383849796871 0.029962450252807016 0.27458080100807342 0.042714107700678919 -0.046111380715182802 0.22529581174700741 -0.047626264137224532 0.12108132306531674 0.22457215225170413 0.70049329227684887 0.011201151358380693
leaf_weight=8526.1712917382829 50.286181515781209 34.229710702784359 3753.8959830310196 248.95655117020942 130.65778133203276 74.059913928620517 76.990532614290714 24.151074949884791 577.54676365526393 272.04717071633786 363.03893152717501 129.26324801985174 57.191407518461347 27.504066802561283 160.09594130143523 85.883464466780424 26.341892428696156 28.509228873532265 182.8069919757545 131.4378762175329 75.053235720843077 0.85130136273801227 17.937172660138458 3.5533618656918398 0.89334979187697028 227.72224103542976 4.1469084918498993 2.2066138777881861 1.2612969018518922 44.897908707614988
leaf_count=2420511 6916 3995 26965 57090 30854 6915 1601 3478 157354 1945 4175 1085 2273 5274 1001 700 476 1362 2019 4691 645 25 2819 301 25 61106 27 55 32 2213
internal_value=-0.0118031 -0.0400145 0.0503618 0.00383299 0.0258105 -0.0465861 -0.0232933 0.0655601 -0.0361002 0.0371651 0.0253996 0.0281245 0.0588953 -0.0426422 0.0347692 0.0162522 -0.0321019 0.0106933 0.0281172 -0.00436186 0.00855676 -0.0249614 -0.0487329 -0.0316652 0.159068 -0.0410299 0.244759 0.362359 0.503469 -0.0172409
internal_weight=15339.6 10551.3 4788.33 742.094 957.753 9593.51 809.613 101.993 707.62 800.754 528.707 493.138 4046.24 633.56 292.341 363.875 157 56.0133 268.69 165.668 132.245 25.0024 8783.89 257.721 12.0615 245.659 8.50817 4.36126 2.15465 95.1841
internal_count=2807928 2707021 100907 70023 46136 2660885 176009 5104 170905 14806 12861 12933 30884 163990 3919 11848 31330 6636 2719 8686 2918 3503 2484876 64365 440 63925 139 112 57 9129
is_linear=0
shrinkage=0.05


Tree=26
num_leaves=31
num_cat=0
split_feature=9 2 3 11 11 4 7 8 11 7 4 11 4 10 5 9 7 10 7 7 8 2 3 0 10 7 8 10 4 6
split_gain=10132.4 1740.65 727.964 322.034 231.536 190.348 339.059 99.4172 94.8818 85.3677 74.5762 73.5432 72.636 67.6462 64.7301 53.4049 48.7347 47.7391 42.3479 40.2998 40.2416 35.7005 31.6577 31.1373 157.065 61.286 51.374 28.8858 39.3122 26.6275
threshold=0.64226880669593822 0.79118219017982494 0.47413024306297308 1.0000000180025095e-35 1.0000000180025095e-35 0.66287881135940563 0.17752101272344592 1.0000000180025095e-35 1.0000000180025095e-35 0.10912698507308961 0.65545505285263073 1.0000000180025095e-35 0.82446312904357921 1.0000000180025095e-35 1.0000000180025095e-35 0.90377491712570202 0.1863425895571709 1.0000000180025095e-35 0.098387096077203764 0.15075758099555972 0.27465948462486273 0.18808962404727939 0.79655173420906078 0.46428571641445165 1.0000000180025095e-35 0.075498577207326903 1.0000000180025095e-35 1.0000000180025095e-35 0.46470099687576299 1.0000000180025095e-35
decision_type=2 2 2 2 2 2 2 2 2 2 2 2 2 2 2 2 2 2 2 2 2 2 2 2 2 2 2 2 2 2
left_child=1 5 3 10 9 23 7 29 -8 12 15 -4 20 -9 22 17 -6 -2 -15 21 -3 -19 -13 -1 26 -26 -25 28 -17 -7
right_child=2 4 11 -5 16 6 8 13 -10 -11 -12 14 -14 18 -16 27 -18 19 -20 -21 -22 -23 -24 24 25 -27 -28 -29 -30 -31
leaf_value=-0.049192342363153813 -0.028733614476828137 0.013677898040003363 0.060074659870024173 -0.043942120528028435 -0.044711041450548397 -0.013211836228256654 0.088553813133750367 -0.047685755421924582 -0.024397357510148307 0.05702559728912069 0.065191447437148081 -0.025235514742683287 0.037959895512194565 -0.02627644120940344 0.057348448556989673 0.16890197035788168 0.029495094400203793 0.61132828226433178 0.062482912148529163 0.014902437079064357 -0.037104737015415293 0.12761915509807745 0.025695865228824711 0.038953690834300989 -0.045378533501195167 0.20011659705968468 -0.047487756152441822 0.032515169411614607 0.020154364673177119 0.046467797977347867
leaf_weight=8119.4307508487254 81.118171303067356 128.78641037736088 3611.3433817643672 238.6122285888996 124.9768815243151 35.057405478321016 78.392498418223113 550.83096461137757 24.37339392118156 296.78136996552348 100.90806540194899 44.352171305567026 307.58283312246203 32.673670705175027 144.21918509528041 9.6375561151653546 26.885600029025227 0.45188600802794043 22.826518622227013 158.61796704120934 55.962340146768838 2.4475125488825142 97.762747772736475 18.66547257034108 3.4332760046236208 9.7954984875395876 217.23218884435482 128.64214161038399 8.2393551692366582 40.03388712182641
leaf_count=2420511 8160 2232 26965 57090 30854 4733 1601 157354 3503 2487 778 2107 3140 5835 921 127 476 18 801 3064 6947 100 891 2819 301 139 61106 644 42 2182
internal_value=-0.011709 -0.0397933 0.049565 0.00369366 0.0249636 -0.0464508 -0.0228958 -0.0356636 0.0617647 0.0358441 0.0268876 0.0581407 0.0230757 -0.0423845 0.0337494 0.0169554 -0.0315737 0.00256177 0.0102291 0.0182791 -0.0017047 0.203008 0.00980086 -0.0486581 -0.0312465 0.136403 -0.0406481 0.0407912 0.100345 0.0186055
internal_weight=14720.1 10093.7 4626.35 728.675 940.975 9152.75 784.188 681.422 102.766 789.113 490.063 3897.68 492.332 606.331 286.334 389.155 151.862 242.636 55.5002 161.517 184.749 2.8994 142.115 8368.56 249.126 13.2288 235.898 146.519 17.8769 75.0913
internal_count=2807928 2707021 100907 70023 46136 2660885 176009 170905 5104 14806 12933 30884 12319 163990 3919 12155 31330 11342 6636 3182 9179 118 2998 2484876 64365 440 63925 813 169 6915
is_linear=0
shrinkage=0.05


Tree=27
num_leaves=31
num_cat=0
split_feature=9 0 3 11 1 11 7 10 1 11 5 7 3 7 7 11 12 3 10 0 10 8 8 3 5 1 6 5 8 7
split_gain=9540.23 1629.43 697.98 298.767 222.385 141.105 122.662 470.766 168.74 73.7495 61.8279 58.6333 57.042 54.1042 52.9178 52.4027 51.1537 79.8385 46.1672 44.4851 43.6484 35.1976 33.2115 28.8277 28.4121 24.9831 21.9316 21.7437 28.1926 41.274
threshold=0.64226880669593822 0.58571431040763866 0.47413024306297308 1.0000000180025095e-35 0.85934066772460949 1.0000000180025095e-35 0.17752101272344592 1.0000000180025095e-35 0.43792808055877691 1.0000000180025095e-35 1.0000000180025095e-35 0.098387096077203764 0.7103942632675172 0.64495798945426952 0.15075758099555972 1.0000000180025095e-35 1.0000000180025095e-35 0.92940199375152599 1.0000000180025095e-35 0.29285715520381933 1.0000000180025095e-35 0.59102103114128124 0.8825557827949525 0.79655173420906078 1.0000000180025095e-35 0.55625879764556896 1.0000000180025095e-35 1.0000000180025095e-35 0.17295821756124499 0.27525253593921667
decision_type=2 2 2 2 2 2 2 2 2 2 2 2 2 2 2 2 2 2 2 2 2 2 2 2 2 2 2 2 2 2
left_child=1 4 3 13 6 18 16 12 19 -4 23 26 24 20 21 -14 17 -1 27 -9 22 -7 25 -11 -8 -2 -6 28 -3 -30
right_child=2 5 9 -5 11 14 7 8 -10 10 -12 -13 15 -15 -16 -17 -18 -19 -20 -21 -22 -23 -24 -25 -26 -27 -28 -29 29 -31
leaf_value=-0.038195504196607249 -0.030504870109694934 0.029923803250956255 0.059408195244527076 -0.043588047210025772 -0.034152320884830688 -0.046568404498940119 -0.047233885826336211 0.0023449307912556815 0.13511094578249347 -0.024249573302925195 0.056341726216714932 0.069827545993372375 0.062294634470861657 0.043706364785957651 0.039544966472120038 -0.040839762085193992 -0.049172734810918106 0.040255417540467145 0.056512299514827405 0.21027537552565559 0.02443221045652651 0.40040169601547321 0.12772800384209737 0.02459431729883799 0.33829028091457836 0.13226018800715619 0.027900424688251296 0.036831251726798298 -0.029655568738539018 0.089200448096464519
leaf_weight=212.68063018633984 79.403505609836429 104.22091577481478 3472.7773734838702 228.77271504024975 31.570209633558989 80.089860183186829 664.88915135385469 58.402346625458449 50.376631109975278 43.860484848497435 139.57461907714605 45.439858314814046 23.729122438235208 224.45412275055423 24.702707726042718 25.608401616569608 7690.6175909708254 38.265647337306291 221.11166636925191 2.6907940800301722 177.30439210962504 0.44288525660522182 3.6873776903375974 97.052904065465555 0.47824799688532849 2.4297083942219606 25.938370316289365 295.31102892523631 52.048502737190574 8.4965995782986266
leaf_count=55691 8135 1045 26965 57090 3279 20046 200451 11438 841 2107 921 648 1174 1443 552 4711 2393096 4711 1625 26 3284 27 51 891 8 20 1088 2487 4015 62
internal_value=-0.0116141 -0.0395673 0.0487858 0.00354778 -0.0456825 0.0294114 -0.0465404 -0.0282046 0.0673653 0.0574163 0.0327544 0.0273773 -0.0431103 0.0256776 -0.0244733 0.00876323 -0.0484479 -0.0262329 0.0377359 0.011503 0.0102809 -0.0441103 -0.0190581 0.00939124 -0.0469568 -0.0256722 -0.00616437 0.028712 0.0141598 -0.0129759
internal_weight=14126.4 9657.11 4469.32 716.052 8870.69 786.424 8767.74 826.175 111.47 3753.27 280.488 102.948 714.705 487.279 105.235 49.3375 7941.56 250.946 681.189 61.0931 262.825 80.5327 85.5206 140.913 665.367 81.8332 57.5086 460.077 164.766 60.5451
internal_count=2807928 2707021 100907 70023 2677162 29859 2672147 218649 12305 30884 3919 5015 206344 12933 20625 5885 2453498 60402 9234 11464 11490 20073 8206 2998 200459 8155 4367 7609 5122 4077
is_linear=0
shrinkage=0.05


Tree=28
num_leaves=31
num_cat=0
split_feature=9 4 3 11 11 0 11 7 8 7 11 4 8 1 4 7 4 11 7 9 9 8 5 4 11 1 9 0 4 9
split_gain=8982.4 1588.83 670.473 336.31 248.789 167.157 168.374 118.071 122.396 100.158 90.0621 74.3184 63.6417 63.4594 56.8452 48.8246 219.885 66.4367 47.8356 43.8814 41.2716 34.3959 33.8663 33.6856 32.2676 56.9613 55.0104 76.9155 238.732 32.2421
threshold=0.64226880669593822 0.73746865987777721 0.4403389841318131 1.0000000180025095e-35 1.0000000180025095e-35 0.46428571641445165 1.0000000180025095e-35 0.080540537834167494 0.25940062105655676 0.10912698507308961 1.0000000180025095e-35 0.56691542267799389 0.2096006125211716 0.85934066772460949 0.65545505285263073 0.22902098298072818 0.62115561962127697 1.0000000180025095e-35 0.17752101272344592 0.90377491712570202 0.51358735561370861 0.73186674714088451 1.0000000180025095e-35 0.32305502891540533 1.0000000180025095e-35 0.45512083172798162 0.46437034010887152 0.11805555596947671 0.4901809841394425 0.57979589700698864
decision_type=2 2 2 2 2 2 2 2 2 2 2 2 2 2 2 2 2 2 2 2 2 2 2 2 2 2 2 2 2 2
left_child=1 5 4 7 14 15 9 8 -3 12 -4 -12 -7 -11 19 -1 24 -18 -5 21 -10 -2 -13 -23 25 -17 27 28 -27 -14
right_child=2 3 10 18 -6 6 -8 -9 20 13 11 22 29 -15 -16 16 17 -19 -20 -21 -22 23 -24 -25 -26 26 -28 -29 -30 -31
leaf_value=-0.049306038245189011 -0.017452062899567945 0.031966798394833219 0.058685770601466063 -0.046033789473900855 -0.04318642703792086 0.021672594424692632 -0.048197818290505928 0.058670272978299812 -0.038057894393201494 0.10944684035136493 -0.039044151916367016 0.019027485134031186 -0.03934870773709289 0.0097103256676671287 0.061297281833149447 -0.029740501099937533 0.12785261274526008 -0.024852349613811088 0.022020143649889433 0.03665382958078181 0.17205775616304841 0.047930646295044288 0.056011088829077751 -0.0064987090545606148 -0.049862009953160334 -0.050256905468097905 0.065608043603384236 0.16283091978268416 3.2814878861591712 0.45664759464453514
leaf_weight=7298.5254592264537 119.82531054108404 372.72438645618968 3371.3503970247693 177.71120278560556 210.34844434051774 90.481355603784323 234.82277214876376 321.2590487706475 89.170276721706614 35.43072175164707 34.833640577271581 115.02964935870841 90.612954442389309 29.005193610675633 78.564041553996503 87.262007360113785 26.126101304078475 9.7922745319083315 30.211472374387085 139.86738831549883 2.3999866829253724 57.320854579331353 134.01758319139481 56.39119720668532 335.55087578762323 0.13345384458079834 8.8047518029343319 0.46364465728402138 0.090041871182620525 0.3288359937723716
leaf_count=2393785 8785 5324 27356 51198 55993 4671 70162 4214 17466 1654 2756 1345 20682 275 637 23444 1013 2467 1198 777 76 1125 915 1218 108239 32 999 91 18 13
internal_value=-0.0115176 -0.0393354 0.0480211 0.0204001 0.0017333 -0.0465311 -0.0179181 0.0353667 0.0192423 0.0110025 0.0564083 0.0293614 -0.00801648 0.0645514 0.0226392 -0.0483019 -0.0326503 0.0862213 -0.0361455 0.0145055 -0.0325509 0.00124073 0.0389291 0.0209385 -0.0425268 -0.0170876 0.0992344 0.53011 1.29204 -0.0375552
internal_weight=13558.5 9240.91 4317.55 993.476 662.317 8247.43 480.682 785.554 464.295 245.859 3655.23 283.881 181.423 64.4359 451.969 7766.75 468.223 35.9184 207.923 373.405 91.5703 233.537 249.047 113.712 432.305 96.7539 9.49189 0.68714 0.223496 90.9418
internal_count=2807928 2707021 100907 79476 68535 2627545 97457 27080 22866 27295 32372 5016 25366 1929 12542 2530088 136303 3480 52396 11905 17542 11128 2260 2343 132823 24584 1140 141 50 20695
is_linear=0
shrinkage=0.05


Tree=29
num_leaves=31
num_cat=0
split_feature=7 2 4 11 11 3 0 10 8 10 4 8 5 11 5 7 4 4 10 7 5 7 11 8 4 7 4 4 2 8
split_gain=8058.03 1488.97 1175.82 422.5 180.196 143.683 132.554 191.97 121.102 94.8885 67.639 62.1008 59.9313 59.7108 49.6158 39.5892 36.1895 35.0505 85.2923 33.4237 32.9302 32.3672 31.1036 28.9992 27.2031 26.0766 24.3436 23.9801 25.3763 22.9083
threshold=0.26794873178005224 0.79118219017982494 0.57804551720619213 1.0000000180025095e-35 1.0000000180025095e-35 0.48528139293193823 0.46428571641445165 1.0000000180025095e-35 1.0000000180025095e-35 1.0000000180025095e-35 0.82446312904357921 0.75093984603881847 1.0000000180025095e-35 1.0000000180025095e-35 1.0000000180025095e-35 0.10435571894049646 0.26138716936111456 0.71937501430511486 1.0000000180025095e-35 0.20942982286214831 1.0000000180025095e-35 0.10912698507308961 1.0000000180025095e-35 0.2096006125211716 0.45867486298084265 0.59166666865348827 0.80982521176338207 0.67826876044273388 0.13446328043937686 0.70782846212387096
decision_type=2 2 2 2 2 2 2 2 2 2 2 2 2 2 2 2 2 2 2 2 2 2 2 2 2 2 2 2 2 2
left_child=1 6 3 5 9 11 12 8 -8 10 23 25 17 -4 27 -6 -13 29 -19 -10 -17 -20 -14 -3 -11 -2 -23 -15 -29 -1
right_child=2 4 13 -5 15 -7 7 -9 19 24 -12 16 22 14 -16 20 -18 18 21 -21 -22 26 -24 -25 -26 -27 -28 28 -30 -31
leaf_value=-0.049216062304332717 -0.024799277154641579 0.010539629536355177 0.058463372682099349 -0.046024533737794519 -0.048091028146045614 0.062698741876902261 0.033263733122091181 0.090813400640883085 -0.046651679387970331 -0.10469986764069678 0.034272769169800571 0.052647215527658664 0.072598651545364892 -0.020527153095341401 0.055930961850878015 -0.025364229784684802 0.008221574084448343 -0.041729492137773994 -0.027525174229531657 0.041755572766163616 0.071719048440330044 0.1138086741846949 -0.039249482604482688 -0.030260346982719261 0.059481558123817904 0.02085074466578191 0.0048758149772741002 0.40579137706113155 0.024258540252507316 0.012021193494260266
leaf_weight=7048.9114043049049 145.90943486057222 124.62435610871762 3236.8325169924647 393.56392770982347 96.033498719800264 155.58473479840904 63.010961880907416 36.581782951019704 277.51318587479182 2.5498481197282663 301.60796591965482 75.000102640595287 15.509713975014165 38.738611948210746 130.00705430610105 22.064030401175842 117.90858032274991 206.19239598419517 10.796131360577418 11.119364778045563 14.458419737638904 15.339277182240041 10.372820481425151 66.947607482550666 239.28529490251094 39.820677119772881 7.7048233877867451 0.4377810109872361 97.124856275040656 15.305348548106847
leaf_count=2427783 20443 1735 28084 114689 28702 1758 4109 708 87952 30 3248 694 429 4165 937 2058 1591 59100 1438 792 477 203 2780 7730 1937 486 42 52 1626 2150
internal_value=-0.0114261 -0.039687 0.0433357 -0.00671366 0.0224185 0.0222468 -0.0466678 -0.0181958 -0.0295361 0.0320955 0.0195153 0.00562484 -0.0481758 0.056591 0.0338329 -0.03124 0.0254936 -0.0484449 -0.029655 -0.0432459 0.0130689 0.0439165 0.0277738 -0.00371852 0.0577505 -0.0150119 0.0773868 0.0127553 0.0259705 -0.0490834
internal_weight=13016.9 8585.93 4430.93 927.787 867.571 534.224 7718.36 388.225 351.644 735.015 493.18 378.639 7330.13 3503.14 266.308 132.556 192.909 7304.25 240.033 288.633 36.5225 33.8402 25.8825 191.572 241.835 185.73 23.0441 136.301 97.5626 7064.22
internal_count=2807928 2633403 174525 139661 45917 24972 2587486 93561 92853 14680 12713 23214 2493925 34864 6780 31237 2285 2490716 60783 88744 2535 1683 3209 9465 1967 20929 245 5843 1678 2429933
is_linear=0
shrinkage=0.05


Tree=30
num_leaves=31
num_cat=0
split_feature=9 4 3 11 11 7 8 3 10 8 11 4 4 7 4 5 2 7 9 10 7 7 10 1 8 7 4 4 8 3
split_gain=7967.31 1451.55 616.996 344.563 240.13 139.623 129.668 126.681 186.587 113.11 72.8667 64.7477 56.3988 50.3424 49.777 49.2268 39.4043 41.0662 39.1195 37.5767 35.4263 34.6833 113.723 56.5303 33.0609 29.7468 29.3506 26.4876 26.3897 23.9254
threshold=0.64226880669593822 0.71937501430511486 0.47413024306297308 1.0000000180025095e-35 1.0000000180025095e-35 0.075498577207326903 0.27465948462486273 0.90098038315773021 1.0000000180025095e-35 1.0000000180025095e-35 1.0000000180025095e-35 0.65545505285263073 0.84292763471603405 0.20942982286214831 0.51668518781661998 1.0000000180025095e-35 0.74352160096168529 0.070197045803070082 0.90377491712570202 1.0000000180025095e-35 0.2788888961076737 0.29705883562564855 1.0000000180025095e-35 0.49691358208656317 0.56765475869178783 0.15075758099555972 0.6291005313396455 0.76506900787353527 0.75093984603881847 0.90521115064620983
decision_type=2 2 2 2 2 2 2 2 2 2 2 2 2 2 2 2 2 2 2 2 2 2 2 2 2 2 2 2 2 2
left_child=1 7 4 5 11 6 29 15 9 -9 -4 18 28 -5 -10 21 17 -16 19 -2 -11 -1 26 -24 -8 -21 -23 -6 -12 -3
right_child=2 3 10 13 27 -7 24 8 14 20 12 -13 -14 -15 16 -17 -18 -19 -20 25 -22 22 23 -25 -26 -27 -28 -29 -30 -31
leaf_value=-0.049136717935719915 -0.027582130741691902 -0.0033542309509354004 0.057580574750135019 -0.044895242323831283 -0.044338277317292125 0.056657275202099594 -0.041292205113560486 0.021735979993240721 -0.029682536867707644 -0.046569812341823891 -0.021708722163989419 0.060271190755874532 0.052242249333945105 0.02846109907381271 -0.038458881721019779 0.08833743361863132 0.057955278734388396 0.19877815584836789 0.034320911927377691 0.15968882360026643 0.043379230709596622 -0.048446372042832461 0.033866089632814352 0.22189588438964658 0.1760552980299861 0.011607293871133358 0.052513549823079514 0.13932118879982824 0.024956071903311179 0.032344436320916638
leaf_weight=6723.6167997936718 76.867528671165928 54.570651169400662 3080.934065932408 212.32074777828529 200.049924910767 328.97245047357865 95.06319161108695 79.624242678517476 9.8495293757878226 364.47320440597832 51.178352153161541 91.654435534961522 137.95829975605011 26.283557819901034 2.1513593869749448 6.5733489559497675 24.590945853386074 11.993365868926047 142.492127943784 3.4635393898934117 11.285386619158087 145.99101931252517 21.791266889311377 4.895286386832594 1.7824315796606232 162.81819160934538 7.572158209513872 1.9826174727641035 74.253527751425281 335.43117760051973
leaf_count=2429322 8160 4542 26965 66294 57063 5313 21443 4957 357 116494 2258 778 1001 1010 243 329 202 129 813 118 434 50383 2094 61 20 3064 927 27 660 2467
internal_value=-0.0113317 -0.038855 0.0465982 0.0160365 0.00315566 0.031494 0.0144906 -0.0466613 -0.0224599 -0.0323973 0.0554226 0.0224963 0.0301807 -0.0368146 0.0706819 -0.0484262 0.0962022 0.162695 0.0135184 0.00132757 -0.0438683 -0.0485565 -0.0269119 0.0683576 -0.037292 0.0146917 -0.0434681 -0.042536 0.00591604 0.0273493
internal_weight=12492.5 8468.83 4023.65 1054.42 679.328 815.82 486.847 7414.41 503.968 455.383 3344.32 477.296 263.39 238.604 48.5852 6910.44 38.7357 14.1447 385.641 243.149 375.759 6903.87 180.25 26.6866 96.8456 166.282 153.563 202.033 125.432 390.002
internal_count=2807928 2707021 100907 101089 70023 33785 28472 2605932 122816 121885 30884 12933 3919 67304 931 2483116 574 372 12155 11342 116928 2482787 53465 2155 21463 3182 51310 57090 2918 7009
is_linear=0
shrinkage=0.05


Tree=31
num_leaves=31
num_cat=0
split_feature=9 4 3 11 11 0 10 7 8 8 11 4 4 7 4 7 10 2 4 7 4 8 4 8 4 2 2 2 8 2
split_gain=7501.98 1389.6 592.056 318.217 223.415 140.04 150.821 130.509 118.893 102.21 72.9071 61.5609 53.7498 48.1875 45.2779 42.1607 201.225 105.879 35.2058 33.3608 32.4117 35.6413 31.4222 31.336 31.0705 30.1426 29.0924 75.7439 28.9021 26.161
threshold=0.64226880669593822 0.71937501430511486 0.47413024306297308 1.0000000180025095e-35 1.0000000180025095e-35 0.46428571641445165 1.0000000180025095e-35 0.075498577207326903 0.27465948462486273 1.0000000180025095e-35 1.0000000180025095e-35 0.59675306081771862 0.84292763471603405 0.17752101272344592 0.3034138828516007 0.21980676054954532 1.0000000180025095e-35 0.45512083172798162 0.51668518781661998 0.2788888961076737 0.51113310456275951 0.42563724517822271 0.19639987498521808 0.56765475869178783 0.6291005313396455 0.85934066772460949 0.24068965017795566 0.27334994077682501 0.3341307938098908 1.0000000180025095e-35
decision_type=2 2 2 2 2 2 2 2 2 2 2 2 2 2 2 2 2 2 2 2 2 2 2 2 2 2 2 2 2 2
left_child=1 5 4 7 11 15 9 8 -3 -7 -4 14 -12 -5 -2 -1 24 22 -8 -11 -19 -22 26 -10 -17 -20 -18 -28 -24 -16
right_child=2 3 10 13 -6 6 18 -9 23 19 12 -13 -14 -15 29 16 17 20 25 -21 21 -23 28 -25 -26 -27 27 -29 -30 -31
leaf_value=-0.049359782499683896 0.029125515581962177 0.026080396441921685 0.057011212505391345 -0.045874231765978407 -0.042211438059434163 0.021563482183753084 -0.024326889130679527 0.055003245458728325 -0.040631838893934687 -0.046381678936398371 0.0056634011761578376 0.051502396657800688 0.051336611058056474 0.018639415755845695 0.086742526443523912 -0.048652224864592766 0.11507533583741225 0.018797836005896653 0.13777959913901797 0.040605572297706907 0.40680990866620359 0.16979096342538041 0.3383273571717591 0.17663732219679065 0.019790917198283131 0.046863545828404025 1.3605950951246806 -0.05027465771284334 -0.00011791517881398956 -0.010888404252733448
leaf_weight=6191.3500192428473 170.18776698992588 388.56849686475471 2959.2042118515819 195.94204769702628 193.62864518957213 78.844329385086894 8.3432593583129329 322.10011344472878 91.859731930075213 270.41774949012324 124.49132456700318 125.84827926033176 133.48647468723357 33.961734026903287 7.1491617523133746 403.34790045069531 1.5118284074123938 2.7929142548236987 17.162827470805496 11.490457697305827 1.8959453240968276 9.7049716783221793 0.64101174240931769 1.6900739753618825 17.292562255635858 19.446624934673309 0.17719169054180373 0.20540579268708825 39.601805076701567 170.53366956743412
leaf_count=2354442 4648 7009 26965 65703 57090 4071 238 5313 21443 87146 2918 1288 1001 1601 125 148397 345 169 366 414 27 123 119 20 2960 138 40 50 6887 6872
internal_value=-0.0112354 -0.0386069 0.0458984 0.0155311 0.00303927 -0.0465209 -0.0179999 0.0303607 0.0138973 -0.0287613 0.0547888 0.0215351 0.0292963 -0.0363442 0.0106939 -0.0482561 -0.0339354 0.0546344 0.0683621 -0.0428361 0.171713 0.208527 0.0146411 -0.0367066 -0.0458385 0.0894858 0.213644 0.603139 0.00527304 -0.00696017
internal_weight=11992.9 8108.35 3884.53 1034.12 667.348 7074.23 405.705 804.218 482.118 360.753 3217.18 473.719 257.978 229.904 347.871 6668.52 477.172 56.5311 44.9527 281.908 14.3938 11.6009 42.1372 93.5498 420.64 36.6095 1.89443 0.382597 40.2428 177.683
internal_count=2807928 2707021 100907 101089 70023 2605932 92373 33785 28472 91631 30884 12933 3919 67304 11645 2513559 159117 7760 742 87560 319 150 7441 21463 151357 504 435 90 7006 6997
is_linear=0
shrinkage=0.05


Tree=32
num_leaves=31
num_cat=0
split_feature=7 2 4 11 11 3 0 10 10 8 11 4 5 8 5 7 4 10 7 4 7 8 5 11 4 8 10 8 7 7
split_gain=6741.8 1305.16 1011.41 349.872 172.585 118.684 115.621 153.328 97.337 92.1844 60.4611 59.7402 54.4483 51.6486 45.9049 38.5518 30.804 67.2296 36.8319 30.1394 29.9725 28.8789 28.1849 25.9739 24.4461 23.9356 22.9938 22.7803 31.1385 22.0323
threshold=0.26794873178005224 0.77485185861587536 0.57804551720619213 1.0000000180025095e-35 1.0000000180025095e-35 0.48528139293193823 0.46428571641445165 1.0000000180025095e-35 1.0000000180025095e-35 1.0000000180025095e-35 1.0000000180025095e-35 0.82446312904357921 1.0000000180025095e-35 0.75093984603881847 1.0000000180025095e-35 0.10435571894049646 0.68108487129211437 1.0000000180025095e-35 0.098387096077203764 0.26138716936111456 0.14039409160614016 0.2096006125211716 1.0000000180025095e-35 1.0000000180025095e-35 0.45867486298084265 0.70782846212387096 1.0000000180025095e-35 0.5953289568424226 0.1863425895571709 0.59166666865348827
decision_type=2 2 2 2 2 2 2 2 2 2 2 2 2 2 2 2 2 2 2 2 2 2 2 2 2 2 2 2 2 2
left_child=1 6 3 5 8 13 12 9 11 -8 -4 21 16 29 -12 -6 25 -18 -19 -15 -11 -3 -17 -14 -10 -1 -27 -13 -29 -2
right_child=2 4 10 -5 15 -7 7 -9 24 20 14 27 23 19 -16 22 17 18 -20 -21 -22 -23 -24 -25 -26 26 -28 28 -30 -31
leaf_value=-0.049260763907216912 -0.023905315958344261 0.008992548836244613 0.056710429667472528 -0.045332246604988753 -0.048178076034296913 0.057668282947488041 0.027493382771509346 0.084057232548016197 -0.098908660817050242 -0.048335418506629355 0.010905408882990159 0.028559341003815714 0.069437066615137974 0.047262349584388352 0.053668974388296702 -0.023652620055386101 -0.042181230562713085 -0.038906925078621951 0.057756720918680164 0.006769744287723616 0.010914405746223684 -0.030803128548315201 0.065574954102762539 -0.038028233382631067 0.057808172727685472 -0.035696952989902032 0.091861185216615751 0.24806996232813666 0.032996618146368825 0.018154665112094563
leaf_weight=5956.7672904948704 140.97678468865342 134.95010470901616 2873.0886942045763 346.32347752107307 101.52817300986499 146.50352581567131 58.134893991984427 33.249842227436602 2.5166639890521756 219.85526304226369 132.52731646550819 289.584050884936 14.477565068984404 75.3281327590812 119.19974127598107 22.548141767038032 292.07559507759288 15.050909069366751 28.543253812007606 117.84625620208681 23.639743542065844 68.844322857214138 14.568570515606551 9.1928779799491167 221.48504538764246 9.0013049864210171 5.8154156282544127 2.8243127018213263 4.1643079593777657 39.961870497092605
leaf_count=2378475 20443 2215 28084 114689 35608 1758 3956 672 33 81934 5843 3356 424 694 937 2653 99288 3342 577 1591 3620 9750 505 2761 2022 2055 87 31 39 486
internal_value=-0.0111343 -0.0389852 0.0413951 -0.00638757 0.0188718 0.0195191 -0.0464759 -0.0178439 0.0286539 -0.0290769 0.0546518 0.0163905 -0.0479904 0.00457983 0.0311551 -0.0322365 -0.0482744 -0.0335363 0.0243835 0.0225598 -0.0425831 -0.00445093 0.0113698 0.0277008 0.0560475 -0.0491029 0.0143683 0.0307121 0.119914 -0.014616
internal_weight=11520.6 7528.82 3991.76 866.94 863.014 520.617 6665.8 334.88 724.369 301.63 3124.82 500.367 6330.92 374.113 251.727 138.645 6307.25 335.67 43.5942 193.174 243.495 203.794 37.1167 23.6704 224.002 5971.58 14.8167 296.573 6.98862 180.939
internal_count=2807928 2633403 174525 139661 56212 24972 2577191 90182 17446 89510 34864 15391 2487009 23214 6780 38766 2483824 103207 3919 2285 85554 11965 3158 3185 2055 2380617 2142 3426 70 20929
is_linear=0
shrinkage=0.05


Tree=33
num_leaves=31
num_cat=0
split_feature=9 4 3 11 11 0 10 10 9 3 11 4 4 4 9 10 5 4 2 6 0 2 0 4 10 4 13 2 1 4
split_gain=6648.09 1277.06 549.522 273.34 208.415 138.783 127.145 95.0848 92.9173 71.1608 63.3004 62.0757 44.4754 42.5955 36.9536 37.0997 35.8907 30.483 30.3341 30.2514 42.6564 39.6738 28.7858 28.5279 25.2227 26.4881 22.6792 21.7437 21.6674 21.6378
threshold=0.64226880669593822 0.71937501430511486 0.51087471842765819 1.0000000180025095e-35 1.0000000180025095e-35 0.46428571641445165 1.0000000180025095e-35 1.0000000180025095e-35 1.0000000180025095e-35 0.90521115064620983 1.0000000180025095e-35 0.65545505285263073 0.93063354492187511 0.84292763471603405 0.90377491712570202 1.0000000180025095e-35 1.0000000180025095e-35 0.51668518781661998 0.35043859481811529 1.0000000180025095e-35 0.11805555596947671 0.68133461475372326 0.095454547554254546 0.76506900787353527 1.0000000180025095e-35 0.49205549061298376 1.0000000180025095e-35 0.85934066772460949 0.53694942593574535 0.63702240586280834
decision_type=2 2 2 2 2 2 2 2 2 2 2 2 2 2 2 2 2 2 2 2 2 2 2 2 2 2 2 2 2 2
left_child=1 5 4 7 11 16 8 9 18 19 -4 14 -5 -12 15 -2 29 -8 -7 20 28 -21 -18 -6 25 -16 -26 -19 -3 -1
right_child=2 3 10 12 23 6 17 -9 -10 -11 13 -13 -14 -15 24 -17 22 27 -20 21 -22 -23 -24 -25 26 -27 -28 -29 -30 -31
leaf_value=-0.049047951063831807 -0.027419491850164221 -0.010931821142932964 0.056128564312137946 -0.041650480816886139 -0.043536395631660278 0.58501468478495933 -0.024006518512326838 0.054720173638378326 -0.042212525113743127 0.027002653052884192 0.0076964788136413519 0.05574097770396215 0.048181480257703996 0.049712538641069004 0.13197718481199816 0.01359170058749716 0.092046281137272423 0.12016147970417035 0.01743436083266435 -0.047217820781102447 -0.042573690710226222 0.059370524974113964 -0.035330445608204329 0.11214401936106627 0.012480571007715706 0.013540742848673362 0.063639447706462682 0.043352842060791805 0.13601124834389963 -0.036509125431697348
leaf_weight=5673.9677459504455 80.380591910332441 4.7635416833218169 2694.0879612280987 199.21949414885603 182.4759706670884 0.23609230294823547 8.476151103153823 237.6679832204245 259.84780131583102 412.6057751418557 116.72153968946077 102.36637144628912 14.802131681237368 124.83745415695012 11.885207347571852 175.6468918309547 8.1407586229033786 18.141603867523372 80.883689436130226 13.433567581465466 82.647239724639803 24.934807368554175 9.7449694783426803 2.9909016434103242 95.830671936273575 7.8316069543361655 27.990905605256557 18.723963849246502 5.299820524873212 366.27389527740888
leaf_count=2373450 8241 687 26629 65058 57617 38 238 3613 87560 7743 2362 947 2246 996 131 3231 281 366 4033 3135 17039 1376 2593 34 519 45 155 138 192 137235
internal_value=-0.0110356 -0.038084 0.0445073 0.0146262 0.00426591 -0.0462253 -0.0171686 0.0283392 -0.0276289 0.016807 0.0539301 0.0210015 -0.0354375 0.0294103 0.0121014 0.000716114 -0.0480782 0.0614925 0.0190863 -0.0152866 -0.0307391 0.0220517 0.0226456 -0.0410258 0.0324092 0.0849337 0.0240455 0.0811505 0.066455 -0.0482876
internal_weight=11062.9 7439.81 3623.05 995.374 687.399 6444.44 386.309 781.353 340.968 543.685 2935.65 501.932 214.022 241.559 399.566 256.027 6058.13 45.3417 81.1198 131.079 92.7106 38.3684 17.8857 185.467 143.538 19.7168 123.822 36.8656 10.0634 6040.24
internal_count=2807928 2707021 100907 101089 70920 2605932 92373 33785 91631 30172 29987 13269 67304 3358 12322 11472 2513559 742 4071 22429 17918 4511 2874 57651 850 176 674 504 879 2510685
is_linear=0
shrinkage=0.05


Tree=34
num_leaves=31
num_cat=0
split_feature=9 4 3 7 9 10 0 7 10 9 10 7 10 2 10 3 0 4 1 7 4 1 10 3 4 7 3 4 13 4
split_gain=6255.08 1222.98 529.11 193.782 224.791 141.481 138.462 122.733 116.015 87.9715 64.1386 45.6425 178.795 84.7533 43.6764 66.6316 61.5333 43.585 32.5871 31.6526 31.4766 39.142 30.9946 38.6728 30.3998 29.1918 42.1655 27.0925 26.286 26.0367
threshold=0.64226880669593822 0.71937501430511486 0.51087471842765819 0.098387096077203764 0.19456735998392108 1.0000000180025095e-35 0.46428571641445165 0.60769233107566845 1.0000000180025095e-35 1.0000000180025095e-35 1.0000000180025095e-35 0.22902098298072818 1.0000000180025095e-35 0.45512083172798162 1.0000000180025095e-35 0.81365740299224865 0.10555555671453477 0.57804551720619213 0.55625879764556896 0.2788888961076737 0.11215933039784433 0.091966174542903914 1.0000000180025095e-35 0.91068580746650707 0.61633428931236278 0.27525253593921667 0.63564214110374462 0.51668518781661998 1.0000000180025095e-35 0.46247655153274542
decision_type=2 2 2 2 2 2 2 2 2 2 2 2 2 2 2 2 2 2 2 2 2 2 2 2 2 2 2 2 2 2
left_child=1 6 5 4 -3 7 11 18 9 -8 -6 -1 24 20 15 16 -4 28 -2 -11 21 -14 23 -5 -13 26 -15 -10 -7 -17
right_child=2 3 14 22 10 17 8 -9 27 19 -12 12 13 25 -16 29 -18 -19 -20 -21 -22 -23 -24 -25 -26 -27 -28 -29 -30 -31
leaf_value=-0.049130628527773057 -0.03999502932045107 0.022890344163153418 0.045529872435343628 -0.0061508473726070842 -0.046744738912987444 0.0088218744489047367 0.01783084905755496 0.040982112256403108 -0.023010270440526309 -0.045681881828835778 0.026450828843241014 -0.0485358206676949 -0.050220462599213783 0.19611296638610765 0.056775260114791774 0.14990509833506988 -0.028658370075661174 0.051757421656190086 0.089046359041736023 0.039182778595159701 0.013719978289249844 1.2517670464661919 0.057786792923311396 0.047376282123285464 0.020185767918877554 0.12377298346019171 0.63102984377634608 0.076398599028319192 0.062507865793955439 0.048081700550945267
leaf_weight=5408.5619559085462 236.89344437327236 374.89414348709397 53.728222360368818 54.237879474647343 230.87461044499651 239.4213493023999 82.328264895360917 63.078271433943883 8.4028907874599081 238.2227294202894 34.386440749512985 299.0429024072364 0.11570710130035777 2.3594426272902633 2162.5515294889919 6.3517212364822617 58.25427214265801 106.95100853545591 4.9956308263353995 11.518675749422981 36.648146927589551 0.11519679008051753 194.33033771347255 89.30540158925578 17.007750919787213 10.391292855609207 0.72963128099218 37.181184091139585 25.200300134718418 541.86452324455604
leaf_count=2377494 63077 6193 738 6965 81718 3448 4071 3248 238 87146 1630 126205 28 76 22238 93 1661 941 64 414 6331 23 1942 2641 3213 160 29 504 142 5257
internal_value=-0.010931 -0.0377997 0.0438204 0.0141365 -0.00203258 0.00410653 -0.0460555 -0.0211322 -0.0167241 -0.0269918 -0.0372562 -0.0479737 -0.0308957 0.0566031 0.0533388 0.0420823 0.0069365 0.0248212 -0.03733 -0.0417677 0.0173866 0.599335 0.0447714 0.027151 -0.0448377 0.16389 0.298839 0.0580737 0.0139345 0.0492614
internal_weight=10629.9 7130.65 3499.29 978.029 640.155 676.54 6152.63 304.967 377.654 332.07 265.261 5774.97 366.41 50.3594 2822.75 660.199 111.982 371.573 241.889 249.741 36.8791 0.230904 337.874 143.543 316.051 13.4804 3.08907 45.5841 264.622 548.216
internal_count=2807928 2707021 100907 101089 89541 70920 2605932 66389 92373 91631 83348 2513559 136065 6647 29987 7749 2399 4531 63141 87560 6382 51 11548 9606 129418 265 105 742 3590 5350
is_linear=0
shrinkage=0.05


Tree=35
num_leaves=31
num_cat=0
split_feature=9 4 4 11 11 7 0 11 8 0 7 1 11 7 8 7 10 1 9 10 10 5 8 4 4 8 7 13 8 0
split_gain=5886.15 1173.4 509.822 268.989 200.801 125.495 121.671 105.729 103.985 77.4954 56.3833 52.9288 49.0958 47.3662 46.468 41.5277 164.301 79.318 39.3931 48.3615 37.7382 34.2287 32.9107 31.1874 31.1021 25.2343 40.2386 24.3502 45.4029 23.8937
threshold=0.64226880669593822 0.70659971237182628 0.57804551720619213 1.0000000180025095e-35 1.0000000180025095e-35 0.075498577207326903 0.46428571641445165 1.0000000180025095e-35 0.27465948462486273 0.29285715520381933 0.087595909833908095 0.74133810400962841 1.0000000180025095e-35 0.20942982286214831 0.2096006125211716 0.21980676054954532 1.0000000180025095e-35 0.45512083172798162 0.86319074034690868 1.0000000180025095e-35 1.0000000180025095e-35 1.0000000180025095e-35 0.5342988669872285 0.52223318815231334 0.62575301527977001 0.42441171407699591 0.2788888961076737 1.0000000180025095e-35 0.97413599491119396 0.29285715520381933
decision_type=2 2 2 2 2 2 2 2 2 2 2 2 2 2 2 2 2 2 2 2 2 2 2 2 2 2 2 2 2 2
left_child=1 6 4 5 9 8 15 10 -3 18 14 -12 -4 -5 -8 -1 24 29 19 -2 23 -14 -10 -20 -17 26 -19 28 -22 -18
right_child=2 3 12 13 -6 -7 7 -9 22 -11 11 -13 21 -15 -16 16 17 25 20 -21 27 -23 -24 -25 -26 -27 -28 -29 -30 -31
leaf_value=-0.049227421737869641 -0.037752899510376359 0.021456024396330761 0.054635829859008056 -0.044496342033618519 -0.041483430644722263 0.051203369927815712 0.015903063834121503 -0.048078937987475104 -0.041735604658631763 0.062068798111891192 0.098992312257732307 -0.00086516095809073589 0.011534266997199803 0.024926693016574325 -0.042183745008059326 -0.048388719901418208 0.0062796557950846356 0.493718682003502 0.11317732541076236 0.013468981210553689 0.021430121900976849 0.05060015300650355 0.16023339203875445 -0.030097355367554771 0.022534915461128784 0.11547945777871312 0.1041168313017808 0.061221067447871452 -0.06573644983120179 0.37654822523570541
leaf_weight=5066.4671496220399 70.702501771738753 392.08236401411705 2504.6350993893575 198.52394666103646 180.39133620355278 302.33786490815692 78.818693045526743 156.88326309225522 91.251926286844537 90.788502824027091 27.620237964671105 25.541091745486483 117.11509637511335 28.040096497861668 61.135997589444742 333.40662682661787 38.257129704812542 1.2357856447342777 19.739212594926361 132.33064885670319 106.55422595888376 107.57227646559477 2.0626020184718064 4.7032183557748786 16.209309325087816 12.640870200702919 1.4291980275884268 27.49547253549099 17.375081725418568 0.44072051625698705
leaf_count=2341917 7925 7929 27106 77182 56736 6007 4307 64018 24697 847 1705 563 3356 1200 18536 148255 7425 34 237 2901 596 917 50 27 2917 254 18 166 93 7
internal_value=-0.0108293 -0.0375202 0.0431493 0.0121075 0.00335665 0.0259165 -0.0461691 -0.0175891 0.0101661 0.0205782 0.00718018 0.0510163 0.0526273 -0.0359044 -0.00947083 -0.0479978 -0.0325627 0.0486057 0.0106366 -0.00436808 0.027959 0.0302376 -0.0372713 0.0856084 -0.0451005 0.144957 0.28478 0.0186535 0.00920923 0.0104966
internal_weight=10213.8 6834.38 3379.4 1014.3 650.08 787.735 5820.09 349.999 485.397 469.689 193.116 53.1613 2729.32 226.564 139.955 5470.09 403.62 54.0037 378.9 203.033 175.867 224.687 93.3145 24.4424 349.616 15.3059 2.66498 151.425 123.929 38.6979
internal_count=2807928 2707021 100907 117065 69528 38683 2589956 89129 32676 12792 25111 2268 31379 78382 22843 2500827 158910 7738 11945 10826 1119 4273 24747 264 151172 306 52 855 689 7432
is_linear=0
shrinkage=0.05


Tree=36
num_leaves=31
num_cat=0
split_feature=9 0 3 11 11 1 7 7 8 11 7 10 1 7 1 5 7 8 3 8 6 5 1 3 0 1 5 11 1 9
split_gain=5535.5 1076.33 497.118 290.092 169.871 124.329 115.638 96.2465 103.196 67.1571 65.2648 214.277 63.1273 44.2475 44.0311 40.6134 34.6075 31.4594 30.4707 25.5866 24.2141 23.0111 21.6816 25.9421 20.2989 19.0425 18.9541 18.3282 21.0666 17.5962
threshold=0.64226880669593822 0.46428571641445165 0.51087471842765819 1.0000000180025095e-35 1.0000000180025095e-35 0.77032968401908886 0.10912698507308961 0.065591398626565947 0.25940062105655676 1.0000000180025095e-35 0.17752101272344592 1.0000000180025095e-35 0.43792808055877691 0.20942982286214831 0.44136746227741247 1.0000000180025095e-35 0.69615384936332714 0.56765475869178783 0.23940297961235049 0.47836488485336309 1.0000000180025095e-35 1.0000000180025095e-35 0.69309264421463024 0.52704679965972911 0.29285715520381933 0.86729559302330028 1.0000000180025095e-35 1.0000000180025095e-35 0.90399384498596203 0.55188018083572399
decision_type=2 2 2 2 2 2 2 2 2 2 2 2 2 2 2 2 2 2 2 2 2 2 2 2 2 2 2 2 2 2
left_child=1 5 4 7 14 10 17 8 -3 -4 -1 22 24 -5 16 -11 18 20 -2 -10 -7 -15 -12 -24 -13 -9 -27 -8 -29 -30
right_child=2 3 9 13 -6 6 27 25 19 15 11 12 -14 21 -16 -17 -18 -19 -20 -21 -22 -23 23 -25 -26 26 -28 28 29 -31
leaf_value=-0.049032359680715121 0.023487447837908671 0.022590173617573508 0.054728782435933113 -0.045919977582296732 -0.040075007011974154 -0.045771689696605833 0.072051205092442991 0.069360655156989567 -0.043455554618313706 0.0069547747335592771 -0.045618718528696915 0.0067767648216501475 0.10273951401575146 -0.017903858128755525 0.053579393263265197 0.049288631674917184 0.031463469961242489 0.51423285188723156 -0.011521546216234491 0.09233717920164658 0.0057141201657336669 0.075163585531042409 0.42386010919997369 0.012283503232511921 0.22815723123511922 0.017738645462629862 0.051625935942312011 -0.042485186278070589 0.28147599588097599 -0.026065870519463859
leaf_weight=4832.2742195738247 98.0704749468714 414.27329346188344 2380.8494137884118 208.87969871633686 166.39252730156295 87.586272614542395 42.790531664621085 82.378198734018952 81.992023974424228 123.74438806506805 452.8788003299851 52.216951394220814 29.100827443879098 15.505618578055874 75.253182251704857 104.4963356256485 147.46025100536644 0.26384504465386172 169.70597378886305 3.6222176793962708 30.890958544565365 11.618431159295142 0.39865941903553803 9.6623458701651526 1.0564104565419246 61.39790292060934 125.83227423904464 7.5211505691986513 1.0444499645382164 0.83849085588008154
leaf_count=2332637 3650 7833 26629 87723 57651 25933 746 3849 21980 2441 202877 11438 649 1138 937 917 941 14 7741 262 4623 109 6 1231 11 890 1340 1668 53 11
internal_value=-0.010722 -0.0372219 0.0424571 0.0103759 0.00357994 -0.0458476 -0.00386739 0.0252491 0.0122627 0.0522451 -0.047182 -0.0307848 0.0435172 -0.0381184 0.0183893 0.0263366 0.0120119 -0.0311331 0.00130015 -0.0377104 -0.0323476 0.021961 -0.0440059 0.0285919 0.0111667 0.0493276 0.0405134 0.0581612 -0.00504098 0.144525
internal_weight=9820 6554.02 3265.97 1005.5 656.882 5548.52 170.936 769.496 499.888 2609.09 5377.59 545.314 82.3742 236.004 490.49 228.241 415.237 118.741 267.776 85.6142 118.477 27.124 462.94 10.061 53.2734 269.608 187.23 52.1946 9.40409 1.88294
internal_count=2807928 2707021 100907 125124 70920 2581897 33048 36154 30075 29987 2548849 216212 12098 88970 13269 3358 12332 30570 11391 22242 30556 1247 204114 1237 11449 6079 2230 2478 1732 64
is_linear=0
shrinkage=0.05


Tree=37
num_leaves=31
num_cat=0
split_feature=9 4 4 11 11 7 8 0 3 11 11 7 9 4 7 10 4 4 1 7 8 4 3 7 4 3 11 0 4 9
split_gain=5205.31 1088.37 479.28 308.651 173.085 126.588 88.9356 83.8912 78.5698 74.0988 49.8657 48.4903 47.897 38.6192 34.371 120.837 60.2538 32.8078 32.1153 33.3896 32.276 30.7229 26.4875 26.456 25.9562 27.8668 30.7643 50.6544 53.7048 28.3078
threshold=0.64226880669593822 0.68108487129211437 0.57804551720619213 1.0000000180025095e-35 1.0000000180025095e-35 0.10912698507308961 0.27465948462486273 0.46428571641445165 0.76277056336402904 1.0000000180025095e-35 1.0000000180025095e-35 0.17752101272344592 0.49618232250213629 0.56691542267799389 0.22902098298072818 1.0000000180025095e-35 0.48934240639209753 0.85145786404609691 0.74133810400962841 0.098387096077203764 0.2096006125211716 0.2362911254167557 0.3483316451311112 0.67708334326744091 0.6291005313396455 0.36266924440860754 1.0000000180025095e-35 0.23611111193895343 0.65545505285263073 0.57979589700698864
decision_type=2 2 2 2 2 2 2 2 2 2 2 2 2 2 2 2 2 2 2 2 2 2 2 2 2 2 2 2 2 2
left_child=1 7 4 5 8 6 -3 14 21 13 22 -5 -8 -9 -1 24 -17 -12 19 20 -15 -2 23 -4 -16 -26 27 28 29 -27
right_child=2 3 10 11 -6 -7 12 9 -10 -11 17 -13 -14 18 15 16 -18 -19 -20 -21 -22 -23 -24 -25 25 26 -28 -29 -30 -31
leaf_value=-0.04920336243176212 0.034505198290380935 0.020766871196243264 -0.0093570064844160847 -0.046540961788668164 -0.040647576972137035 0.050602324334276666 -0.033224925999623699 -0.025111358203995088 0.062711183701908119 -0.048748349205358248 0.0090106923828195597 0.013460154200109448 0.093538536904451519 0.077301401665016978 -0.047989607261555066 -0.0064795232482456281 0.10752135520995876 0.047900209575936242 -0.0038223470615885938 0.1185444243959676 -0.031304892962817014 0.0010864035538998419 0.054561967197902017 0.056169569510614095 -0.050372263689884747 1.4906207982119934 -0.0052081591382920397 -0.0044342079304910522 0.27466752082579365 0.55914783237633836
leaf_weight=4568.9655356835574 90.057210284750909 417.73496501124464 32.824111913796514 234.98222078522667 168.04324951674789 279.97811461240053 127.73960336158052 72.471292514353991 82.841722141485661 128.99996074242517 107.66384339495562 39.30487865023315 7.9134093066677442 13.925900099566208 261.63493743049912 27.693923396291211 19.933249594178051 109.27398142404854 48.136962002608925 14.152047191048039 13.445885332534088 290.9975727701094 2246.0355261950754 29.024711150676012 4.4038724184501898 0.16223139152862154 2.2229212338570505 1.0171556163113562 0.91053186147473752 0.16404004604555666
leaf_count=2330449 1822 10517 613 105887 56736 5386 35240 13429 798 57895 3288 2708 487 1218 126830 5605 977 985 2929 588 4909 10172 26286 207 1101 37 672 83 41 33
internal_value=-0.0106134 -0.0369212 0.0417719 0.00806337 0.0028296 0.0232055 0.00934447 -0.0465436 0.0185789 -0.020469 0.0515187 -0.0379429 -0.0258301 0.00203147 -0.0480969 -0.0322064 0.0412329 0.0285998 0.0239706 0.0561898 0.0239506 0.00898449 0.0536731 0.0213936 -0.0451362 0.0389292 0.126774 0.25694 0.471895 1.0223
internal_weight=9442.66 6285.89 3156.76 1107.65 631.94 833.366 553.388 5178.24 463.897 291.132 2524.82 274.287 135.653 162.132 4887.11 318.143 47.6272 216.938 89.6608 41.5238 27.3718 381.055 2307.88 61.8488 270.516 8.88075 4.47688 2.25396 1.2368 0.326271
internal_count=2807928 2707021 100907 160225 69528 51630 46244 2546796 12792 80968 31379 108595 35727 23073 2465828 135379 6582 4273 9644 6715 6127 11994 27106 820 128797 1967 866 194 111 70
is_linear=0
shrinkage=0.05


Tree=38
num_leaves=31
num_cat=0
split_feature=4 7 7 8 11 8 10 11 1 0 10 10 5 8 8 1 0 5 4 0 1 0 1 1 7 8 13 0 6 8
split_gain=4721.69 916.834 910.709 266.033 129.858 127.289 99.0049 90.8242 69.5658 68.2677 86.5164 62.7693 61.741 38.97 36.5368 35.4789 34.5998 32.0074 30.8293 28.1735 26.7878 24.8117 21.2899 24.4335 84.104 21.218 20.0623 18.4101 36.6135 17.6996
threshold=0.66287881135940563 0.36939570307731634 0.10912698507308961 0.17295821756124499 1.0000000180025095e-35 0.73186674714088451 1.0000000180025095e-35 1.0000000180025095e-35 0.35948719084262853 0.46428571641445165 1.0000000180025095e-35 1.0000000180025095e-35 1.0000000180025095e-35 0.17295821756124499 0.66841188073158275 0.49691358208656317 0.19090909510850909 1.0000000180025095e-35 0.26138716936111456 0.38750000298023229 0.76533168554306041 0.095454547554254546 0.99056604504585277 0.34851622581481939 0.67708334326744091 0.51075392961502086 1.0000000180025095e-35 0.38750000298023229 1.0000000180025095e-35 0.62303319573402416
decision_type=2 2 2 2 2 2 2 2 2 2 2 2 2 2 2 2 2 2 2 2 2 2 2 2 2 2 2 2 2 2
left_child=1 5 3 27 8 9 29 -4 16 17 13 -7 14 -11 -9 -8 18 -1 -3 -6 25 -19 23 24 -16 -12 -20 28 -2 -5
right_child=2 4 7 6 19 11 15 12 -10 10 20 -13 -14 -15 22 -17 -18 21 26 -21 -22 -23 -24 -25 -26 -27 -28 -29 -30 -31
leaf_value=-0.048441702523393186 -0.03838913747900715 0.028067345769453019 0.053444281201223215 -0.046449372736652006 -0.037477321196613893 -0.035965793924599886 -0.044303001700556247 -0.023412964623013746 0.045951863268458334 0.0042703796204609365 0.043045739517320145 0.072106934509294382 0.050076429223576205 -0.044687494710616345 0.073092743322777487 0.04322217147559871 0.09310324587007715 0.10841795827937944 -0.012253946647748162 0.040922961808929278 -0.0091805795972023391 -0.030655513237832263 -0.028094728951871109 0.035943465400863177 1.2047032960849953 0.14175543475735133 0.062059880596031007 0.023680832647006211 0.042704892324411395 0.40250343022250012
leaf_weight=4656.9477432661224 35.508694369578734 97.019055889220908 2336.8107149252901 374.27383423247375 110.12806785455905 22.364270582445897 15.339041981846092 75.703928911476396 263.39309186930768 53.311048225150444 12.918245531618597 33.652658815030009 111.58967725676484 171.10459545592312 0.94716549431905039 47.224553200649098 11.895915153669192 5.6877091943752003 148.8305006918963 12.789761330466716 11.538954203948377 7.3533036450389773 14.076154872775076 54.199633383657783 0.19862957997247577 9.4095049779862148 9.672198183834551 356.98273492429871 22.892297327634878 0.21966349938884278
leaf_count=2445319 5032 1744 31857 169140 36412 5113 4866 14115 3455 3754 385 352 1522 69724 129 1401 95 163 4464 181 121 2463 104 576 6 86 53 3600 1672 24
internal_value=-0.0105026 -0.0386847 0.0356066 -0.00922841 0.0169896 -0.0459868 -0.0364593 0.050343 0.0277133 -0.0468387 -0.0218156 0.0289598 0.022113 -0.0330573 0.000611361 0.0217632 0.00974921 -0.0482227 0.00586863 -0.0293197 0.0526768 0.03 0.0268098 0.0407738 0.269263 0.0846446 -0.00771915 0.0194233 -0.00660152 -0.046186
internal_weight=9083.98 5638.02 3445.97 852.441 653.729 4984.29 437.057 2593.53 530.811 4928.27 258.282 56.0169 256.715 224.416 145.126 62.5636 267.418 4669.99 255.522 122.918 33.8667 13.041 69.4216 55.3454 1.1458 22.3278 158.503 415.384 58.401 374.493
internal_count=2807928 2573884 234044 185735 46404 2527480 175431 48309 9811 2522015 74070 5465 16452 73478 14930 6267 6356 2447945 6261 36593 592 2626 815 711 135 471 4517 10304 6704 169164
is_linear=0
shrinkage=0.05


Tree=39
num_leaves=31
num_cat=0
split_feature=9 4 3 11 11 7 8 0 11 11 4 7 4 7 10 1 7 8 4 7 8 13 8 9 4 4 5 5 4 1
split_gain=4609.77 1005.17 449.434 264.974 136.856 108.812 103.119 84.8949 69.4694 67.1022 48.7087 46.1678 36.2647 36.0176 129.661 64.4991 34.3654 29.3653 27.8837 27.6369 31.6662 27.5414 26.3675 24.9742 23.5627 22.8852 22.7122 22.4554 25.0972 26.0116
threshold=0.64226880669593822 0.68108487129211437 0.51087471842765819 1.0000000180025095e-35 1.0000000180025095e-35 0.070197045803070082 0.26246066391468054 0.46428571641445165 1.0000000180025095e-35 1.0000000180025095e-35 0.65545505285263073 0.17752101272344592 0.84292763471603405 0.20942982286214831 1.0000000180025095e-35 0.45512083172798162 0.21980676054954532 0.64418154954910289 0.56691542267799389 0.27525253593921667 0.45622551441192633 1.0000000180025095e-35 0.5342988669872285 0.41519744694232946 0.62575301527977001 0.76506900787353527 1.0000000180025095e-35 1.0000000180025095e-35 0.3034138828516007 0.34724637866020208
decision_type=2 2 2 2 2 2 2 2 2 2 2 2 2 2 2 2 2 2 2 2 2 2 2 2 2 2 2 2 2 2
left_child=1 7 4 5 10 6 -3 13 16 -4 21 -5 -11 -1 24 -16 17 18 -9 20 23 27 -8 -17 -15 -6 -13 28 -2 -30
right_child=2 3 9 11 25 -7 22 8 -10 12 -12 26 -14 14 15 19 -18 -19 -20 -21 -22 -23 -24 -25 -26 -27 -28 -29 29 -31
leaf_value=-0.049228636907984194 0.018727931482954888 0.018335883842446953 0.05341372588908945 -0.046198021734089434 -0.04158632779792306 0.044834780540990771 -0.041968164705473654 -0.034886873605063491 -0.048579847468551381 0.0043866222486947234 0.049635664668244678 -0.014047057698380411 0.045373477647036468 -0.048099592843460021 0.0073078517327696329 0.16041740557526163 0.056233567771988152 0.27044524411390353 0.010843385563753933 0.088550158683589661 0.10720580961113431 0.05874444910614951 0.13684446408647086 0.53327534503911822 0.021938261213643156 0.09827407283328389 0.066590407714106653 0.10608208000424045 -0.022642481732174296 0.013367404627298053
leaf_weight=4087.7375344310421 155.0258837279398 407.29780199564993 2101.3429346233606 215.10043130244594 146.1091688030865 307.43905507517047 98.372213941882364 60.82859027851373 117.73113242734689 111.88479759264737 88.121306964661926 26.36378183751367 104.25563864782453 289.56384239380714 38.782939956523478 0.72316407132893745 24.711561375763267 0.9411111157387485 73.746025301050395 9.6015697540715319 1.9989079372026024 25.512030474841595 2.1057698875665656 1.1850401838310061 12.528395549743435 2.984608663711696 13.056971439160405 5.4157311730086795 122.24176977318712 85.033850220963359
leaf_count=2299180 4537 9618 26629 105887 57617 8347 33611 13286 57895 2362 947 2602 996 155530 8079 16 300 16 9471 144 105 175 54 36 2738 34 106 43 5114 2453
internal_value=-0.0103936 -0.0363077 0.0405024 0.0074539 0.00307159 0.0213585 0.00714454 -0.0462256 -0.019419 0.0506851 0.0160368 -0.0370817 0.0241567 -0.047903 -0.032612 0.0400809 0.00200762 -0.00788059 -0.00982699 0.134171 0.246283 0.00850736 -0.0382207 0.391971 -0.045195 -0.0387866 0.0126617 0.00502193 0.00351127 -0.00786959
internal_weight=8737.74 5789.82 2947.93 1069.74 630.444 815.215 507.776 4720.08 277.958 2317.48 481.351 254.521 216.14 4442.12 354.384 52.2916 160.227 135.516 134.575 13.5087 3.90711 393.229 100.478 1.9082 302.092 149.094 39.4208 367.717 362.302 207.276
internal_count=2807928 2707021 100907 160225 70920 51630 43283 2546796 80968 29987 13269 108595 3358 2465828 166648 8380 23073 22773 22757 301 157 12322 33665 52 158268 57651 2708 12147 12104 7567
is_linear=0
shrinkage=0.05


Tree=40
num_leaves=31
num_cat=0
split_feature=9 2 3 11 11 7 11 1 7 11 0 11 7 1 8 9 5 8 3 0 8 7 5 8 1 9 0 3 8 7
split_gain=4331.58 963.184 433.064 133.153 117.372 112.902 208.592 102.761 67.3302 64.7247 52.8147 53.4209 43.4239 40.5685 33.0947 40.6189 32.7745 30.09 28.8863 24.1015 21.394 20.5645 20.0374 25.7326 18.9665 18.6243 18.1259 20.1666 16.7836 32.0877
threshold=0.64226880669593822 0.75204917788505565 0.53907206654548656 1.0000000180025095e-35 1.0000000180025095e-35 0.17752101272344592 1.0000000180025095e-35 0.41060766577720648 0.10912698507308961 1.0000000180025095e-35 0.46428571641445165 1.0000000180025095e-35 0.10435571894049646 0.44136746227741247 0.29426695406436926 0.47836488485336309 1.0000000180025095e-35 0.4231786727905274 0.24283374845981601 0.29285715520381933 0.57212206721305858 0.60769233107566845 1.0000000180025095e-35 0.29607714712619787 0.59675306081771862 0.90377491712570202 0.10555555671453477 0.79655173420906078 0.29800449311733251 0.048809524625539787
decision_type=2 2 2 2 2 2 2 2 2 2 2 2 2 2 2 2 2 2 2 2 2 2 2 2 2 2 2 2 2 2
left_child=1 5 3 13 8 10 7 19 14 -4 -1 20 -6 18 -3 -16 26 -9 25 -7 28 -20 -14 -24 -5 -2 -11 -28 29 -12
right_child=2 4 9 24 12 6 -8 17 -10 16 11 -13 22 -15 15 -17 -18 -19 21 -21 -22 -23 23 -25 -26 -27 27 -29 -30 -31
leaf_value=-0.048702095645796688 0.01267346233691611 0.017697148261670067 0.053218200955639387 -0.040498159415941502 -0.047942334781294366 -0.019712422348403848 -0.048089237685688235 0.11402421852361616 0.045971253954816174 0.069923702000449811 0.0074991090782824538 -0.049173133332383545 -0.01542598931709639 0.045963903422088261 -0.031017881166922653 0.08202543098285725 0.046378162295828473 0.041745859607895335 -0.01428237231267139 0.12894173225237834 0.18061928349379225 0.014993695885495066 0.56630140350464298 0.047156725900214323 0.086969882945654775 0.047265180599753091 -0.040372879534036878 0.011952290960153204 -0.024066202263512467 0.20442650428914211
leaf_weight=3990.0889240936376 105.14106849324889 403.96296451427042 1990.0689251362346 143.75696917832829 92.60636707872618 106.54325263027567 314.6523423778126 17.800879882182926 208.33316949743312 10.286596104037015 61.827465385431424 108.79828649491537 25.164305494166911 93.341096427990124 68.687709616380744 8.9861591231310722 91.858026422560215 75.356595796300098 137.58829115191475 2.7982703704619771 1.6063959510065604 106.34725495893508 0.24207057198509829 17.128696312429383 2.9787377046886823 61.772246588021517 23.605988337425515 83.723885230254382 52.463362258975394 2.140155197819694
leaf_count=2330934 3924 6089 26333 57886 47723 40374 172124 880 2885 179 6266 59885 3812 1212 12877 348 912 4689 7228 106 90 817 14 542 35 384 1127 870 17167 216
internal_value=-0.0102796 -0.0359751 0.0398335 0.00400832 0.0138766 -0.0446639 -0.0226147 0.0169687 0.0222225 0.0504355 -0.0473679 -0.0238994 -0.0287338 0.0162081 0.01195 -0.0179398 0.0239988 0.0555571 0.00944783 -0.0159081 -0.000603982 -0.00151904 0.0130865 0.0543913 -0.0379106 0.0254754 0.00652058 0.000443963 -0.00310432 0.0140877
internal_weight=8409.66 5559.19 2850.47 650.926 825.111 4734.08 517.151 202.499 689.97 2199.54 4216.92 226.836 135.141 504.19 481.637 77.6739 209.474 93.1575 410.849 109.342 118.037 243.936 42.5351 17.3708 146.736 166.913 117.616 107.33 116.431 63.9676
internal_count=2807928 2707021 100907 71486 74290 2632731 218173 46049 22199 29421 2414558 83624 52091 13565 19314 13225 3088 5569 12353 40480 23739 8045 4368 556 57921 4308 2176 1997 23649 6482
is_linear=0
shrinkage=0.05


Tree=41
num_leaves=31
num_cat=0
split_feature=9 4 4 11 11 9 3 3 0 11 11 4 9 6 0 1 4 5 4 8 0 3 3 9 3 13 8 8 1 2
split_gain=4068.99 940.396 421.086 287.772 134.235 79.0592 73.1475 65.4031 57.6076 47.9975 45.6817 43.9232 29.4093 28.7546 36.9618 51.3286 25.5776 25.2681 24.5248 23.4412 20.2903 19.8224 18.9374 17.664 20.2823 17.3597 23.3852 16.6749 16.0566 21.782
threshold=0.64226880669593822 0.66287881135940563 0.59675306081771862 1.0000000180025095e-35 1.0000000180025095e-35 0.46628944575786596 0.87226107716560375 0.92940199375152599 0.46428571641445165 1.0000000180025095e-35 1.0000000180025095e-35 0.93063354492187511 0.7807200849056245 1.0000000180025095e-35 0.19090909510850909 0.45923791825771337 0.85145786404609691 1.0000000180025095e-35 0.51668518781661998 0.64418154954910289 0.095454547554254546 0.3483316451311112 0.68801230192184459 0.7807200849056245 0.92940199375152599 1.0000000180025095e-35 0.97413599491119396 0.52124434709548961 0.73401361703872692 0.91106721758842479
decision_type=2 2 2 2 2 2 2 2 2 2 2 2 2 2 2 2 2 2 2 2 2 2 2 2 2 2 2 2 2 2
left_child=1 8 4 5 6 7 12 13 17 18 21 27 -2 14 15 -3 -12 -1 -10 28 -19 -4 -15 -6 -25 26 -14 -5 29 -20
right_child=2 3 10 11 23 -7 -8 -9 9 -11 16 -13 25 22 -16 -17 -18 20 19 -21 -22 -23 -24 24 -26 -27 -28 -29 -30 -31
leaf_value=-0.048228004819490779 -0.011431516195414448 -0.029250110854871753 0.021998953941106944 -0.046751553157433193 -0.04772575316722983 0.045638012767173226 0.059194767890795891 0.020822020695866267 -0.033997154705548545 -0.049247581531430044 0.0087231812672405439 0.048177807633133951 0.018145046495029512 -0.042909179393794739 -0.04068483930345717 0.097133314095802031 0.044981899274650287 0.10960217798673787 0.019718472460236232 0.15725574575336124 -0.028441352934608335 0.053028105181367961 0.031611604479405184 -0.022303136221580686 0.086315066426529724 0.057208959922436645 -0.035700033559314372 -0.004248840106535757 -0.014429972403863631 0.17352682599227298
leaf_weight=3950.0781013099477 135.65690317517146 20.896352596464567 52.922513388562948 251.16278321901336 111.99104702961631 211.48115524218883 82.520261358469725 451.12005169945769 43.857781783211976 97.264901963877492 97.796499846735969 13.92019473062828 215.3815204128623 10.607734661782159 104.89704714657273 13.051532916026188 96.760359326377511 4.47609841567464 42.811227048397996 2.6761157820001236 6.5677751707844436 1875.7417220750358 43.424718913505785 35.59222069894895 4.8881070837378493 24.622044563293457 22.247475244104862 25.411247015465051 44.010487992200069 2.4326582280918947
leaf_count=2423676 10002 6486 693 134283 50718 5971 920 11560 9182 52716 2702 2246 1962 4346 31909 1451 985 156 8631 31 2465 26001 4485 6571 33 187 133 4043 3358 26
internal_value=-0.0101629 -0.0356279 0.039177 0.00451284 0.00338082 0.0191135 0.0163531 0.0104031 -0.0465955 -0.0224371 0.0498473 -0.0384847 0.00746833 -0.0139656 -0.0260089 0.019339 0.026756 -0.0480168 -0.00323277 0.0114442 0.0275079 0.0521767 0.0169816 -0.037494 -0.0091872 0.0172448 0.0131039 -0.0428465 0.0070723 0.0279884
internal_weight=8096.27 5340.15 2756.12 1145.97 632.9 855.479 480.428 643.997 4194.18 233.053 2123.22 290.494 397.908 192.877 138.845 33.9479 194.557 3961.12 135.788 91.9305 11.0439 1928.66 54.0325 152.471 40.4803 262.251 237.629 276.574 89.2544 45.2439
internal_count=2807928 2707021 100907 206780 70526 66208 13204 60237 2500241 73944 30381 140572 12284 48677 39846 7937 3687 2426297 21228 12046 2621 26694 8831 57322 6604 2282 2095 138326 12015 8657
is_linear=0
shrinkage=0.05


Tree=42
num_leaves=31
num_cat=0
split_feature=4 7 7 8 8 3 10 10 7 5 10 0 10 7 10 1 8 5 1 7 8 0 8 8 4 1 0 4 7 8
split_gain=3725.62 844.206 693.379 236.918 131.828 95.0675 89.8149 86.1551 74.2115 60.8133 59.5391 55.3801 63.9406 42.4418 45.0046 33.7074 29.8139 26.6993 23.5505 22.9869 43.7997 22.1806 21.8944 19.6453 19.5825 18.5841 73.5397 18.4428 22.5641 35.9133
threshold=0.64326766133308422 0.10912698507308961 0.4220647811889649 0.17295821756124499 0.71812930703163158 0.81165540218353283 1.0000000180025095e-35 1.0000000180025095e-35 0.26794873178005224 1.0000000180025095e-35 1.0000000180025095e-35 0.46428571641445165 1.0000000180025095e-35 0.72077924013137828 1.0000000180025095e-35 0.49691358208656317 0.17295821756124499 1.0000000180025095e-35 0.73401361703872692 0.11651583760976793 0.56536731123924266 0.095454547554254546 0.8825557827949525 0.30389872193336492 0.84292763471603405 0.53427231311798107 0.29285715520381933 0.90366768836975109 0.15075758099555972 0.47836488485336309
decision_type=2 2 2 2 2 2 2 2 2 2 2 2 2 2 2 2 2 2 2 2 2 2 2 2 2 2 2 2 2 2
left_child=2 3 4 -2 11 13 -5 8 9 23 -6 17 16 14 22 -8 -13 -1 -14 20 -11 -19 -4 25 -10 26 -3 -21 29 -29
right_child=1 7 5 6 10 -7 15 -9 24 19 -12 12 18 -15 -16 -17 -18 21 -20 27 -22 -23 -24 -25 -26 -27 -28 28 -30 -31
leaf_value=-0.048094004616049707 0.016230031635740258 -0.050169977137770487 -0.039153402695951314 -0.046097541570323364 -0.030873868213946831 0.056410630249260352 -0.042039623686912136 0.053908256556485748 0.030639978926390594 0.069151647943484482 0.056750258010703908 0.0012711492888773041 0.075610322329050128 0.027176471694776966 0.010864024711204109 0.039980369135937839 -0.044671154611963443 0.10652698437331704 -0.013902362945213792 0.079357922483580992 0.4320169857787729 -0.034511068249215779 0.034211296099667825 -0.021901852049905374 0.050275544027701825 0.077360053314892221 1.7571950457077179 -0.21250062402783809 0.041747434255185956 0.048640421885539381
leaf_weight=3832.448204546934 418.64330629061442 0.17489268712233697 97.757591195288114 367.2873859971296 34.220605819951743 115.66451045451686 17.0884958851384 1637.4122154380893 231.96185962855816 3.2231465065851799 44.721407728968188 47.100678217131644 20.412022825796157 138.34685408161022 147.00940406229347 46.920880744117312 141.09960479917936 5.0717596739996207 11.481049089459704 16.2550818414893 1.1207883385941384 6.1899313507601619 11.350203079287892 103.49039076839108 280.54698403831571 1.7839875885983927 0.082988644484430552 2.6177820912562337 12.83238883409649 2.6486932476982474
leaf_count=2421083 11884 77 25362 199603 9508 1435 6970 24173 4443 179 553 3515 420 2003 1575 1566 65561 139 143 413 12 2446 629 19877 3664 370 30 91 140 64
internal_value=-0.0100436 0.0320019 -0.0384551 -0.0105642 -0.0452283 0.0165495 -0.0365723 0.0477718 0.0324721 0.00078873 0.018766 -0.0464714 -0.0220791 0.00486142 -0.0071925 0.0180836 -0.0331732 -0.0478681 0.043387 0.0544042 0.162775 0.0290061 -0.0315215 -0.0188717 0.0413885 0.134711 0.531457 0.0407011 0.00598228 -0.0811637
internal_weight=7796.97 3144.09 4652.87 849.94 4142.75 510.129 431.297 2294.15 656.739 144.23 78.942 4063.8 220.093 394.464 256.117 64.0094 188.2 3843.71 31.8931 38.6979 4.34393 11.2617 109.108 105.532 512.509 2.04187 0.257881 34.3539 18.0989 5.26648
internal_count=2807928 273556 2534372 220023 2503368 31004 208139 53533 29360 21253 10061 2493307 69639 29569 27566 8536 69076 2423668 563 899 191 2585 25991 20354 8107 477 107 708 295 155
is_linear=0
shrinkage=0.05


Tree=43
num_leaves=31
num_cat=0
split_feature=9 4 3 11 11 7 8 11 0 11 4 7 5 7 5 10 7 10 4 8 4 8 7 9 9 8 9 10 4 8
split_gain=3592.24 876.04 390.365 250.998 107.595 99.7311 92.8715 66.8704 58.7088 45.6112 44.3605 42.0194 30.4112 30.1623 29.5051 28.8261 28.318 126.663 73.088 68.1048 30.1942 40.9657 25.7148 29.466 39.9705 25.5358 25.0864 28.8834 21.6347 21.2779
threshold=0.64226880669593822 0.66287881135940563 0.53907206654548656 1.0000000180025095e-35 1.0000000180025095e-35 0.075498577207326903 0.26246066391468054 1.0000000180025095e-35 0.46428571641445165 1.0000000180025095e-35 0.70051544904708873 0.10435571894049646 1.0000000180025095e-35 0.21980676054954532 1.0000000180025095e-35 1.0000000180025095e-35 0.15075758099555972 1.0000000180025095e-35 0.48934240639209753 0.3175536990165711 0.19639987498521808 0.6975214183330537 0.26491229236125952 0.30813187360763555 0.30202253162860876 0.64418154954910289 0.90377491712570202 1.0000000180025095e-35 0.80259740352630626 0.8825557827949525
decision_type=2 2 2 2 2 2 2 2 2 2 2 2 2 2 2 2 2 2 2 2 2 2 2 2 2 2 2 2 2 2
left_child=1 8 4 5 10 6 -3 -4 16 13 26 -5 -9 25 -13 22 -1 -18 20 -20 21 -19 23 24 -7 -10 27 29 -6 -2
right_child=2 3 7 11 28 15 -8 12 9 -11 -12 14 -14 -15 -16 -17 17 18 19 -21 -22 -23 -24 -25 -26 -27 -28 -29 -30 -31
leaf_value=-0.04944744779774899 -0.030670701238102928 0.015354050461875893 0.052055851623919291 -0.049096498623724921 -0.039503875229835207 0.10826126744526315 -0.035956336991460273 0.004526113325904915 -0.015118724033778341 -0.049128815216298222 0.05206625126470437 -0.023665960853117798 0.044234024840101194 0.052839635529400325 0.050797851593759769 0.052760533828184214 -0.04654207280688813 0.11339589492323897 1.0925046986236364 0.1015107189900584 -0.0205264573572113 1.30639487751845 0.054580253730387031 -0.00010182032160504771 0.78656111826372843 0.25458059613811929 0.025055481617735232 0.0098869380983019738 0.10640113698192968 0.098417951152368316
leaf_weight=3167.8937139777699 78.709008260630071 420.91003285138868 1753.6625964781269 202.71030242368579 129.1129335607402 2.4192092434968795 111.5630356722977 113.72064250265248 112.18306566320825 88.703078604768962 66.993604529649019 49.204112915322185 83.71574129909277 20.551593522075564 18.23223511246033 185.80539988866076 374.09575703670271 3.0516469904687251 0.17490492691286164 19.765551256132312 35.799157160334289 0.073695925530046114 39.410457218065858 79.031355187762529 0.23860991722904135 0.88458829466253419 146.27782784774899 196.51000739447773 2.591684039682149 3.3271509231999508
leaf_count=2166273 8352 12045 26333 125758 57898 261 44058 2176 20949 52716 789 14188 912 268 626 3293 242969 940 43 2770 13293 9 502 6012 37 11 998 3376 23 50
internal_value=-0.00992977 -0.0349174 0.0379438 0.00419673 0.00350386 0.0176881 0.00460357 0.0489499 -0.0462687 -0.021333 0.0142521 -0.0377227 0.0213628 -0.00288078 -0.00353377 0.0403896 -0.0478082 -0.0358143 0.032362 0.110203 -0.0075148 0.141527 0.0214086 0.00540513 0.169157 -0.0130087 0.00828893 -0.000515989 -0.0366328 -0.0254352
internal_weight=7507.32 4932.7 2574.62 1109.52 623.522 839.378 532.473 1951.1 3823.18 222.322 491.818 270.147 197.436 133.619 67.4363 306.905 3600.85 432.961 58.865 19.9405 38.9245 3.12534 121.1 81.6892 2.65782 113.068 424.824 278.546 131.705 82.0362
internal_count=2807928 2707021 100907 206780 71486 66208 56103 29421 2500241 73944 13565 140572 3088 21228 14814 10105 2426297 260024 17055 2813 14242 949 6812 6310 298 20960 12776 11778 57921 8402
is_linear=0
shrinkage=0.05


Tree=44
num_leaves=31
num_cat=0
split_feature=9 4 4 11 11 7 8 3 0 11 11 7 7 11 4 8 9 4 2 7 3 5 13 8 4 5 4 2 3 8
split_gain=3372.42 845.275 377.835 233.157 109.234 92.0014 90.6378 63.48 58.9996 48.3297 44.1999 41.3581 28.9349 71.2561 86.172 37.6401 31.6974 94.3141 27.321 27.3035 27.2778 23.7699 23.7393 23.6061 23.2407 21.9669 22.6632 21.8755 21.7206 21.4753
threshold=0.64226880669593822 0.66287881135940563 0.59675306081771862 1.0000000180025095e-35 1.0000000180025095e-35 0.065591398626565947 0.26246066391468054 0.87226107716560375 0.46428571641445165 1.0000000180025095e-35 1.0000000180025095e-35 0.10435571894049646 0.15075758099555972 1.0000000180025095e-35 0.48808848857879644 0.3175536990165711 0.34604990482330328 0.57804551720619213 0.32757078111171728 0.21980676054954532 0.91068580746650707 1.0000000180025095e-35 1.0000000180025095e-35 0.52124434709548961 0.63702240586280834 1.0000000180025095e-35 0.3034138828516007 0.32049381732940679 0.3483316451311112 0.64418154954910289
decision_type=2 2 2 2 2 2 2 2 2 2 2 2 2 2 2 2 2 2 2 2 2 2 2 2 2 2 2 2 2 2
left_child=1 8 4 5 7 6 -3 22 12 28 19 -5 -1 14 -14 16 17 -16 -17 29 -13 -11 25 -8 -20 26 -2 -7 -4 -10
right_child=2 3 9 11 -6 27 23 -9 10 21 -12 20 13 -15 15 18 -18 -19 24 -21 -22 -23 -24 -25 -26 -27 -28 -29 -30 -31
leaf_value=-0.04941053353469016 0.01620648581555793 0.014324738504165165 0.018854084760158971 -0.049043034522712498 -0.036264581475653063 -0.014662370785925539 -0.042266946046691373 0.056618685703390861 -0.014543664673055002 0.0080594910382369624 -0.049062017813481545 -0.035977495381377192 -0.030867363901784319 -0.049215725770634509 -0.050152486338319972 -0.0056160679197480856 0.21374788121497734 2.1248428453051669 0.058747098267725444 0.050194376179266448 0.027922204165281257 0.044263604275829961 0.055778611975886717 0.11432648267555197 0.18144139913974719 0.10116607970422638 -0.0090224438482208562 0.041764452741618968 0.051935876379554949 0.22361803352183804
leaf_weight=3015.5892047008965 155.73977667768486 419.86157922865823 51.154196317540482 193.02898879011627 137.59434109157883 18.245763510698453 98.489555802196264 74.856194099411368 110.82327520032413 103.15911578200758 84.489001858164556 32.764898066292517 91.453660924686119 288.05449201422743 0.10887918726075341 13.389164172345771 0.56263178819790483 0.091922725550830364 19.050787524087358 20.552919370587915 34.065889383549802 80.884503729641438 22.892069444060326 2.4669567611999801 4.8401664347620672 5.646905042231082 207.76722850208171 292.99613014969509 1651.6153460638598 0.95468512503430147
leaf_count=2166273 4546 11952 693 125758 57322 1873 42356 920 20949 2770 52716 12016 48814 200402 49 6120 89 22 4104 268 2798 917 187 97 424 54 7497 9930 26001 11
internal_value=-0.00981204 -0.0345586 0.0372897 0.00403744 0.00288843 0.0169494 0.00409662 0.0144267 -0.0461049 0.0483112 -0.0208092 -0.037306 -0.0477025 -0.0353667 -0.00456088 0.0586778 0.40622 0.945513 0.0515607 -0.00277071 -0.00340568 0.0239707 0.00637065 -0.0384405 0.0836042 0.00330676 0.00178656 0.0384566 0.050942 -0.0125095
internal_weight=7233.19 4741.88 2491.31 1091.92 604.497 832.06 520.818 466.902 3649.96 1886.81 216.82 259.86 3433.14 417.552 129.497 38.0436 0.763434 0.200802 37.2801 132.331 66.8308 184.044 392.046 100.957 23.891 369.154 363.507 311.242 1702.77 111.778
internal_count=2807928 2707021 100907 206780 70526 66208 54405 13204 2500241 30381 73944 140572 2426297 260024 59622 10808 160 71 10648 21228 14814 3687 12284 42453 4528 12097 12043 11803 26694 20960
is_linear=0
shrinkage=0.05


Tree=45
num_leaves=31
num_cat=0
split_feature=9 4 3 11 11 10 4 0 3 11 11 4 9 9 10 2 9 5 6 0 2 3 4 10 10 8 4 3 4 4
split_gain=3164.3 816.34 365.962 216.386 118.679 91.1932 69.0518 59.2885 57.1204 42.8148 41.43 39.5287 29.0248 28.807 52.4701 27.9904 26.3936 24.041 23.5548 35.5135 32.1123 26.4965 22.3505 20.6297 18.6088 18.4027 17.8303 17.7933 17.1629 17.0146
threshold=0.64226880669593822 0.66287881135940563 0.77485185861587536 1.0000000180025095e-35 1.0000000180025095e-35 1.0000000180025095e-35 0.64565756916999828 0.46428571641445165 0.89725545048713695 1.0000000180025095e-35 1.0000000180025095e-35 0.93063354492187511 0.81844761967659008 0.90377491712570202 1.0000000180025095e-35 0.57932874560356151 0.64882761240005504 1.0000000180025095e-35 1.0000000180025095e-35 0.19090909510850909 0.68133461475372326 0.50944742560386669 0.52419984340667736 1.0000000180025095e-35 1.0000000180025095e-35 0.8825557827949525 0.54653680324554454 0.48528139293193823 0.88067796826362621 0.47559523582458502
decision_type=2 2 2 2 2 2 2 2 2 2 2 2 2 2 2 2 2 2 2 2 2 2 2 2 2 2 2 2 2 2
left_child=1 7 4 5 6 8 13 17 18 22 -4 -5 -6 14 25 -7 -16 -1 19 21 -20 -3 -9 -15 -24 -2 -19 -18 -12 -25
right_child=2 3 10 11 12 15 -8 9 -10 -11 28 -13 -14 23 16 -17 27 26 20 -21 -22 -23 24 29 -26 -27 -28 -29 -30 -31
leaf_value=-0.04783287245678014 -0.038834859461774292 -0.012440438021284297 0.052770302580852593 -0.041679049766604803 -0.044488732315838803 0.012510084161043664 0.042637733190464301 -0.03123571645848694 0.015819142555610614 -0.048992864692047521 0.011587779012190168 0.045130926337924725 0.0037418002897553803 0.066944390249431843 0.17758932022951746 0.054651656524582218 0.0046244620893590603 -0.043105915983229048 -0.038910499808606891 -0.042983637320969423 0.043453791308586384 0.10540441988287275 -0.0011309060486577125 0.0052647564349316799 0.052607450998088272 0.077053159874167373 0.090978519174903502 0.051738671384341496 0.044487489176501215 0.047726565517503157
leaf_weight=3263.5066078704549 85.166507063433528 13.683947922079826 1467.9698243374005 236.30639097653329 110.24022623954806 52.138058942859061 197.65621135383844 44.966437531984411 444.06327303033322 80.479041288490407 90.203237583395094 13.883801265736109 43.50323648378253 24.509117227047682 2.3799450746737412 161.3158980832668 173.29290996794589 4.5579547629458812 19.654735802556388 98.321863210643642 29.741074256715365 7.3221982903778544 64.678299636929296 88.220699802041054 21.453199875541031 3.5692201731726518 5.4368503378937021 22.660161767154932 70.720583692193031 32.20395515114069
leaf_count=2423676 8411 2992 24304 138326 55271 6284 2700 9819 12133 52716 1008 2246 3886 215 214 2609 2974 1991 6530 32378 2553 729 11108 511 301 53 630 199 844 317
internal_value=-0.00968973 -0.0341824 0.0366244 0.00387726 0.00854245 0.0162132 0.0181588 -0.0459378 0.00640943 -0.0202858 0.0501301 -0.0368617 -0.0308414 0.00695882 -0.00221537 0.0443582 0.0120829 -0.0475957 -0.018356 -0.0303757 0.0106808 0.0286372 -0.00266294 0.02513 0.012254 -0.0341735 0.0298317 0.0100728 0.0260461 0.0166199
internal_weight=6973.81 4561.51 2412.3 1076.43 783.402 826.241 629.659 3485.08 612.787 211.577 1628.89 250.19 153.743 432.003 287.069 213.454 198.333 3273.5 168.724 119.328 49.3958 21.0061 131.098 144.934 86.1315 88.7357 9.99481 195.953 160.924 120.425
internal_count=2807928 2707021 100907 206780 74751 66208 15594 2500241 57315 73944 26156 140572 59157 12894 11851 8893 3387 2426297 45182 36099 9083 3721 21228 1043 11409 8464 2621 3173 1852 828
is_linear=0
shrinkage=0.05


Tree=46
num_leaves=31
num_cat=0
split_feature=9 4 3 11 11 7 8 4 3 11 11 7 9 4 7 9 8 9 5 8 7 11 4 8 8 5 4 3 7 4
split_gain=2969.17 789.192 355.036 237.497 109.482 98.4659 88.8059 65.0486 45.3216 43.9724 42.2997 41.1623 28.0894 27.7916 27.514 26.579 24.0502 23.9917 23.7701 23.1335 20.1146 48.8177 38.8339 32.5277 30.9658 19.9767 19.9632 18.6596 16.9717 16.8317
threshold=0.64226880669593822 0.64326766133308422 0.77485185861587536 1.0000000180025095e-35 1.0000000180025095e-35 0.075498577207326903 0.26246066391468054 0.65545505285263073 0.91945946216583263 1.0000000180025095e-35 1.0000000180025095e-35 0.15075758099555972 0.81844761967659008 0.55036231875419628 0.26794873178005224 0.90377491712570202 0.45013087987899786 0.37296918034553533 1.0000000180025095e-35 0.7729182541370393 0.20942982286214831 1.0000000180025095e-35 0.48050633072853094 0.38115416467189794 0.2440886273980141 1.0000000180025095e-35 0.99315068125724804 0.87226107716560375 0.065591398626565947 0.21132376790046695
decision_type=2 2 2 2 2 2 2 2 2 2 2 2 2 2 2 2 2 2 2 2 2 2 2 2 2 2 2 2 2 2
left_child=1 8 4 5 7 6 26 15 18 13 -4 -5 -6 -10 17 19 -8 -7 20 -2 -1 22 24 -24 -22 -19 -3 -13 -15 -26
right_child=2 3 10 11 12 14 16 -9 9 -11 -12 27 -14 28 -16 -17 -18 25 -20 -21 21 -23 23 -25 29 -27 -28 -29 -30 -31
leaf_value=-0.049251556635554659 -0.012758041465826556 0.0080270256456226111 0.052456290289498567 -0.046634563916467635 -0.044168358846099376 0.064680594475643102 -0.042209090241204547 0.04250847891483505 -0.027709664620960462 -0.048770840322440001 0.025185567819187567 -0.031625047935189166 0.0035498525895821019 -0.00071675641508537431 0.05983359331685896 0.024353956917279398 0.048276312627680666 0.0079968971356580033 0.091865119533713485 0.016212883503858713 1.5466633223876711 -0.049209149150894804 0.23239690667968849 0.03244670949703117 0.05518371852303379 0.044673606665881098 0.035784057724093453 0.032208423716184084 0.054143357049832343 -0.03579137275562122
leaf_weight=2776.9409769150661 180.61570971342735 348.46762489329558 1404.5252777831629 229.95285687479191 105.60541505936999 36.227878860896453 108.440901672584 182.98582786787301 64.2114056290593 104.36930988356471 158.2123474967666 20.043647578335367 43.561243332223967 38.251417080173269 98.873736660461873 147.15346384048462 7.8768880729330695 114.8060159527231 3.0398298650979987 111.40933830616996 0.031311043654567494 174.70907977409661 2.2417194081936058 21.950214389711618 5.6840048178564748 54.870685108471662 79.568654569331557 26.697294935234822 22.326342470711097 48.18066825135611
leaf_count=2194538 10477 13484 24304 160150 55271 1799 50373 2566 18235 74818 1852 5957 3886 7802 1418 1084 1920 8123 181 1467 9 132868 234 4740 2387 791 506 1023 1247 24418
internal_value=-0.00956738 -0.0338044 0.0359952 0.00229018 0.00823823 0.0153994 0.00265916 0.0174619 -0.0462621 -0.0248215 0.0496954 -0.03794 -0.0302332 -0.00479104 0.0381542 0.00702615 -0.0360815 0.0277439 -0.0478821 -0.00170546 -0.0480223 -0.0345197 -0.00165428 0.0509749 -0.0252776 0.0198575 0.0131868 0.00483509 0.0195023 -0.0261913
internal_weight=6721.83 4387.76 2334.07 1125.83 771.331 849.132 544.354 622.164 3261.94 229.158 1562.74 276.694 149.167 124.789 304.778 439.179 116.318 205.905 3032.78 292.025 3029.74 252.797 78.0879 24.1919 53.896 169.677 428.036 46.7409 60.5778 53.8647
internal_count=2807928 2707021 100907 245544 74751 78414 66283 15594 2461477 102102 26156 167130 59157 27284 12131 13028 52293 10713 2359375 11944 2359194 164656 31788 4974 26814 8914 13990 6980 9049 26805
is_linear=0
shrinkage=0.05


Tree=47
num_leaves=31
num_cat=0
split_feature=7 3 4 11 11 10 4 0 10 10 4 4 1 4 4 7 3 3 5 1 4 10 7 5 8 10 8 0 7 1
split_gain=2749.49 647.038 593.104 169.935 158.078 66.3917 61.5386 59.565 58.7729 57.2797 51.9813 41.3259 41.1831 30.6607 28.6387 24.185 30.2225 28.2552 23.3224 22.9845 22.2256 21.4026 30.8525 20.8303 20.7121 32.8531 20.4176 20.2563 18.7273 18.6139
threshold=0.24499999731779101 0.89725545048713695 0.57804551720619213 1.0000000180025095e-35 1.0000000180025095e-35 1.0000000180025095e-35 0.70659971237182628 0.29285715520381933 1.0000000180025095e-35 1.0000000180025095e-35 0.78629976511001598 0.61311829090118419 0.57804551720619213 0.91734972596168529 0.21132376790046695 0.5419580638408662 0.90098038315773021 0.20204082131385806 1.0000000180025095e-35 0.62575301527977001 0.51668518781661998 1.0000000180025095e-35 0.70714285969734203 1.0000000180025095e-35 0.65133896470069896 1.0000000180025095e-35 0.7729182541370393 0.23611111193895343 0.76696833968162548 0.23606811463832858
decision_type=2 2 2 2 2 2 2 2 2 2 2 2 2 2 2 2 2 2 2 2 2 2 2 2 2 2 2 2 2 2
left_child=1 6 3 7 8 10 18 14 11 -8 15 -3 -9 -6 29 16 -4 -17 24 -11 -10 22 26 -16 -1 -26 -14 -27 -5 -2
right_child=2 4 5 28 13 -7 9 12 20 19 -12 -13 21 -15 23 17 -18 -19 -20 -21 -22 -23 -24 -25 25 27 -28 -29 -30 -31
leaf_value=-0.048479549776517868 0.044567837143584546 -0.026604840272559584 -0.021766074143987707 -0.045329811989563436 -0.045272316863045947 0.05217266372781372 -0.033149813721991279 0.083000500985356135 -0.046628840012871625 -0.011333067443968114 0.044547608094077616 0.013600643006293071 -0.058753407447787447 0.038368045410800251 -0.0059126770203118658 0.21676815902369539 0.028519721299825863 0.027512410663211646 0.074534267173115218 0.061857625897004692 0.050189460044962581 0.040133128350104678 0.097639537701461165 0.078624955995904633 -0.040491519279877902 0.062900824751287665 -0.27879174627784725 0.34091219875250567 0.031174734856238173 -0.025586502743281388
leaf_weight=2865.7651262125 53.550603134790435 74.706732937251218 75.29060787463095 225.31404426484369 154.49354322592262 1304.467732724268 190.86735925357789 42.185288066393696 6.2282858716789624 18.861556317540817 305.30009209411219 442.37865541840438 8.4277199410134909 11.793382152332923 330.67224725219421 2.013717816094867 49.540862780762836 95.539725922630168 3.8811741599347434 24.870718620950356 122.78333921381272 20.355941310990602 2.9874110314995042 7.4509559907019129 14.636090357089417 5.8053242164896792 1.20500037819147 0.73855550517328072 8.2935331143671629 11.482594341854563
leaf_count=2344183 2293 23948 7874 148790 105801 23255 82513 593 340 1816 4628 15703 229 2521 28606 69 752 1363 294 511 1857 300 36 81 7955 260 22 10 751 574
internal_value=-0.00944416 -0.035619 0.0310701 -0.00765874 0.00413511 0.046119 -0.0459521 0.00941308 0.0153245 -0.0213237 0.0311541 0.00779189 0.0502776 -0.0393404 0.00179461 0.0127668 -0.00180955 0.0314191 -0.0479508 0.0302908 0.0455154 0.00841627 -0.0427422 -0.00404979 -0.0481155 0.00114753 -0.086279 0.0942778 -0.0426137 0.032181
internal_weight=6481.89 3937.81 2544.08 711.925 812.384 1832.15 3125.43 478.318 646.097 234.6 527.685 517.085 75.1614 166.287 403.156 222.385 124.831 97.5534 2890.83 43.7323 129.012 32.9761 12.6201 338.123 2886.95 21.18 9.63272 6.54388 233.608 65.0332
internal_count=2807928 2587712 220216 182275 150170 37941 2437542 32734 41848 84840 14686 39651 1180 108322 31554 10058 8626 1432 2352702 2327 2197 587 287 28687 2352408 8225 251 270 149541 2867
is_linear=0
shrinkage=0.05


Tree=48
num_leaves=31
num_cat=0
split_feature=9 4 3 10 3 4 10 9 0 1 4 4 7 4 10 8 2 8 6 10 7 10 4 8 4 0 1 4 1 13
split_gain=2612.65 738.417 334.926 166.671 154.406 95.8963 76.8905 87.4446 49.2567 38.7417 33.9889 45.4536 31.451 30.3797 29.6757 29.6379 29.284 28.0972 29.0186 26.1088 24.2263 97.8972 31.4578 24.2219 22.9989 20.7252 20.2854 19.8823 25.0853 19.8449
threshold=0.64226880669593822 0.64326766133308422 0.77485185861587536 1.0000000180025095e-35 0.89725545048713695 0.68108487129211437 1.0000000180025095e-35 0.86319074034690868 0.46428571641445165 0.44136746227741247 0.48934240639209753 0.4530817717313767 0.26491229236125952 0.84292763471603405 1.0000000180025095e-35 0.17295821756124499 0.32305502891540533 1.0000000180025095e-35 1.0000000180025095e-35 1.0000000180025095e-35 0.15075758099555972 1.0000000180025095e-35 0.48934240639209753 0.6975214183330537 0.19639987498521808 0.29285715520381933 0.56294015049934398 0.84292763471603405 0.55848154425621044 1.0000000180025095e-35
decision_type=2 2 2 2 2 2 2 2 2 2 2 2 2 2 2 2 2 2 2 2 2 2 2 2 2 2 2 2 2 2
left_child=1 8 5 4 12 6 7 -2 20 29 11 -9 17 -6 15 26 -5 18 -3 27 -1 -22 24 -19 -23 -26 -10 28 -4 -8
right_child=2 3 19 16 13 -7 9 10 14 -11 -12 -13 -14 -15 -16 -17 -18 23 -20 -21 21 22 -24 -25 25 -27 -28 -29 -30 -31
leaf_value=-0.049322648868626327 -0.040464501399811302 -0.034908687273417158 0.081139594588752376 -0.016618655119476921 -0.0020744583401670481 0.040848237599663259 0.0023666256299348059 0.050684351712751756 0.090866204846764234 0.051972778744764449 -0.0073301634342534299 0.28970261550612791 0.019179355179862793 0.021926714639359704 0.026945118613253334 -0.043263018407093394 0.048385624403112719 -0.044333037334208569 0.03653955237682268 0.052740530917660192 -0.046510820349369396 0.11901115904308535 0.078092216978157769 1.1728450878187426 -0.02090680138472939 0.30179451179887118 -0.0081120749911422884 0.047516991514869517 0.017022284608222121 0.054731949665324631
leaf_weight=2445.3346993166488 183.97929254907649 35.138091774424538 17.100125328171998 19.072092691203579 266.34180452115834 168.11494246846996 263.58928813133389 26.408293034881357 5.9924744364107019 54.56989328796044 30.311109025031328 2.1510708087589583 26.738145849318244 261.08513306337409 27.754930169088766 108.78343433374539 189.18921004480217 266.37427288317122 23.86209074629005 1076.2742570401169 295.97942150395829 3.536807528929784 19.250608453527093 0.040879602893254652 30.309525288175795 0.50585481931920995 38.021269718417898 205.25760423205793 141.36897052708082 19.425956949591637
leaf_count=2133822 65075 5705 291 4603 38800 2739 3664 2051 1085 664 322 85 1583 8293 525 65436 6869 177738 1940 20611 241274 949 2663 13 13265 28 2430 3385 1869 151
internal_value=-0.00931785 -0.0330395 0.0347242 0.00221188 -0.00731133 0.00759499 -0.00203635 -0.0234925 -0.0459275 0.0133987 0.0295475 0.068687 -0.0329491 0.00980652 -0.0206165 -0.0292559 0.0424327 -0.0372323 -0.00601209 0.0488266 -0.0475626 -0.0352507 0.0269246 -0.0441463 -0.00174928 -0.0156094 0.00536382 0.0372454 0.0239411 0.00596094
internal_weight=6251.86 4063.31 2188.55 1087.84 879.58 748.55 580.435 242.85 2975.47 337.585 58.8705 28.5594 352.153 527.427 180.552 152.797 208.261 325.415 59.0002 1440 2794.92 349.582 53.6028 266.415 34.3522 30.8154 44.0137 363.727 158.469 283.015
internal_count=2807928 2707021 100907 245544 234072 74751 72012 67533 2461477 4479 2458 2136 186979 47093 69476 68951 11472 185396 7645 26156 2392001 258179 16905 177751 14242 13293 3515 5545 2160 3815
is_linear=0
shrinkage=0.05


Tree=49
num_leaves=31
num_cat=0
split_feature=9 4 3 11 4 7 10 9 3 11 3 11 7 1 6 9 4 4 2 9 8 4 7 10 1 5 4 7 10 10
split_gain=2448.44 713.124 324.396 198.147 88.8533 86.1723 70.6838 81.2325 58.7462 46.9512 46.7754 41.368 40.6252 36.0892 35.9961 31.5592 28.6726 30.4903 28.3556 37.0327 26.1744 24.8568 23.6328 92.788 26.2723 22.7011 22.1285 20.8376 19.7734 19.5187
threshold=0.64226880669593822 0.64326766133308422 0.77485185861587536 1.0000000180025095e-35 0.68108487129211437 0.16064515709877017 1.0000000180025095e-35 0.86319074034690868 0.89725545048713695 1.0000000180025095e-35 0.91945946216583263 1.0000000180025095e-35 0.10435571894049646 0.44136746227741247 1.0000000180025095e-35 0.49324201047420507 0.48934240639209753 0.4530817717313767 0.68133461475372326 0.47285011410713201 0.30389872193336492 0.52419984340667736 0.15075758099555972 1.0000000180025095e-35 0.52704679965972911 1.0000000180025095e-35 0.64747309684753429 0.48809523880481726 1.0000000180025095e-35 1.0000000180025095e-35
decision_type=2 2 2 2 2 2 2 2 2 2 2 2 2 2 2 2 2 2 2 2 2 2 2 2 2 2 2 2 2 2
left_child=1 10 4 5 6 8 7 -2 14 -4 22 21 -5 -8 -3 20 17 -9 -16 -20 -10 -12 -1 -24 -25 -14 -7 28 -6 -23
right_child=2 3 9 12 27 26 13 16 15 -11 11 -13 25 -15 18 -17 -18 -19 19 -21 -22 29 23 24 -26 -27 -28 -29 -30 -31
leaf_value=-0.049375986734719775 -0.039832712637212997 -0.033473923036417573 0.051569551287363458 -0.048974364458949288 -0.027280630448381846 0.22238269338163744 0.0056769908766844254 0.04639960442736242 0.016696343609021034 0.021908334022549387 -0.03152865646441342 -0.048539238608712308 -0.021792835523376762 0.050506416545965799 -0.03472690111337734 0.072547131361620151 -0.0069566024117970401 0.22508480451922927 0.030979554974106288 0.23168535332171702 -0.017048738202027486 -0.00060760895234007728 -0.046776178980060305 0.010407495406393128 0.11051947465192043 0.042841866904115747 0.041861816396063088 0.050517578983043578 0.040130766075966356 0.058869410866654218
leaf_weight=2294.1104555157945 177.71263490221463 126.76432353293058 1233.1205003843643 183.51482286979444 19.494035293231718 1.7130324619356532 282.4825481462758 27.378260825062174 369.68781915970612 149.60223048739135 48.397801471408457 90.936711695976555 47.835444155731238 53.377371263224632 15.817519807023926 22.20918520539999 30.341049688868225 2.6154708671383551 25.87111479241867 2.5223706535762167 68.040061078616418 53.105012616259046 281.73381592391524 47.282831615651958 7.6078239990165448 18.973077469272539 188.56452996795997 120.19273056508973 24.612536652013659 18.634408165235072
leaf_count=2101643 65075 50195 24304 148983 515 146 3815 2051 4571 1852 15347 74818 17503 664 7758 484 322 85 2737 126 8454 11622 240828 16700 204 644 3943 1908 316 315
internal_value=-0.00919 -0.0326373 0.0340726 0.00212259 0.00731029 0.0139938 -0.00197114 -0.022814 0.00509885 0.0483604 -0.0457436 -0.0230971 -0.036821 0.0128016 -0.0199252 0.0144012 0.0273138 0.0619811 0.0189224 0.0488095 0.011451 -0.00383884 -0.0475607 -0.0351891 0.024283 -0.00343711 0.043487 0.0397309 0.0103366 0.0148416
internal_weight=6034.25 3913.32 2120.93 1071.51 738.207 821.19 573.907 238.047 630.912 1382.72 2841.81 211.074 250.323 335.86 170.975 459.937 60.3348 29.9937 44.211 28.3935 437.728 120.137 2630.73 336.624 54.8907 66.8085 190.278 164.299 44.1066 71.7394
internal_count=2807928 2707021 100907 245544 74751 78414 72012 67533 74325 26156 2461477 102102 167130 4479 60816 13509 2458 2136 10621 2863 13025 27284 2359375 257732 16904 18147 4089 2739 831 11937
is_linear=0
shrinkage=0.05


Tree=50
num_leaves=31
num_cat=0
split_feature=9 4 3 11 4 7 11 3 0 11 7 11 8 7 11 4 8 8 4 8 8 13 5 3 1 8 7 1 7 4
split_gain=2293.85 688.749 313.849 184.296 83.1879 78.453 63.939 53.6635 49.9037 48.0332 39.9673 30.7539 29.8408 25.3862 55.9051 46.9087 25.4448 33.1015 52.8895 25.2199 24.7288 21.734 21.6774 21.582 20.8355 33.0274 19.1311 18.7224 18.5693 17.6732
threshold=0.64226880669593822 0.64326766133308422 0.77485185861587536 1.0000000180025095e-35 0.65545505285263073 0.16064515709877017 1.0000000180025095e-35 0.89725545048713695 0.46428571641445165 1.0000000180025095e-35 0.10435571894049646 1.0000000180025095e-35 0.47836488485336309 0.15075758099555972 1.0000000180025095e-35 0.48808848857879644 0.41686412692070013 0.41394501924514776 0.60640108585357677 0.56765475869178783 0.30389872193336492 1.0000000180025095e-35 1.0000000180025095e-35 0.91068580746650707 0.61633428931236278 0.50920382142066967 0.48809523880481726 0.54433220624923717 0.048809524625539787 0.89059829711914074
decision_type=2 2 2 2 2 2 2 2 2 2 2 2 2 2 2 2 2 2 2 2 2 2 2 2 2 2 2 2 2 2
left_child=1 8 4 5 6 7 21 19 13 -4 -5 24 20 -1 15 -15 17 -17 -19 -3 28 22 -2 -12 25 -10 27 -6 -9 -11
right_child=2 3 9 10 26 -7 -8 12 11 29 23 -13 -14 14 -16 16 -18 18 -20 -21 -22 -23 -24 -25 -26 -27 -28 -29 -30 -31
leaf_value=-0.049239080170452351 0.0016058813241306505 -0.021978827777622684 0.051255663588897264 -0.048916737498449547 -0.028488819877400873 0.041642140205689931 -0.036546131248353167 0.013885307065410786 0.0061237534709112137 0.0072806209737280754 -0.033423029704261135 -0.048527571428806177 0.069844795194760154 -0.027090085283491428 -0.049134706678832657 0.10653463854773436 0.021597287946625257 -0.050938656149783407 1.3250355077324369 0.12273963907518047 -0.017143863212985267 0.053938971138050407 0.083032068817834204 0.023740471710787286 -0.019489437017355473 0.13540375815269107 0.045884602117957966 0.033585851349053834 0.078553603681777398 0.042732538448042715
leaf_weight=2216.5431749544805 399.90427618951071 164.62325769755989 1179.9838333250955 174.76524141978007 19.560875432332978 188.78707575448789 111.76864587829914 357.74181607039645 32.159699194598943 90.576270145364106 31.341701694997028 59.777682088082656 22.521468810271472 76.337378434371203 214.80891928612255 6.6675809293519697 27.010851082042791 0.13483384391292919 0.14487715321592987 3.0665576338069505 66.912833726149984 22.321160774677992 8.344258099794386 34.896228412981145 74.743968055583537 5.8369314474984995 134.05715253564995 32.04958616476506 11.456254704389719 57.452046148478985
leaf_count=2133822 12702 60639 24304 148983 705 4089 58344 4351 9845 1047 15085 49436 542 48814 199142 1596 8552 59 16 177 8395 217 109 3062 9942 253 2171 503 221 805
internal_value=-0.00906062 -0.0322283 0.0334238 0.00203083 0.00703925 0.0133882 -0.00285005 0.00487179 -0.045559 0.0478876 -0.0363814 -0.0195359 0.0137216 -0.0473253 -0.0342775 -0.00534199 0.0435474 0.128889 0.661751 -0.0193323 0.0108233 0.00589689 0.00327016 -0.0033075 -0.00416387 0.0259834 0.0359261 0.0100589 0.015892 0.0210401
internal_weight=5826.3 3770.28 2056.02 1056.11 728.006 815.109 542.338 626.322 2714.17 1328.01 241.003 172.518 458.632 2541.65 325.104 110.296 33.9581 6.94729 0.279711 167.69 436.111 430.57 408.249 66.2379 112.741 37.9966 185.668 51.6105 369.198 148.028
internal_count=2807928 2707021 100907 245544 74751 78414 71372 74325 2461477 26156 167130 69476 13509 2392001 258179 59037 10223 1671 75 60816 12967 13028 12811 18147 20040 10098 3379 1208 4572 1852
is_linear=0
shrinkage=0.05


Tree=51
num_leaves=31
num_cat=0
split_feature=9 4 4 11 10 9 10 11 7 10 7 4 12 5 1 7 8 7 2 4 2 1 4 13 4 9 4 1 1 7
split_gain=2148.08 665.116 297.868 171.373 76.6744 73.2419 64.5156 48.3917 41.1788 87.6361 39.3537 34.8751 30.0911 28.505 26.4015 21.9443 32.2889 22.8161 21.1733 20.6138 20.4919 19.7196 19.3593 19.3152 18.3884 17.5066 16.7013 20.7404 19.6924 16.1774
threshold=0.64226880669593822 0.64326766133308422 0.61938297748565685 1.0000000180025095e-35 1.0000000180025095e-35 0.73097601532936107 1.0000000180025095e-35 1.0000000180025095e-35 0.21980676054954532 1.0000000180025095e-35 0.10435571894049646 0.84292763471603405 1.0000000180025095e-35 1.0000000180025095e-35 0.35043859481811529 0.26491229236125952 1.0000000180025095e-35 0.065591398626565947 0.3483316451311112 0.88067796826362621 0.74352160096168529 0.49691358208656317 0.93063354492187511 1.0000000180025095e-35 0.56691542267799389 0.37296918034553533 0.21132376790046695 1.0000000180025095e-35 0.20761494338512423 0.056349206715822227
decision_type=2 2 2 2 2 2 2 2 2 2 2 2 2 2 2 2 2 2 2 2 2 2 2 2 2 2 2 2 2 2
left_child=1 8 5 4 11 6 -2 18 12 -10 -5 15 24 20 -6 16 -3 -18 -4 -9 23 -8 -12 26 -1 -19 -7 -28 -29 -16
right_child=2 3 7 10 14 13 21 19 9 -11 22 -13 -14 -15 29 -17 17 25 -20 -21 -22 -23 -24 -25 -26 -27 27 28 -30 -31
leaf_value=-0.035028469145348448 -0.046986941195765269 0.0028881316825577633 0.015398763791653988 -0.0488565904888855 -0.016060854385858341 0.03256416967570442 0.0047964448593890282 0.0045196791399617102 -0.041953280110464085 0.031971158040705723 -0.01467361843318407 0.017850758926109472 -0.048447025923397384 0.063376076841270709 0.0085577168876042938 0.036909959059926743 -0.049406465010137013 0.061661918093431294 0.049953999603524049 0.041740050367006981 0.057363110959182964 0.081109875551183597 0.060817502296184184 0.053193981088857124 0.012262841300372355 -0.01765290644678499 0.085863077349863426 -0.035757952088959828 0.0035877245950215273 0.051872867083011344
leaf_weight=62.308894189889543 110.99423246458173 194.83209575561341 46.035215917043388 166.44141670071986 19.082870205515064 47.991997734410688 43.389873577049002 94.762317406362854 174.91942503675818 52.012009152909741 55.782075831433758 261.76042731024791 2273.587468130223 27.37480640783906 25.066720081376843 27.123080376535654 67.539683297160082 8.0305026734713447 1197.0399214292411 61.239196069538593 22.180423060432076 10.516968186013399 10.017702024197204 22.185434022918344 30.674328094348311 52.051893286406994 7.0149302822537711 36.103106083231978 266.89638394734357 153.91505038482137
leaf_count=42614 50004 9043 614 148983 4858 1660 2018 2195 149953 7640 17951 5498 2251605 460 3269 405 43260 1659 25521 867 385 86 196 237 9665 7077 243 2131 14486 3345
internal_value=-0.00892692 -0.0318017 0.0327805 0.00194582 0.0128093 0.00313625 -0.0251917 0.0453801 -0.0453559 -0.02501 -0.0359154 0.00404988 -0.0473068 0.0140061 0.0398458 -0.00628409 -0.00991734 -0.0294666 0.0486743 0.0191307 0.0106473 0.0196848 -0.00318046 0.00792193 -0.0194275 -0.00705183 0.00511645 0.000867383 -0.00110041 0.0458065
internal_weight=5628.87 3635.15 1993.72 1041.64 809.402 594.648 164.901 1399.08 2593.5 226.931 232.241 611.338 2366.57 429.747 198.065 349.577 322.454 127.622 1243.08 156.002 402.372 53.9068 65.7998 380.192 92.9832 60.0824 358.006 310.014 302.999 178.982
internal_count=2807928 2707021 100907 245544 78414 71710 52108 29197 2461477 157593 167130 66942 2303884 19602 11472 61444 61039 51996 26135 3062 19142 2104 18147 18757 52279 8736 18520 16860 16617 6614
is_linear=0
shrinkage=0.05


Tree=52
num_leaves=31
num_cat=0
split_feature=9 4 3 11 4 7 8 11 11 0 7 10 7 7 10 8 3 0 8 7 9 8 7 3 9 10 7 9 8 8
split_gain=2010.93 640.992 297.909 184.946 72.7634 72.6781 82.8679 57.3608 48.6768 41.8436 38.5042 32.1401 26.2249 23.0517 81.6769 22.8112 21.9482 71.0208 21.931 21.1802 22.6615 25.1125 20.4058 19.8999 19.5921 22.8515 24.9658 25.6971 20.6784 18.3387
threshold=0.64226880669593822 0.6291005313396455 0.77485185861587536 1.0000000180025095e-35 0.68108487129211437 0.065591398626565947 0.26246066391468054 1.0000000180025095e-35 1.0000000180025095e-35 0.46428571641445165 0.10435571894049646 1.0000000180025095e-35 0.24499999731779101 0.15075758099555972 1.0000000180025095e-35 0.47643721103668218 0.52114352583885204 0.19090909510850909 0.71812930703163158 0.26491229236125952 0.37296918034553533 0.17295821756124499 0.48809523880481726 0.91068580746650707 0.90377491712570202 1.0000000180025095e-35 0.20344828069210055 0.6546536684036256 0.63897106051445018 0.36932876706123358
decision_type=2 2 2 2 2 2 2 2 2 2 2 2 2 2 2 2 2 2 2 2 2 2 2 2 2 2 2 2 2 2
left_child=1 9 4 5 7 6 -3 18 -4 13 -5 19 -11 -1 -15 -8 17 -16 24 20 21 -7 -6 -12 25 -2 27 28 -27 -23
right_child=2 3 8 10 22 11 15 -9 -10 12 23 -13 -14 14 16 -17 -18 -19 -20 -21 -22 29 -24 -25 -26 26 -28 -29 -30 -31
leaf_value=-0.04928637418696824 -0.042705639440227323 0.010697240069329105 0.050684443013756866 -0.048957102228038049 0.0076597501411161248 0.77667495855362378 -0.043994850351676176 -0.034234870162456778 0.019690720001015551 -0.027151299480490276 -0.032937676035713209 0.046118345261454391 0.041223973677903786 -0.046559784879469532 0.0059946963173525183 0.072142413251950158 0.10302888556306317 1.2468149085177478 0.014241640781368144 0.043434197613555416 -0.010572797460614717 0.089558849761544684 0.048583493315435843 0.020563482684686506 0.034198040530389572 0.24340650219879234 -0.0064140659499924832 0.073709777814854757 0.94764324482251416 -0.034894318969807679
leaf_weight=1977.9234401260619 50.500395356910303 423.17758744943421 1081.8544227788225 182.24124498653691 42.314295232878067 0.12057391356211056 99.809367735346314 110.63655940745957 143.48339218017645 132.56661194865592 33.574216219130903 168.73396658158163 15.682451028842477 244.78933137113927 45.778999509639107 4.4151374940993255 7.1978101931745178 0.11561213282402505 287.17743088654242 40.33663003356196 78.008295051346067 9.8078212140826491 108.74013789463788 36.035261755401734 22.689357258379459 0.34033757634460826 82.869551131036133 3.6556169241666794 0.15025605517439544 4.2395278486656016
leaf_count=2099227 6587 15844 24304 173668 831 9 57893 58683 1852 64153 18433 5162 581 239411 16446 725 251 25 4248 671 9046 1351 1908 3400 166 53 2140 117 18 725
internal_value=-0.00879285 -0.0313804 0.0321288 0.000648262 0.00633471 0.0120525 0.000861302 -0.00199871 0.0470552 -0.0456569 -0.0368744 0.0316453 -0.0199183 -0.0473335 -0.0343666 -0.0390751 0.0218517 0.00912042 0.00597321 0.0132162 -7.34913e-06 0.0581658 0.0371197 -0.00524133 -0.00884843 -0.0159508 -0.000423447 0.11931 0.459096 0.0519985
internal_weight=5438.97 3504.55 1934.41 1080.5 709.074 828.649 527.402 558.02 1225.34 2424.05 251.851 301.247 148.249 2275.81 297.882 104.225 53.0924 45.8946 447.383 132.513 92.1762 14.1679 151.054 69.6095 160.206 137.516 87.0158 4.14621 0.490594 14.0473
internal_count=2807928 2707021 100907 286927 74751 91426 74462 72012 26156 2420094 195501 16964 64734 2355360 256133 58618 16722 16471 13329 11802 11131 2085 2739 21833 9081 8915 2328 188 71 2076
is_linear=0
shrinkage=0.05


Tree=53
num_leaves=31
num_cat=0
split_feature=4 7 7 11 11 8 3 8 10 3 0 4 11 4 5 6 0 1 2 10 10 0 5 1 2 8 4 1 8 0
split_gain=1883.38 475.56 452.638 147.918 84.5342 62.6722 55.8763 55.0779 51.9207 45.5749 42.4873 34.2517 26.7335 23.7311 22.3633 22.2302 28.2063 48.2522 22.0879 18.7428 18.1408 17.8009 17.6589 17.5259 23.3546 19.0061 17.2469 17.3053 16.894 16.517
threshold=0.64326766133308422 0.21980676054954532 0.29705883562564855 1.0000000180025095e-35 1.0000000180025095e-35 0.59102103114128124 0.83484846353530895 0.6975214183330537 1.0000000180025095e-35 0.89725545048713695 0.46428571641445165 0.84292763471603405 1.0000000180025095e-35 0.91734972596168529 1.0000000180025095e-35 1.0000000180025095e-35 0.19090909510850909 0.55217784643173229 0.68133461475372326 1.0000000180025095e-35 1.0000000180025095e-35 0.38750000298023229 1.0000000180025095e-35 0.68614074587821972 0.91106721758842479 0.51075392961502086 0.21132376790046695 0.23606811463832858 0.30389872193336492 0.095454547554254546
decision_type=2 2 2 2 2 2 2 2 2 2 2 2 2 2 2 2 2 2 2 2 2 2 2 2 2 2 2 2 2 2
left_child=2 3 7 5 6 9 22 10 11 15 14 -3 23 -5 -1 16 17 -2 -17 28 -9 -6 26 24 25 -12 27 -4 -11 -16
right_child=1 8 4 13 21 -7 -8 20 -10 19 12 -13 -14 -15 29 18 -18 -19 -20 -21 -22 -23 -24 -25 -26 -27 -28 -29 -30 -31
leaf_value=-0.047735366516626354 -0.022113467065356007 0.015806969089452855 0.040426236477790284 -0.046744171472067268 -0.038330503539171334 0.074506327336764683 0.048362479158677904 -0.020596870777566695 0.050297619089879134 0.012482425592932098 -0.0017105238990011971 0.044039239673043011 -0.048814680228011192 0.031461205516181298 0.11433967711852687 -0.035207750903886302 -0.042941938243488464 0.10834219690963542 0.03700909924676473 0.038303353720699013 0.061907270345574666 0.021943234296915096 0.082563324249133735 -0.024690128442465056 0.20783113468770723 0.095202952928923903 -0.001156362764566941 -0.030808174163857189 -0.017476562925561556 -0.033640221498358554
leaf_weight=2165.9765176956425 31.88393826817628 222.98794716177508 48.951724012265913 177.95060929923784 122.47350286500296 33.273538946523331 87.783614520914853 11.78567590250168 963.70954685867764 355.04381804738659 39.912888249848038 207.30793395545334 53.732963099319022 10.259550110087728 3.6784528652206054 16.082709712674841 92.41096327570267 9.1143273136112821 30.9910393350292 60.612601483357139 15.327384554082528 13.611045493453274 7.1113070026040068 53.75839692086447 1.5514640151523043 5.7932937245350322 348.21859921328723 10.323988044983706 54.24607822811231 3.8690294856205583
leaf_count=2354220 11773 6458 1300 161740 83221 735 1525 4906 22264 4439 13265 3873 49325 2766 126 7878 38386 948 2911 913 249 365 101 6347 19 340 16306 316 8472 2441
internal_value=-0.00865747 0.0257343 -0.0346866 -0.00322989 0.00265472 0.00757591 0.0121236 -0.0448086 0.0438497 0.00415177 -0.0456337 0.0294087 -0.0203203 -0.0424811 -0.047436 -0.0172049 -0.0276286 0.00688814 0.0123363 0.0123546 0.0260439 -0.032302 0.00445082 -0.00516346 0.0170493 0.0105733 0.00308766 0.0280194 0.00851175 0.0384815
internal_weight=5259.73 2265.87 2993.86 871.869 638.474 683.659 502.389 2355.39 1394.01 650.385 2328.27 430.296 154.749 188.21 2173.52 180.483 133.409 40.9983 47.0737 469.902 27.1131 136.085 414.606 101.016 47.2576 45.7062 407.494 59.2757 409.29 7.54748
internal_count=2807928 273556 2534372 240961 103134 76455 19548 2431238 32595 75720 2426083 10331 69296 164506 2356787 61896 51107 12721 10789 13824 5155 83586 18023 19971 13624 13605 17922 1616 12911 2567
is_linear=0
shrinkage=0.05


Tree=54
num_leaves=31
num_cat=0
split_feature=9 3 3 7 10 10 11 5 1 7 1 11 7 10 12 6 1 8 7 3 1 8 1 7 2 2 8 10 1 8
split_gain=1762.78 623.868 189.472 141.117 197.126 118.054 60.5065 41.952 41.176 39.8204 39.4064 38.3364 35.0748 31.6362 28.4869 31.6598 21.4544 20.9675 20.1151 23.551 31.8638 19.2601 19.2454 20.7172 21.0511 17.9084 16.0913 29.5539 18.1342 15.7661
threshold=0.70139563083648693 0.89725545048713695 0.77485185861587536 0.16064515709877017 1.0000000180025095e-35 1.0000000180025095e-35 1.0000000180025095e-35 1.0000000180025095e-35 0.52704679965972911 0.098387096077203764 0.71010184288024913 1.0000000180025095e-35 0.72077924013137828 1.0000000180025095e-35 1.0000000180025095e-35 1.0000000180025095e-35 0.68801230192184459 0.73186674714088451 0.5419580638408662 0.20204082131385806 0.29925373196601873 0.49285568296909338 0.48528139293193823 0.34057971835136419 0.25158227980136877 0.60660174489021312 0.63897106051445018 1.0000000180025095e-35 0.20761494338512423 0.62755528092384349
decision_type=2 2 2 2 2 2 2 2 2 2 2 2 2 2 2 2 2 2 2 2 2 2 2 2 2 2 2 2 2 2
left_child=1 3 7 14 10 6 -3 12 17 29 -5 -4 13 18 15 -1 -11 21 -2 20 -20 -6 23 24 -15 -17 -16 -28 -29 -8
right_child=2 5 11 4 8 -7 9 -9 -10 16 -12 -13 -14 22 26 25 -18 -19 19 -21 -22 -23 -24 -25 -26 -27 27 28 -30 -31
leaf_value=-0.039681200963696893 -0.037644648664621513 0.0070423445240239317 0.050263036905695557 -0.042363909763479313 0.040403454299656555 0.045873885182137732 -0.049000364828645726 0.058361974933508615 0.072792157173906608 -0.049108810678908266 0.01696699342093453 0.02073171696647011 0.025385496173794476 0.082072113641759953 -0.048193167649205781 -0.043955562927496861 0.020806766387151582 0.12294558051881355 0.071189926155651381 -0.00897133844617512 0.59333893693854467 -0.0063770487554312113 0.042390836416323956 -0.0052843824039672362 0.0022054935374417354 0.041953029008385982 -0.043158218740118139 0.45839417126883764 0.097006845051798116 0.74210184336439855
leaf_weight=69.920017548545729 78.074446768383496 536.90236241766252 939.24661551881582 320.06403618183685 33.732073658145964 167.63679852092173 95.226613961800467 43.125410038977861 43.583355999435298 14.528584981104357 30.667804368946236 124.45921423099935 173.82112075411715 15.098342509008942 1992.9214327650261 8.1144669615896401 44.82957750139758 4.282168068457394 5.1004394240444517 47.725970196654089 0.30993379605934013 63.273854846484028 37.124115034937859 145.89659109711647 18.191264798864722 24.033688079915009 6.7128170428914 0.39789172552991692 2.7209253723267466 0.063021212350576117
leaf_count=46052 20382 40156 23341 268141 6901 3369 97820 908 586 7897 2322 1473 2852 163 2248045 6680 3557 127 1012 4880 37 9806 547 1318 265 3100 5996 34 150 11
internal_value=-0.00851844 -0.0287087 0.0343826 -0.0409133 -0.0169096 0.00823 -0.000895152 0.0109682 0.0321553 -0.0284524 -0.037176 0.0468077 0.00704777 -0.00212428 -0.0465652 -0.0207988 0.00369413 0.0146697 -0.0214941 0.00223632 0.101101 0.00989003 0.00962517 0.00283672 0.0384286 0.020269 -0.0478784 0.0159309 0.143112 -0.0484772
internal_weight=5087.78 3459.61 1628.17 2600.42 495.603 859.187 691.55 564.468 144.871 154.648 350.732 1063.71 521.342 347.521 2104.82 102.068 59.3582 101.288 131.211 53.1363 5.41037 97.0059 216.31 179.186 33.2896 32.1482 2002.75 9.83163 3.11882 95.2896
internal_count=2807928 2750750 57178 2597940 287883 152810 149441 32364 17420 109285 270463 24814 31456 28604 2310057 55832 11454 16834 26311 5929 1049 16707 2293 1746 428 9780 2254225 6180 184 97831
is_linear=0
shrinkage=0.05


Tree=55
num_leaves=31
num_cat=0
split_feature=4 9 7 11 11 7 10 8 3 10 3 3 4 4 9 4 4 8 13 1 7 10 3 7 1 4 8 7 10 8
split_gain=1668.06 475.219 425.001 132.308 65.7899 102.773 65.8871 57.7255 55.8481 52.4405 45.9851 36.6365 33.0493 32.1644 27.6211 24.6729 22.6581 20.1071 18.2099 16.4306 38.051 15.7471 15.555 21.7012 16.6365 22.0679 16.4124 15.7857 20.0555 15.3698
threshold=0.64326766133308422 0.73097601532936107 0.21980676054954532 1.0000000180025095e-35 1.0000000180025095e-35 0.15075758099555972 1.0000000180025095e-35 0.59102103114128124 0.81165540218353283 1.0000000180025095e-35 0.91945946216583263 0.89725545048713695 0.45035210251808172 0.84292763471603405 0.56973218917846691 0.27639257907867437 0.91734972596168529 0.21833460777997973 1.0000000180025095e-35 0.68614074587821972 0.065591398626565947 1.0000000180025095e-35 0.25158227980136877 0.29289215803146368 0.34724637866020208 0.3034138828516007 0.97413599491119396 0.73030304908752453 1.0000000180025095e-35 1.0000000180025095e-35
decision_type=2 2 2 2 2 2 2 2 2 2 2 2 2 2 2 2 2 2 2 2 2 2 2 2 2 2 2 2 2 2
left_child=1 4 3 7 5 10 -7 11 18 13 -1 -2 15 -4 17 -8 -5 19 22 20 -12 29 23 -3 25 26 -24 28 -26 -13
right_child=2 8 9 16 -6 6 12 -9 -10 -11 14 21 -14 -15 -16 -17 -18 -19 -20 -21 -22 -23 24 -25 27 -27 -28 -29 -30 -31
leaf_value=-0.046911469329548747 -0.015768211116349257 0.11894632804832368 0.014845114732733195 -0.046407526140532951 -0.049793162744907082 -0.033494745421766892 0.034468612637464723 0.073561624832903169 0.051314552619591558 0.049571624790089863 0.04753994016211522 0.011975215190976374 0.047994905686393405 0.042764762623661107 0.19761452999990625 -0.02803012220112043 0.029809096014091364 -0.035283162633547513 0.052214286250905587 -0.011421485326779371 1.0945106740554222 0.035533642765845391 0.01420889283819376 0.012221048879663814 -0.033825565342838253 -0.040526904807837855 -0.089696865228161782 0.034708402993987413 0.017289615738193327 -0.01452707514840447
leaf_weight=615.06512078183005 172.11293813766679 4.9558992834063238 218.68595704552718 162.73868484445848 1405.0604678098462 100.29488257999765 26.048455972457305 31.236720641958527 79.436511963605881 885.95962828933261 15.556479448103342 343.24872073566075 59.250925990869291 195.264521534089 1.5982304814388033 40.102571263443679 10.372865878394803 45.132300953846425 19.413198716938496 26.104313208721578 0.087270316143986615 58.283955491264351 43.98900201509241 122.4337937887758 34.114941558102146 58.192548201885074 4.1598197598941615 36.661252420861274 43.863539949059486 65.079027102561668
leaf_count=740047 61896 457 6458 161740 1679561 48838 4598 735 1482 22264 3688 2895 4105 3873 54 10366 2766 21956 208 906 18 913 3192 5747 3548 4491 103 585 422 10016
internal_value=-0.00837834 -0.0339208 0.0247749 -0.0028741 -0.0429668 -0.032645 -0.00328686 0.00719448 0.0132956 0.042707 -0.0420631 0.0039488 0.020873 0.0280151 -0.0083597 -0.00341984 -0.0418406 -0.0121488 0.00508404 0.012861 0.0533806 0.0112216 0.00245768 0.016373 -0.00556415 -0.0198084 0.00523195 0.00764901 -0.00507285 0.0077513
internal_weight=4924.5 2781.52 2142.98 843.073 2334.3 929.241 225.697 669.961 447.221 1299.91 703.544 638.725 125.402 413.95 88.4786 66.151 173.112 86.8804 367.784 41.7481 15.6437 466.612 348.371 127.39 220.981 106.341 48.1488 114.64 77.9785 408.328
internal_count=2807928 2534372 273556 240961 2514137 834576 67907 76455 20235 32595 766669 75720 19069 10331 26622 14964 164506 26568 18753 4612 3706 13824 18545 6204 12341 7786 3295 4555 3970 12911
is_linear=0
shrinkage=0.05


Tree=56
num_leaves=31
num_cat=0
split_feature=4 9 7 11 11 7 10 8 10 3 3 3 4 5 4 4 13 5 3 7 8 9 4 0 1 7 3 1 9 1
split_gain=1561.75 454.561 401.163 124.379 67.026 99.9229 64.3084 54.0806 53.8478 52.7775 40.6198 33.3896 32.6604 32.4759 21.6736 21.2705 17.2308 16.955 17.102 18.2986 16.5906 20.0673 15.5536 17.5333 22.9079 19.5606 16.8105 22.1842 16.3644 14.254
threshold=0.64326766133308422 0.73097601532936107 0.21980676054954532 1.0000000180025095e-35 1.0000000180025095e-35 0.14039409160614016 1.0000000180025095e-35 0.59102103114128124 1.0000000180025095e-35 0.81165540218353283 0.91945946216583263 0.92940199375152599 0.47140522301197058 1.0000000180025095e-35 0.91734972596168529 0.27639257907867437 1.0000000180025095e-35 1.0000000180025095e-35 0.25158227980136877 0.34057971835136419 0.21833460777997973 0.56973218917846691 0.89059829711914074 0.13392857462167743 0.56294015049934398 0.5419580638408662 0.78867626190185558 0.91476997733116161 0.81844761967659008 0.56294015049934398
decision_type=2 2 2 2 2 2 2 2 2 2 2 2 2 2 2 2 2 2 2 2 2 2 2 2 2 2 2 2 2 2
left_child=1 4 3 7 5 10 -7 11 13 16 -1 -2 15 22 -5 -8 17 18 19 -3 29 -22 23 24 25 -4 -25 -28 -27 -12
right_child=2 9 8 14 -6 6 12 -9 -10 -11 20 -13 -14 -15 -16 -17 -18 -19 -20 -21 21 -23 -24 26 -26 28 27 -29 -30 -31
leaf_value=-0.047218167989408463 -0.013960660328823619 0.065015929896259234 -0.017031444405231938 -0.046199054931868516 -0.049774465720042994 -0.033637094270463762 0.030330561922353855 0.072188656749032395 0.049161974560485495 0.050409881383867074 0.071216571557996072 0.011191135607903521 0.046392237146909952 0.043807183899937305 0.027704971203177997 -0.023150467849998579 0.051645944045527359 0.088309499209737796 -0.0077279508886478601 0.0081742097235731736 -0.037474244505897793 0.17502962045295772 0.045808744501755601 -0.03128878405686062 0.072296789767809511 0.13868369975565481 0.024230500608028026 -0.02536958743789073 0.020959284732624123 -0.0022524917706085918
leaf_weight=566.4788811315666 187.12313132942654 16.212495843530633 25.468931430950761 155.48298729857197 1337.024453789636 108.92396011005621 29.807949060574174 30.264367363532074 849.59775817045011 76.884323131293058 8.1820064106141199 447.53162272344343 57.848478827625513 169.16113135125488 10.596636619651688 49.408446511835791 18.664494138211012 5.6411596834659568 214.13020022760611 111.76976118166931 42.684106386557687 1.1406388046452764 35.27026055753231 32.750283916131593 22.482030375977047 4.231060964986681 76.374381336499937 31.984168691560626 9.7643598131835443 34.185302976227831
leaf_count=716886 62382 1419 2512 161740 1679561 61705 7606 735 22264 1482 2536 13338 4367 3450 2766 17606 208 88 12255 4783 21755 39 684 1330 303 85 1363 464 140 2076
internal_value=-0.00823953 -0.0335056 0.0241766 -0.00277837 -0.0426768 -0.032117 -0.00495918 0.00688921 0.0419952 0.012747 -0.0423526 0.00377532 0.0178309 0.0270528 -0.0414836 -0.00302635 0.00484426 0.00233234 0.000914647 0.0153748 -0.0103747 -0.0319433 0.0151607 0.00983716 0.0320122 0.00906288 0.000102387 0.00959005 0.0565494 0.0119359
internal_weight=4767.07 2678.99 2088.08 830.999 2235.68 898.66 245.989 664.919 1257.08 443.302 652.671 634.655 137.065 407.487 166.08 79.2164 366.418 347.754 342.112 127.982 86.1921 43.8247 238.325 203.055 61.9464 39.4644 141.109 108.359 13.9954 42.3673
internal_count=2807928 2534372 273556 240961 2514137 834576 91284 76455 32595 20235 743292 75720 29579 10331 164506 25212 18753 18545 18457 6202 26406 21794 6881 6197 3040 2737 3157 1827 225 4612
is_linear=0
shrinkage=0.05


Tree=57
num_leaves=31
num_cat=0
split_feature=4 9 7 11 11 7 10 11 3 3 8 3 3 4 2 10 7 13 5 7 0 1 4 1 2 3 4 1 1 5
split_gain=1461.02 435.11 379.609 113.034 68.3068 97.3013 59.2126 52.4843 49.846 40.5815 38.2983 31.8968 31.2729 28.3241 26.3461 17.4214 17.2551 16.3047 16.1276 16.0255 15.9295 47.0899 17.0902 55.6032 16.3646 17.0844 15.7546 20.384 18.7779 15.6955
threshold=0.64326766133308422 0.73097601532936107 0.24499999731779101 1.0000000180025095e-35 1.0000000180025095e-35 0.14039409160614016 1.0000000180025095e-35 1.0000000180025095e-35 0.81165540218353283 0.91945946216583263 0.5953289568424226 0.89725545048713695 0.51316702365875255 0.90366768836975109 0.3483316451311112 1.0000000180025095e-35 0.22474747896194461 1.0000000180025095e-35 1.0000000180025095e-35 0.60769233107566845 0.15476191043853763 0.55217784643173229 0.74133810400962841 0.56294015049934398 0.68133461475372326 0.81934732198715221 0.2362911254167557 1.0000000180025095e-35 0.20761494338512423 1.0000000180025095e-35
decision_type=2 2 2 2 2 2 2 2 2 2 2 2 2 2 2 2 2 2 2 2 2 2 2 2 2 2 2 2 2 2
left_child=1 4 3 10 5 9 -7 14 17 -1 11 20 19 -5 -4 -13 -12 18 26 -8 21 -2 23 -23 -22 -26 -3 -28 -29 -9
right_child=2 8 7 13 -6 6 12 29 -10 -11 16 15 -14 -15 -16 -17 -18 -19 -20 -21 24 22 -24 -25 25 -27 27 28 -30 -31
leaf_value=-0.047071087955808631 -0.015344254851577166 0.021957120855525564 0.0077254830208736153 -0.044954706585479176 -0.049755022466862676 -0.032889298898604084 0.0011018417185493991 0.0020687855508356879 0.049488584425012722 -0.0099785300522730463 0.065653949844620127 0.0075034196824982358 0.056054138131259507 0.027608667876879503 0.047814099917725353 0.035858604645900842 -0.087453401768156636 0.051089604418115955 0.088143612457036793 0.31637479419758407 -0.042450232786764346 1.3178408320121922 0.067905368223268328 0.16862592367241314 0.022565998829410693 -0.025488635886924182 0.079179468633822567 -0.043230965533301691 -0.0019584458399699778 0.034109582972468931
leaf_weight=540.49325351289008 34.046120388258714 70.349404429318383 42.776343144709244 152.8736323879566 1272.3016486086417 105.90799484960735 100.32889057067223 93.42905144917313 74.461886635050178 85.3879051101394 34.089270755299367 411.82315604656469 37.123107406136114 14.745232603512703 978.11254551890306 62.374459837912582 1.9452130149584252 17.942674972116947 5.3758989665657273 0.40469405241310497 56.840988226875197 0.10964010155293946 7.2053321551065892 2.6308093150146306 29.836207673826721 48.66026319010416 7.0739311381475991 31.23973065847531 233.91555118188262 64.683152189478278
leaf_count=716886 11666 2671 699 161745 1679561 61705 28944 3401 1482 26406 839 12967 627 3561 26095 1037 46 208 88 8 32742 34 233 403 11009 6129 234 1874 13678 950
internal_value=-0.00809507 -0.033067 0.0235746 -0.00174468 -0.042373 -0.0315731 -0.00477409 0.0419827 0.0121984 -0.0420106 0.00720717 0.00444023 0.0168253 -0.0385714 0.0461343 0.0112332 0.0573889 0.00460971 0.00221292 0.00236844 -0.0135222 0.0126155 0.108326 0.214604 -0.0220184 -0.00722325 0.000864461 -0.0045863 -0.00682104 0.0151766
internal_weight=4618.49 2582.31 2036.18 857.18 2141.95 869.646 243.765 1179 440.359 625.881 689.561 653.527 137.857 167.619 1020.89 474.198 36.0345 365.897 347.955 100.734 179.329 43.9919 9.94578 2.74045 135.337 78.4965 342.579 272.229 265.155 158.112
internal_count=2807928 2534372 273556 242411 2514137 834576 91284 31145 20235 743292 77105 76220 29579 165306 26794 14004 885 18753 18545 28952 62216 12336 670 437 49880 17138 18457 15786 15552 4351
is_linear=0
shrinkage=0.05


Tree=58
num_leaves=31
num_cat=0
split_feature=4 9 7 11 11 7 10 10 8 3 3 4 3 3 4 7 9 8 9 13 3 8 9 10 8 1 4 7 0 10
split_gain=1366.22 416.369 359.751 109.866 69.441 94.5262 57.0742 56.3294 47.6803 46.9893 38.9431 31.3085 30.0542 27.8047 20.4734 16.8345 43.1366 16.7191 18.4477 15.4226 15.414 14.3612 17.774 13.5621 13.988 16.9971 14.034 13.5621 13.5555 13.257
threshold=0.64326766133308422 0.73097601532936107 0.21980676054954532 1.0000000180025095e-35 1.0000000180025095e-35 0.13188406080007556 1.0000000180025095e-35 1.0000000180025095e-35 0.59102103114128124 0.81165540218353283 0.91945946216583263 0.84292763471603405 0.51316702365875255 0.89725545048713695 0.87026646733284008 0.075498577207326903 0.2904126793146134 0.21833460777997973 0.56973218917846691 1.0000000180025095e-35 0.40212766826152807 0.58790296316146862 0.71471861004829418 1.0000000180025095e-35 0.30389872193336492 0.34330357611179357 0.99315068125724804 0.080540537834167494 0.19090909510850909 1.0000000180025095e-35
decision_type=2 2 2 2 2 2 2 2 2 2 2 2 2 2 2 2 2 2 2 2 2 2 2 2 2 2 2 2 2 2
left_child=1 4 3 8 5 10 -7 11 13 19 21 -4 28 -2 -5 -16 -17 -12 -19 -3 -9 22 -1 24 25 -15 27 -27 -8 -23
right_child=2 9 7 14 -6 6 12 20 -10 -11 17 -13 -14 23 15 16 -18 18 -20 -21 -22 29 -24 -25 -26 26 -28 -29 -30 -31
leaf_value=-0.047778857548443236 -0.014158433411380076 0.0021035585098488031 0.012291200798077896 -0.047101576667186604 -0.049734786431253959 -0.032646657499707056 0.00072079677887359063 0.017568195613051094 0.069362485996284085 0.048551691739970121 0.011783733704346749 0.040663438253162681 0.054190074361891841 0.21562974737084128 -0.043460563618146396 0.67327721558023335 0.038477808642179742 -0.038575339082073536 0.16255479119805732 0.050543640157148122 0.049999207658387883 -0.029392326827925211 0.84467127140849874 0.032703467445229388 -0.017213343829735803 0.0035827520308648639 0.029486451674653299 0.13010257559142147 0.27307051121600789 0.16852853002083637
leaf_weight=507.97152886365075 166.3426381641184 347.54467051581014 213.92934774351306 136.78293395345099 1210.7309557358967 106.0596919664531 102.03197209216887 38.535230268957093 28.621367906918749 72.162740599364042 42.520221513404977 178.24985300144181 37.625310503935907 1.0032351800473396 7.5043167390394983 0.27608262177090992 8.7272989042685349 40.178168712416664 1.1733541236026201 17.247315278276801 744.24545531067997 1.9970570695004417 0.055796091677620008 56.169548213016242 53.969631698564626 279.68367795972154 70.482277460861951 2.1342795956879845 0.45893290726235036 1.4679679034743458
leaf_count=708823 61896 18545 6458 158137 1679561 65555 31040 478 735 1482 4611 3873 663 80 5609 37 723 21651 34 208 21786 1730 3 913 8472 3790 528 41 37 429
internal_value=-0.00795256 -0.0326311 0.022969 -0.00263004 -0.0420669 -0.0310351 -0.00497494 0.0406536 0.00624591 0.0116864 -0.0418107 0.0251867 0.0159709 0.0033775 -0.0407536 0.0118457 0.0579435 -0.0102312 -0.0328682 0.0043938 0.0484027 -0.0469889 -0.0476808 0.00967165 0.00649519 0.0101168 0.0095316 0.00454092 0.00194032 0.0544574
internal_weight=4475.88 2489.23 1986.66 811.697 2052.27 841.54 246.176 1174.96 658.407 436.955 595.364 392.179 140.116 629.785 153.291 16.5077 9.00338 83.8717 41.3515 364.792 782.781 511.492 508.027 463.443 407.273 353.303 352.3 281.818 102.491 3.46502
internal_count=2807928 2534372 273556 240961 2514137 834576 97295 32595 76455 20235 737281 10331 31740 75720 164506 6369 760 26296 21685 18753 22264 710985 708826 13824 12911 4439 4359 3831 31077 2159
is_linear=0
shrinkage=0.05


Tree=59
num_leaves=31
num_cat=0
split_feature=4 7 9 9 10 5 7 10 10 3 7 3 3 9 9 9 7 4 9 9 4 1 1 7 10 11 7 1 4 1
split_gain=1279.84 382.856 373.061 126.503 107.618 58.9403 54.2895 104.718 47.7057 39.2642 27.5749 24.4286 23.8769 22.3133 22.2434 20.6485 19.2854 23.1979 24.9831 15.3037 14.9338 17.4918 17.2851 16.885 23.3253 14.7553 21.7464 22.7459 13.9038 13.8544
threshold=0.61938297748565685 0.10912698507308961 0.73097601532936107 0.19456735998392108 1.0000000180025095e-35 1.0000000180025095e-35 0.15075758099555972 1.0000000180025095e-35 1.0000000180025095e-35 0.81165540218353283 0.26794873178005224 0.51316702365875255 0.3483316451311112 1.0000000180025095e-35 0.46882475912570959 0.29519198834896093 0.075498577207326903 0.88067796826362621 0.3215534389019013 0.34804239869117742 0.2362911254167557 1.0000000180025095e-35 0.20761494338512423 0.64495798945426952 1.0000000180025095e-35 1.0000000180025095e-35 0.5419580638408662 0.69028213620185863 0.99315068125724804 0.16064515709877017
decision_type=2 2 2 2 2 2 2 2 2 2 2 2 2 2 2 2 2 2 2 2 2 2 2 2 2 2 2 2 2 2
left_child=2 3 6 28 5 10 13 -8 16 20 -3 -9 19 -1 15 -10 -5 -18 -19 -6 -4 -22 -23 24 -24 26 27 -12 -2 -27
right_child=1 4 9 8 12 -7 7 11 14 -11 25 -13 -14 -15 -16 -17 17 18 -20 -21 21 22 23 -25 -26 29 -28 -29 -30 -31
leaf_value=-0.01926156435528846 0.0048552002927274617 -0.017116425578362109 0.02317461397282717 -0.048697913644267038 0.31409628342266682 0.040905287026858868 -0.043307592775909586 0.00050128264852651236 0.062409419611521126 0.048139545575289634 -0.021615038026160396 0.053759665731614573 0.049267216868179586 -0.048464540072242809 0.077592404788726269 -0.022444610681124418 -0.023230948847247707 0.34570856794500049 0.042438384043148952 0.0064114204391031203 0.073030671645664819 -0.039249151723000003 -0.039998619311518012 0.015780307188156505 0.0042729832437218371 0.18199585107700064 0.047660344382181336 0.035982823997308608 0.02956162695758361 -0.0025845565651888419
leaf_weight=68.53712641436141 342.12481848808238 96.866298719251063 76.431564083788544 212.67179885378573 0.40832660830346768 180.54002813406987 266.18925741582643 87.491670789255295 8.7926847444614378 57.825294926762581 35.094799436861649 28.559053922188468 806.74262468912639 1433.9385900422349 9.3444109891424869 38.83444925112417 20.030583765706982 0.87142382620368097 3.0767715430120006 39.341268127260264 7.5829742838395751 30.719285814091563 45.895204037544318 103.0130246655317 84.584911502897739 1.0282164890086267 60.386323635466397 33.505082725081593 68.31539382878691 90.12198606034508
leaf_count=49768 15680 27637 2750 238230 41 4276 285233 18259 1209 1170 684 433 23934 2088378 512 11252 15325 44 275 1282 235 1850 10393 2402 802 199 1366 431 492 3386
internal_value=-0.00780952 0.0209098 -0.0334865 -0.00895857 0.0365562 0.0181016 -0.0428522 -0.0260277 -0.0340165 0.00998468 0.00511436 0.0136077 0.0474032 -0.0471324 0.00705927 -0.00677928 -0.0439051 -0.00139697 0.109375 0.0095721 0.00364882 -0.00184202 -0.00399089 0.000647823 -0.0112992 0.0148965 0.0257785 0.00651651 0.00896744 -0.000502404
internal_weight=4338.87 2048.1 2290.77 704.062 1344.03 497.543 1884.72 382.24 293.622 406.052 317.003 116.051 846.492 1502.48 56.9715 47.6271 236.651 23.9788 3.9482 39.7496 348.227 271.795 264.212 233.493 130.48 220.136 128.986 68.5999 410.44 91.1502
internal_count=2807928 346255 2461673 283019 63236 37979 2442071 303925 266847 19602 33703 18692 25257 2138146 12973 12461 253874 15644 319 1323 18432 15682 15447 13597 11195 6066 2481 1115 16172 3585
is_linear=0
shrinkage=0.05


Tree=60
num_leaves=31
num_cat=0
split_feature=4 10 8 4 8 11 11 1 3 11 8 3 8 10 4 3 0 3 10 5 8 8 3 8 10 8 1 1 2 8
split_gain=1197.58 354.612 316.516 119.004 61.3934 56.2185 46.9124 46.8944 46.4365 39.7814 35.0289 29.6715 24.2386 19.4594 17.9067 17.831 22.05 24.3793 17.0154 22.311 16.9894 16.7238 16.579 16.5214 15.9059 24.4806 20.2635 15.8381 15.6915 26.1163
threshold=0.61938297748565685 1.0000000180025095e-35 0.63897106051445018 0.84292763471603405 0.68863317370414745 1.0000000180025095e-35 1.0000000180025095e-35 0.53907206654548656 0.89725545048713695 1.0000000180025095e-35 0.45622551441192633 0.48528139293193823 0.46683587133884435 1.0000000180025095e-35 0.25176055729389196 0.89725545048713695 0.10555555671453477 0.36266924440860754 1.0000000180025095e-35 1.0000000180025095e-35 0.52124434709548961 1.0000000180025095e-35 0.27639257907867437 0.7729182541370393 1.0000000180025095e-35 0.8825557827949525 0.5912291705608369 0.99056604504585277 0.62418830394744884 0.73186674714088451
decision_type=2 2 2 2 2 2 2 2 2 2 2 2 2 2 2 2 2 2 2 2 2 2 2 2 2 2 2 2 2 2
left_child=2 3 6 4 5 15 8 -3 12 11 -5 14 -1 -10 22 16 17 -2 19 -14 -7 -18 -4 -11 25 26 -13 -15 29 -28
right_child=1 7 9 10 -6 20 -8 -9 13 23 -12 24 18 27 -16 -17 21 -19 -20 -21 -22 -23 -24 -25 -26 -27 28 -29 -30 -31
leaf_value=-0.043641482064625647 -0.035738304465687619 0.014043706152402149 0.031005717953677781 0.01056534404921125 0.022105360819446338 -0.046401520552677981 -0.049582419662645816 0.048743951325067723 -0.014109223558289381 -0.043125838506871662 0.039707694199778001 0.021147237587737105 -0.041610665361858916 0.059746178201236455 -0.0056449755083543395 0.0020802039038677585 -0.0030717405043899776 0.050044605433934179 -0.0071391718719805057 1.0837536450840333 -0.0083682900335933577 -0.043682803897953197 -0.024092907760723252 0.0027452590912955474 0.050537037445972294 0.083167605981188705 -0.043067019927286183 -0.031110265946251554 -0.032539405245613051 -0.34017444944000053
leaf_weight=467.37873563618632 13.947794652020091 111.64379532035673 76.071153995580971 247.40775165287778 117.49747007980477 159.23042385786539 1029.6824602314155 761.19182127376553 71.523241185350344 55.228110893862322 176.80060638586292 11.587427806225611 63.150723849481437 19.008065261354208 191.85310921439668 236.51551917579491 37.616332333243918 20.39108643180225 92.143743875145447 0.044073281809686615 36.001027287507895 77.744372614077292 16.638878083904274 30.453366694971919 60.824415882467292 7.3970530889928332 1.7061805929406531 6.4154861755669108 6.1418517264537513 1.3056651614606378
leaf_count=682103 4783 14221 1930 15015 2288 199859 1582493 24205 24621 54364 4610 266 63165 658 9746 12939 9339 2128 32993 4 7474 49394 574 7231 1159 133 41 84 93 15
internal_value=-0.00767107 0.0203987 -0.0330392 0.00182003 -0.0108594 -0.0175209 -0.0427372 0.0443055 -0.0329431 0.00390507 0.0227112 0.0109534 -0.0379545 -0.000753667 0.00307403 -0.00646698 -0.019971 0.0152012 -0.0208436 -0.0408258 -0.0393881 -0.0304405 0.021117 -0.0268221 0.0361572 0.00507322 -0.0227781 0.0368191 -0.0783821 -0.171866
internal_weight=4204.54 1995.99 2208.55 1123.15 698.944 581.447 1749.35 872.836 719.664 459.207 424.208 373.526 622.717 96.9468 284.563 386.215 149.7 34.3389 155.339 63.1948 195.231 115.361 92.71 85.6815 88.9626 28.1382 20.7411 25.4236 9.1537 3.01185
internal_count=2807928 346255 2461673 307829 288204 285916 2386121 38426 803628 75552 19625 13957 778265 25363 12250 78583 65644 6911 96162 63169 207333 58733 2504 61595 1707 548 415 742 149 56
is_linear=0
shrinkage=0.05


Tree=61
num_leaves=31
num_cat=0
split_feature=4 9 7 3 10 7 10 10 3 8 5 1 10 8 6 3 3 0 6 4 5 3 7 8 0 4 0 3 1 7
split_gain=1118.89 346.274 344.455 90.0046 58.6385 55.6377 97.2596 42.6212 35.4162 29.5666 29.1736 26.8563 26.1026 23.3428 21.3643 20.8859 18.451 17.6109 25.2677 17.4804 14.5025 16.1208 15.0151 14.2627 13.8164 13.4499 16.4137 19.449 19.1395 23.4398
threshold=0.61938297748565685 0.73097601532936107 0.24499999731779101 0.89725545048713695 1.0000000180025095e-35 0.15075758099555972 1.0000000180025095e-35 1.0000000180025095e-35 0.81165540218353283 1.0000000180025095e-35 1.0000000180025095e-35 0.62575301527977001 1.0000000180025095e-35 1.0000000180025095e-35 1.0000000180025095e-35 0.51316702365875255 0.38742592930793768 0.15476191043853763 1.0000000180025095e-35 0.87026646733284008 1.0000000180025095e-35 0.25158227980136877 0.29289215803146368 0.60944941639900219 0.29285715520381933 0.89059829711914074 0.23611111193895343 0.75931033492088329 0.56294015049934398 0.5419580638408662
decision_type=2 2 2 2 2 2 2 2 2 2 2 2 2 2 2 2 2 2 2 2 2 2 2 2 2 2 2 2 2 2
left_child=1 5 3 7 10 13 -7 9 20 14 25 -9 19 24 -2 -8 -6 -13 -19 -5 21 22 -3 -21 -1 26 28 -28 29 -4
right_child=2 8 4 12 16 6 15 11 -10 -11 -12 17 -14 -15 -16 -17 -18 18 -20 23 -22 -23 -24 -25 -26 -27 27 -29 -30 -31
leaf_value=-0.047947437686135401 -0.028959793584822396 0.09623171848255764 -0.019390034539179295 -0.0035996138443095092 0.013773357686340519 -0.042553530315864736 0.00094044869720676496 -0.01511080814435025 0.046743720656494757 -0.042527736438616112 0.040624099727310667 0.10701630861372612 0.035549833963481284 -0.048301430266001422 0.033098471044061648 0.050308029168233473 0.049288436475708484 -0.037936534125854446 0.084565768071689293 0.013956224491072734 0.093009577315277536 -0.0065034200673344898 0.012273334716021871 0.11181046256630769 -0.00026543673664210189 0.04310940368121028 -0.041894976850333346 0.006353878793212385 0.064009962964366673 0.055528084543868553
leaf_weight=23.956737526925281 31.354437346628401 5.5545680745271957 28.482109606324229 282.16772523033433 38.70503913378343 245.53352524730144 86.73252166074235 36.834553732944187 54.701933057978749 201.02845197974239 141.90016733203083 9.1672543241293187 78.04341582977213 1305.5394353353768 24.867912133631762 28.452810220886022 663.23712403420359 8.7620568134007044 8.1013355707400478 191.50540383986663 4.4612262938171616 206.47364462539554 128.98095720994752 3.7976036416366687 41.527130795409903 29.875777713954449 25.975472860503942 106.60804618732072 23.172516102669761 16.482230333378538
leaf_count=36140 7257 451 3289 48193 503 285233 18259 13393 1170 232532 3421 200 1613 2088378 2600 433 21958 562 197 6274 71 12119 5791 55 13628 670 906 1926 407 299
internal_value=-0.00752035 -0.0325565 0.0198505 -0.00342728 0.0388211 -0.0422433 -0.0247709 -0.0245445 0.00936266 -0.0335634 0.0227864 0.012362 0.00874152 -0.0468403 -0.00151058 0.0131351 0.0473301 0.0512373 0.0209147 0.00435966 0.00344372 0.00227198 0.0157397 0.015859 -0.0177095 0.0118098 0.00715105 -0.00309893 0.0270959 0.00807212
internal_weight=4081.98 2131.91 1950.07 875.63 1074.44 1731.74 360.719 320.116 400.172 257.251 372.496 62.8652 555.514 1371.02 56.2223 115.185 701.942 26.0306 16.8634 477.471 345.47 341.009 134.536 195.303 65.4839 230.596 200.72 132.584 68.1369 44.9643
internal_count=2807928 2461673 346255 312876 33379 2442071 303925 256741 19602 242389 10918 14352 56135 2138146 9857 18692 22461 959 759 54522 18432 18361 6242 6329 49768 7497 6827 2832 3995 3588
is_linear=0
shrinkage=0.05


Tree=62
num_leaves=31
num_cat=0
split_feature=4 9 7 11 10 11 7 0 10 0 5 4 9 0 7 9 6 5 1 5 7 9 2 4 4 9 1 1 4 4
split_gain=1045.54 332.571 324.652 108.611 58.4883 57.2314 78.5645 30.5319 30.1638 29.0339 27.9032 26.0211 25.1147 20.8225 22.7875 25.3637 23.8608 21.7007 19.4655 17.585 17.1953 17.3762 16.7907 16.1103 20.4048 15.5596 15.5249 23.2755 36.7717 14.7272
threshold=0.61938297748565685 0.73097601532936107 0.24499999731779101 1.0000000180025095e-35 1.0000000180025095e-35 1.0000000180025095e-35 0.15075758099555972 0.38750000298023229 1.0000000180025095e-35 0.46428571641445165 1.0000000180025095e-35 0.85145786404609691 0.615800440311432 0.38750000298023229 0.070197045803070082 0.37414713203907018 1.0000000180025095e-35 1.0000000180025095e-35 0.53427231311798107 1.0000000180025095e-35 0.075498577207326903 0.27042925357818609 0.68801230192184459 0.45035210251808172 0.27639257907867437 0.56973218917846691 0.71010184288024913 0.70678734779357921 0.6832355558872224 0.3034138828516007
decision_type=2 2 2 2 2 2 2 2 2 2 2 2 2 2 2 2 2 2 2 2 2 2 2 2 2 2 2 2 2 2
left_child=1 5 3 12 10 6 9 19 -8 -1 -4 -5 13 14 16 -16 -2 22 -6 29 -13 -22 -18 24 -10 -11 27 -24 -29 -3
right_child=2 7 4 11 18 -7 8 -9 23 25 -12 20 -14 -15 15 -17 17 -19 -20 -21 21 -23 26 -25 -26 -27 -28 28 -30 -31
leaf_value=-0.045888851138000356 -0.039979425328757222 0.014140401770745242 0.011347341623691914 -0.046756663468157877 0.022394985402870961 -0.049787025334168192 -0.028287639684321398 0.047278160836277609 0.028919891279615351 -0.013637343273407135 0.03986285035940898 -0.044478062822738529 0.051694289300238151 0.0090218680782934556 0.072460014970772244 -0.0031619674438005661 -0.038832313285190399 0.60443303699542184 0.049857033405535246 0.073450419490505639 0.40277570179410999 0.035630761524067488 0.10974816789778497 0.034085500447415658 -0.027409708264059154 0.15058841047927288 0.021673548380481231 1.8067033844657983 0.28340357994304782 -0.0067766840519247794
leaf_weight=439.3971742845024 78.390232556965202 146.74189582001418 228.13528705155477 147.61602639604826 72.283789396286011 966.26528283930384 74.891832850989886 45.9228276591748 27.766625280608423 62.557679207064211 137.49239461414982 8.8770920343813504 28.216486628924031 480.03710623743245 13.790631803683935 56.580854360712692 12.957752560148945 0.15246732835657795 601.2836014891509 8.8693953016772848 0.32986555591924016 13.99622538895346 1.2492693638196239 49.316760635003448 38.186653165146708 1.4763416494242836 21.45377668220317 0.053856072307098546 0.14984344504773617 197.28863711206941
leaf_count=728494 54835 7227 7497 205065 1144 1629474 47949 997 4598 17423 3421 7994 820 18426 2328 10004 9856 20 21317 202 37 1141 571 3728 10366 39 1682 44 53 11176
internal_value=-0.00737414 -0.0320702 0.0193416 -0.00330919 0.0381705 -0.041921 -0.0309626 0.00892786 -0.00358223 -0.041305 0.0220705 -0.0390197 0.00549276 0.00353185 -0.0107307 0.0116576 -0.0245017 0.00918538 0.0469099 0.00393734 0.0102021 0.0440845 0.00665486 0.0124691 -0.00369469 -0.00985102 0.0323858 0.190557 0.686148 0.00214524
internal_weight=3961.73 2058.68 1903.05 863.851 1039.2 1659.86 693.593 398.823 190.162 503.431 365.628 170.819 693.032 664.816 184.779 70.3715 114.407 36.017 673.567 352.9 23.2032 14.3261 35.8645 115.27 65.9533 64.034 22.9067 1.45297 0.2037 344.031
internal_count=2807928 2461673 346255 312876 33379 2442071 812597 19602 66641 745956 10918 214237 98639 97819 79393 12332 67061 12226 22461 18605 9172 1178 12206 18692 14964 17462 2350 668 97 18403
is_linear=0
shrinkage=0.05


Tree=63
num_leaves=31
num_cat=0
split_feature=4 10 7 4 11 7 12 1 7 3 7 0 7 10 7 1 7 1 4 0 3 3 1 1 4 7 7 0 12 1
split_gain=975.773 305.615 302.488 96.5688 85.9758 54.3337 59.4107 47.2716 38.9691 34.8841 30.1727 25.0956 22.1389 19.3518 28.6211 21.1593 18.6265 17.7714 17.436 16.0795 15.0027 17.355 13.5929 15.3831 14.1304 12.6894 21.2835 12.5652 12.3963 20.5476
threshold=0.61938297748565685 1.0000000180025095e-35 0.21980676054954532 0.84292763471603405 1.0000000180025095e-35 0.29705883562564855 1.0000000180025095e-35 0.53907206654548656 0.065591398626565947 0.48528139293193823 0.36602871119976049 0.46428571641445165 0.098387096077203764 1.0000000180025095e-35 0.72077924013137828 0.53427231311798107 0.48809523880481726 0.91476997733116161 0.27639257907867437 0.29285715520381933 0.89725545048713695 0.97366598248481762 0.35948719084262853 1.0000000180025095e-35 0.44327485561370855 0.1863425895571709 0.1490740776062012 0.38750000298023229 1.0000000180025095e-35 0.55036231875419628
decision_type=2 2 2 2 2 2 2 2 2 2 2 2 2 2 2 2 2 2 2 2 2 2 2 2 2 2 2 2 2 2
left_child=2 3 11 5 9 6 -2 12 -8 18 -5 17 -3 14 15 19 -6 -1 -4 -11 -10 25 23 -20 -24 26 -22 -18 29 -13
right_child=1 7 4 10 16 -7 8 -9 20 13 -12 28 -14 -15 -16 -17 27 -19 22 -21 21 -23 24 -25 -26 -27 -28 -29 -30 -31
leaf_value=-0.047391098495029371 0.0018377851878144725 -0.044568052115340206 0.012695831141974362 0.012314547937249856 -0.045457846564867982 0.013462143274903035 -0.049756793100153636 0.047483999920159552 -0.028139293794661353 -0.019631408206960785 0.042765377379011114 0.096631007380078487 0.020981048087569995 0.044554384727936998 0.084926801581765451 -0.048687090383147703 -0.016641947105567479 0.13883430378258074 0.047796085600925325 0.089281360386902361 0.12994845955655607 -0.00025414464947330596 -0.014190667673593333 -0.020371879294827831 0.032974127381157868 0.024940138396443406 0.59513200447488435 0.068037685602428497 -0.03350587726639246 -0.012710712504982388
leaf_weight=1233.7653848172049 204.37347422621679 14.919327873853033 142.324498789676 296.61540762556251 120.63578796159709 178.31825269432738 160.78927012893837 674.64465089736041 69.618884923460428 7.2490576033596863 112.09209670964628 5.0943709784187368 94.302861748670693 78.236935224384069 8.529266376513986 21.078698321303818 34.210485653835349 1.282434235094114 8.7233733238535915 6.3639503776212223 1.2157864038017572 53.122701038140804 30.685468149487861 161.38431366253644 32.913606679532677 1.6855581278214229 0.30822255299426604 5.0241523638833305 63.883788650680799 27.439021700527519
leaf_count=2180795 11555 11337 10166 16515 164801 4728 221567 24205 43358 631 3110 773 2884 1515 135 810 13680 84 442 183 202 6757 4572 21350 1666 24 13 71 58048 1951
internal_value=-0.00722505 0.018787 -0.0315784 0.0015147 -0.00382674 -0.0101777 -0.0187611 0.0425435 -0.0334429 0.00642385 0.020666 -0.0452798 0.0120273 0.0297204 0.00286842 -0.0173064 -0.0357248 -0.0471977 -0.00110092 0.0312843 -0.0126165 0.00656746 -0.00950297 -0.0168761 0.0102179 0.119474 0.224029 -0.00579838 -0.0207118 0.004411
internal_weight=3850.83 1862.01 1988.82 1078.14 657.36 669.432 491.114 783.867 286.74 497.489 408.708 1331.47 109.222 121.458 43.221 34.6917 159.87 1235.05 376.031 13.613 125.951 56.3323 233.707 170.108 63.5991 3.20957 1.52401 39.2346 96.4172 32.5334
internal_count=2807928 346255 2461673 307829 220022 288204 283476 38426 271921 41470 19625 2241651 14221 3274 1759 1624 178552 2180879 38196 814 50354 6996 28030 21792 6238 239 215 13751 60772 2724
is_linear=0
shrinkage=0.05


Tree=64
num_leaves=31
num_cat=0
split_feature=4 9 7 11 11 7 11 8 10 3 3 3 7 3 6 0 1 3 3 4 4 13 8 1 8 10 7 4 1 1
split_gain=910.744 308.582 289.56 94.7202 59.5694 74.55 56.491 34.3731 31.6956 30.076 29.7971 29.0417 24.44 21.1074 23.0617 36.4313 39.3262 19.6756 16.57 14.9587 14.5476 13.9077 13.7727 13.4685 13.3981 28.878 17.6454 15.7851 16.7272 22.2774
threshold=0.61938297748565685 0.73097601532936107 0.26794873178005224 1.0000000180025095e-35 1.0000000180025095e-35 0.14039409160614016 1.0000000180025095e-35 0.63897106051445018 1.0000000180025095e-35 0.35043859481811529 0.95119047164917003 0.81165540218353283 0.098387096077203764 0.92940199375152599 1.0000000180025095e-35 0.15476191043853763 0.55217784643173229 0.51316702365875255 0.68801230192184459 0.99315068125724804 0.83457711338996898 1.0000000180025095e-35 0.58790296316146862 0.62115561962127697 0.97413599491119396 1.0000000180025095e-35 0.80476191639900219 0.32305502891540533 1.0000000180025095e-35 0.34724637866020208
decision_type=2 2 2 2 2 2 2 2 2 2 2 2 2 2 2 2 2 2 2 2 2 2 2 2 2 2 2 2 2 2
left_child=1 4 3 7 5 10 9 13 -7 -4 22 21 -5 14 15 16 -2 -10 -16 -8 -14 24 -1 -19 26 -26 27 -3 -29 -30
right_child=2 11 6 12 -6 8 19 -9 17 -11 -12 -13 20 -15 18 -17 -18 23 -20 -21 -22 -23 -24 -25 25 -27 -28 28 29 -31
leaf_value=-0.047442794967396847 -0.011858579248544093 0.012004349919524968 0.0022692831909661383 -0.048740299899644624 -0.049754813253986584 -0.029268902259664317 0.0020292378743281304 0.058277641171760819 -8.5822148424293614e-05 0.045267481235259352 -0.01023373306233407 0.043829562525771526 -0.028700572932432084 0.0093776979497524095 -0.044198606758903858 -0.039356125320567349 0.084273393620481737 0.074601789914700997 0.027003081220205095 0.049190158387262588 0.024819837605985464 0.049568665987394005 0.062526056210472233 0.0061428185839845235 0.031751088156888096 -0.073973980431658065 0.03353065446714272 0.077977181497652939 -0.039211744013394528 0.0024674648100362598
leaf_weight=377.40558715636143 45.192947720352095 123.02458473230945 43.006688472814858 115.70701163134072 877.75871430221014 79.978655298240483 121.35407747054705 29.860713541740552 94.138519232394174 748.06526977021713 66.064736039319541 50.374362154398113 32.579928480554372 474.53918494912796 9.6584779883851279 93.714949631947093 13.91409403120633 17.553123921155933 53.061813144187909 19.518248979002237 20.804573555535171 15.429428186267613 2.8688447200111105 12.162776265933642 10.60177996219136 16.527818668633699 43.377968154847622 4.8926969897001973 58.071363823546562 71.576260664849542
leaf_count=696312 18857 8254 736 189491 1629474 60576 4071 907 28574 26022 24335 1170 24698 16038 7213 48857 872 385 6865 444 1184 195 2242 173 428 104 542 148 5275 3486
internal_value=-0.0070768 -0.0310855 0.0182613 -0.0021525 -0.041258 -0.0297869 0.0377351 0.00575691 -0.00473308 0.0429299 -0.0412285 0.00837589 -0.0358285 0.00348427 -0.00949072 -0.0199683 0.0107714 0.0111109 0.0160385 0.00856351 -0.00784303 0.00317663 -0.0466132 0.0465814 0.000994788 -0.0326584 0.00402858 -0.00094003 -0.0127765 -0.0162014
internal_weight=3742.79 1921.81 1820.98 889.034 1527.93 650.172 931.944 719.942 203.833 791.072 446.339 393.876 169.092 690.081 215.542 152.822 59.107 123.854 62.7203 140.872 53.3845 343.502 380.274 29.7159 328.072 27.1296 300.943 257.565 134.54 129.648
internal_count=2807928 2461673 346255 314982 2442071 812597 31273 99609 89708 26758 722889 19602 215373 98702 82664 68586 19729 29132 14078 4515 25882 18432 698554 558 18237 532 17705 17163 8909 8761
is_linear=0
shrinkage=0.05


Tree=65
num_leaves=31
num_cat=0
split_feature=4 10 8 4 1 11 8 11 3 11 8 3 8 0 10 10 1 3 0 2 8 3 2 3 4 1 2 8 4 4
split_gain=849.996 283.413 266.025 86.2231 47.7691 47.7257 44.5161 49.9539 37.8505 31.5306 29.5855 23.3894 22.5724 17.4428 15.6739 15.3969 14.9076 13.5231 24.1627 24.2543 16.2756 13.8168 29.011 13.3608 13.5192 13.3467 30.9331 12.9292 12.4902 12.4638
threshold=0.61311829090118419 1.0000000180025095e-35 0.63897106051445018 0.84292763471603405 0.53907206654548656 1.0000000180025095e-35 0.6975214183330537 1.0000000180025095e-35 0.89725545048713695 1.0000000180025095e-35 0.59102103114128124 0.48528139293193823 0.46683587133884435 0.58571431040763866 1.0000000180025095e-35 1.0000000180025095e-35 0.99056604504585277 0.89725545048713695 0.087121214717626586 0.35585997998714453 1.0000000180025095e-35 0.8155706822872163 0.6832355558872224 0.27639257907867437 0.42588071525096899 0.61633428931236278 0.61435899138450634 0.7729182541370393 0.29679679870605474 0.61938297748565685
decision_type=2 2 2 2 2 2 2 2 2 2 2 2 2 2 2 2 2 2 2 2 2 2 2 2 2 2 2 2 2 2
left_child=2 3 5 6 -3 8 7 17 12 11 -5 23 -1 -9 -14 -10 -17 18 19 -2 21 22 -20 28 -25 26 -15 -11 -4 -21
right_child=1 4 9 10 -6 -7 -8 13 15 27 -12 -13 14 25 -16 16 -18 -19 20 29 -22 -23 -24 24 -26 -27 -28 -29 -30 -31
leaf_value=-0.042433730396148617 -0.035153311950503578 0.010876304208001846 0.02319313219007877 0.010551855492631691 0.046544177651882269 -0.049459004989495535 0.01889573742774742 -0.044482451949338919 -0.012995861218107274 -0.043078390711634607 0.040442313627878437 0.033810579853294699 -0.040432043393663651 -0.050603485121622743 -0.0060305390834688574 0.058147685415511401 -0.033698201929873627 0.001595625999775497 -0.025313950363982159 0.27980121928044799 -0.043610809874000886 -0.036885540768751716 0.095110083714188776 -0.021036935394776107 0.013923717730214067 -0.0018616660518507738 2.2589204109678569 -0.00012250652189184138 -0.0063341381073071332 0.044280002319682245
leaf_weight=372.91199062298983 13.282477424480019 110.34815266355872 99.709351023542695 281.53641781455372 628.66550928814104 801.17628635762958 110.93500200827839 149.19280087813968 64.027601239446085 45.008959489583503 117.26790623820852 77.792626626556739 53.042590225697495 0.043871308269447407 88.110491955303587 17.215964545204773 5.9432007670402518 239.72919448121684 12.076904179877603 0.57692990114446985 70.827720172819681 16.454400136717595 8.5361819646786881 83.007021707948297 41.466086119238753 25.869768590491731 0.021654648997355253 28.679124288901221 55.890256939688697 21.323278739699163
leaf_count=677210 5172 15473 2965 16307 24357 1568025 2269 211045 24068 54217 3318 1616 62819 31 32878 633 82 13505 6361 160 52203 1415 2194 5007 1325 10862 28 7217 2912 2254
internal_value=-0.00692596 0.0174153 -0.030905 0.000939597 0.0412183 -0.0414686 -0.010032 -0.0157838 -0.0308212 0.00342366 0.0193411 0.00955644 -0.0359877 -0.0379033 -0.018958 -0.000359005 0.0345778 -0.00566449 -0.0178289 0.0181537 -0.0295622 -0.00271846 0.0245554 0.00281964 -0.00939039 -5.64783e-05 0.712635 -0.0263601 0.0125871 0.0504845
internal_weight=3640.67 1806.69 1833.98 1067.67 739.014 1402.43 668.87 557.935 601.252 431.553 398.804 357.865 514.065 175.128 141.153 87.1868 23.1592 382.807 143.078 35.1827 107.895 37.0675 20.6131 280.073 124.473 25.9353 0.065526 73.6881 155.6 21.9002
internal_count=2807928 366954 2440974 327124 39830 2365715 307499 305230 797690 75259 19625 13825 772907 221966 95697 24783 715 83264 69759 7586 62173 9970 8555 12209 6332 10921 59 61434 5877 2414
is_linear=0
shrinkage=0.05


Tree=66
num_leaves=31
num_cat=0
split_feature=7 3 3 11 11 4 11 5 8 8 9 11 6 0 1 1 7 3 4 7 8 0 5 11 9 1 4 9 8 1
split_gain=798.444 326.33 247.917 73.2968 60.5449 54.3991 45.0396 33.9242 31.8232 27.0279 26.8508 23.1163 20.8284 27.6073 24.5147 18.8962 18.3481 18.8766 18.0627 16.4451 36.9695 62.3759 14.8417 14.5495 18.5916 38.9667 18.468 31.3184 13.4127 13.2539
threshold=0.21980676054954532 0.89725545048713695 0.78629976511001598 1.0000000180025095e-35 1.0000000180025095e-35 0.68108487129211437 1.0000000180025095e-35 1.0000000180025095e-35 0.56536731123924266 0.63897106051445018 0.81844761967659008 1.0000000180025095e-35 1.0000000180025095e-35 0.19090909510850909 0.44136746227741247 0.74352160096168529 0.72077924013137828 0.44590643048286444 0.52419984340667736 0.075498577207326903 0.22687723487615588 0.81666666269302379 1.0000000180025095e-35 1.0000000180025095e-35 0.64882761240005504 0.56294015049934398 0.19292803853750232 0.57979589700698864 0.32663163542747503 1.0000000180025095e-35
decision_type=2 2 2 2 2 2 2 2 2 2 2 2 2 2 2 2 2 2 2 2 2 2 2 2 2 2 2 2 2 2
left_child=1 5 3 7 -4 9 8 15 18 22 -5 12 13 14 -7 16 28 -18 -3 -8 21 -21 -1 24 25 26 27 -11 -2 -28
right_child=2 6 4 10 -6 11 19 -9 -10 23 -12 -13 -14 -15 -16 -17 17 -19 -20 20 -22 -23 -24 -25 -26 -27 29 -29 -30 -31
leaf_value=-0.047348502714889482 0.10690957057340229 -0.032378710627216319 0.04523366128799635 -0.041744788365143615 0.0086351944895274053 -0.026208831551198322 -0.049121763393073462 0.05964861621693951 0.061932582970557273 2.6821015029020394 0.0054305913505124362 -0.045936085426753828 0.023357219013172156 -0.03882401207308131 0.064315647963172587 0.055368678046961606 0.010343563662188382 0.058410032812883955 0.0062925824291828261 -0.050273645036116643 -0.0043486373284157822 2.5270232822499814 0.088764986920413999 -0.047365566844982235 0.031832932700742146 0.80678980891480667 0.76944574756178818 -0.050069044451080125 -0.0024770182310666711 0.0062845134217665083
leaf_weight=1128.8869447887992 2.8206023063394232 32.159330660069827 669.39014556445181 123.68088556226576 135.95463171473239 14.681049586390147 54.481501197791658 29.581751672318205 24.760584725416265 0.018300606519913165 39.890613968716934 49.486438834632281 41.708324412466027 60.386250549345277 15.244914096663704 17.893065005657263 108.20017042383552 25.179022256284952 494.51262727408903 0.059453833469890749 25.669043692993 0.038794934342149645 2.0062804927001698 4.8139376678736872 7.8853401792002842 0.24379333888646215 0.060791178257204592 0.024571761256083846 433.93368153722258 0.88696770096430555
leaf_count=2273480 248 15204 25530 178025 3390 3929 94113 968 718 23 3875 81390 7190 26306 1459 462 936 687 25553 47 13798 6 231 7695 409 27 7 25 41156 1041
internal_value=-0.00677418 -0.0281355 0.019589 -0.000479539 0.0390553 -0.0422223 0.00144244 0.00740242 0.00653565 -0.0462543 -0.03024 -0.0167913 -0.00586676 -0.0193631 0.0199062 0.00477408 0.00318622 0.0194174 0.00393126 -0.0335557 -0.000643398 0.967409 -0.047107 0.0229582 0.0600791 0.240512 0.101151 1.11619 -0.00177059 0.0552352
internal_weight=3544.54 1958.02 1586.52 781.18 805.345 1326.33 631.681 617.608 551.433 1144.83 163.571 181.507 132.021 90.3122 29.926 588.027 570.133 133.379 526.672 80.2488 25.7673 0.0982488 1130.89 13.9337 9.11976 1.23442 0.990631 0.0428724 436.754 0.947759
internal_count=2807928 2552651 255277 226357 28920 2403212 149439 44457 41475 2282938 181900 120274 38884 31694 5388 43489 43027 1623 40757 107964 13851 53 2273711 9227 1532 1123 1096 48 41404 1048
is_linear=0
shrinkage=0.05


Tree=67
num_leaves=31
num_cat=0
split_feature=4 9 10 4 1 7 12 7 7 10 9 9 10 12 7 7 3 0 9 7 7 7 3 9 8 7 6 1 2 0
split_gain=743.485 273.316 256.596 75.3248 45.9021 39.6816 51.4076 41.2532 37.5413 41.8339 28.9593 24.3871 41.3838 22.8167 20.3009 19.8946 18.4095 17.8736 14.0311 16.9048 13.7387 13.6584 13.4829 13.3074 18.6781 21.9293 12.279 12.1194 16.1198 12.9043
threshold=0.61311829090118419 0.64226880669593822 1.0000000180025095e-35 0.84292763471603405 0.53907206654548656 0.29705883562564855 1.0000000180025095e-35 0.065591398626565947 0.20942982286214831 1.0000000180025095e-35 0.50806662440299999 0.7807200849056245 1.0000000180025095e-35 1.0000000180025095e-35 0.098387096077203764 0.12701612710952762 0.48528139293193823 0.29285715520381933 0.64882761240005504 0.46862745285034185 0.19292803853750232 0.22902098298072818 0.82842725515365612 0.47089621424674993 0.27465948462486273 0.12060606107115747 1.0000000180025095e-35 0.81892696022987377 0.64932429790496837 0.81666666269302379
decision_type=2 2 2 2 2 2 2 2 2 2 2 2 2 2 2 2 2 2 2 2 2 2 2 2 2 2 2 2 2 2
left_child=1 8 3 5 14 6 27 -8 13 22 -5 12 -3 26 -4 -12 -13 18 19 21 -17 -14 -10 24 -6 -26 -1 28 -2 -30
right_child=2 11 4 10 23 -7 7 -9 9 -11 15 16 17 -15 -16 20 -18 -19 -20 -21 -22 -23 -24 -25 25 -27 -28 -29 29 -31
leaf_value=-0.036657563372565968 -0.017367239282252294 -0.038053101114966681 -0.044564368165564486 0.0077313070031631518 0.082343318739542176 0.010635975064472263 -0.049719145862410247 -0.010331538133684485 -0.044649917717548296 0.018573104868928873 0.12425038241384126 0.0031915687313685895 0.35335874202944711 -0.047501850297268715 0.018753067272269552 -0.054246780995542102 0.032176276343812441 0.079862615041138479 -0.00093901150227317673 0.47709515363253152 0.034929067519449873 0.026299931854171552 0.020643241686952585 0.04816408534927441 -0.019776603808773319 0.047619476051863202 0.010937715163194734 -0.0089051975713370715 0.022046811872236078 0.09988745851122692
leaf_weight=28.811012431862764 26.17595166695537 87.408232622023206 14.623830190103034 246.3433887854917 10.938773272733668 176.03815112367738 144.71426147187594 122.96513416917878 82.973103326745331 49.594887355226092 6.1089698307332574 251.04219764628215 0.36976429866626848 1025.581226476992 94.232788082328625 4.4635235443711272 70.074443437391892 8.390221390873192 77.340509269619361 0.28310005739331234 133.46792807197198 2.3352385368198156 8.7393700460088422 523.98734358540969 27.253863812948111 21.663675602641888 25.584759035089519 118.27080914669205 56.444576004170813 5.8788103312253943
leaf_count=40111 6770 58767 12396 15503 222 4995 236249 53969 154376 8135 169 8509 42 2157011 3077 155 1504 88 2297 8 3798 159 1042 22371 1305 459 8925 997 4491 28
internal_value=-0.0066284 -0.0299338 0.0164748 0.000782075 0.0400551 -0.0096379 -0.0171603 -0.0316255 -0.0426572 -0.0184223 0.0181446 0.00131602 -0.0136354 -0.0458281 0.010247 0.0359539 0.00951665 0.0104215 0.00316846 0.109481 0.0320433 0.0710077 -0.0384281 0.0456128 0.0232784 0.0100705 -0.0142714 0.00156606 0.0155599 0.0293893
internal_weight=3452.1 1718.53 1733.57 1040.87 692.7 650.488 474.45 267.679 1221.28 141.307 390.384 497.244 176.127 1079.98 108.857 144.04 321.117 88.7188 80.3286 2.9881 137.931 2.705 91.7125 583.844 59.8563 48.9175 54.3958 206.77 88.4993 62.3234
internal_count=2807928 2440974 366954 327124 39830 307499 302504 290218 2369600 163553 19625 71374 61361 2206047 15473 4122 10013 2594 2506 209 3953 201 155418 24357 1986 1764 49036 12286 11289 4519
is_linear=0
shrinkage=0.05


Tree=68
num_leaves=31
num_cat=0
split_feature=7 3 3 11 11 11 8 11 1 2 8 10 9 9 3 9 7 6 0 5 9 9 10 8 10 3 8 7 8 7
split_gain=691.208 305.564 223.918 65.8986 57.7867 42.0059 40.4981 39.9461 36.7586 36.1134 28.4035 26.8597 26.4405 67.0513 84.4022 25.5324 21.861 21.3638 29.079 20.2153 19.3762 17.6594 20.0444 20.0776 16.252 15.9773 15.848 15.719 15.5046 25.6715
threshold=0.21980676054954532 0.89725545048713695 0.81365740299224865 1.0000000180025095e-35 1.0000000180025095e-35 1.0000000180025095e-35 0.56765475869178783 1.0000000180025095e-35 0.74352160096168529 0.65599384903907787 0.56536731123924266 1.0000000180025095e-35 0.46192501485347753 0.44838035106658941 0.26365442574024206 0.7807200849056245 0.15075758099555972 1.0000000180025095e-35 0.15476191043853763 1.0000000180025095e-35 0.70139563083648693 0.90377491712570202 1.0000000180025095e-35 0.8825557827949525 1.0000000180025095e-35 0.74464204907417308 0.48993107676506048 0.075498577207326903 0.30389872193336492 0.056349206715822227
decision_type=2 2 2 2 2 2 2 2 2 2 2 2 2 2 2 2 2 2 2 2 2 2 2 2 2 2 2 2 2 2
left_child=1 5 3 8 -4 6 9 10 19 16 28 -8 13 -13 -15 -5 20 18 -11 21 -1 22 23 25 -18 -2 -26 -9 -3 -30
right_child=2 7 4 15 -6 -7 11 27 -10 17 -12 12 -14 14 -16 -17 24 -19 -20 -21 -22 -23 -24 -25 26 -27 -28 -29 29 -31
leaf_value=-0.044328370797505276 -0.020083948097228625 0.0084695845198678489 0.044576055800313583 -0.042272536926864029 0.0080029157832706855 -0.049710572317466784 -0.03091827542740538 -0.049034157963058128 0.052599765351321603 0.095741538094601494 0.059591826742185744 -0.050031610890835743 0.069692712047219094 -0.050034131697254285 4.6258610715556614 0.0016374494131165002 -0.040086173211111208 0.02442848123157083 -0.034650156398878224 0.069492070981127849 0.25962595331812688 0.017170799450252405 0.0043518516491004803 0.075584625695876748 0.06352917723581851 -0.11368973191957338 -0.038398363818088324 -0.00093800513846926915 -0.04083345531362443 0.0064141226734368258
leaf_weight=374.92137350366102 114.82875749864615 401.13652231282322 611.18956106709084 110.52730760222767 131.18741132039577 692.76405822313973 10.021536090032896 49.767774710722733 41.3701496332651 4.6348664873512453 23.79889277368784 0.073441966611427101 14.26898623537272 0.017587287293281406 0.021386298059951514 47.262030221696477 14.549083803198299 35.46054052488762 55.196884251694428 11.484195697586982 0.52504980051889916 150.49993334338069 292.53658745286521 5.3073035976849487 12.061162659898402 4.7471234746626569 5.5768974597449406 25.792029030184494 47.029633422906045 73.964836025901604
leaf_count=747430 29721 12289 25245 175332 3146 1570722 8871 94113 1371 398 718 122 2538 28 37 6812 17982 7664 38711 292 20 1740 11394 80 5641 144 3048 13851 22811 5657
internal_value=-0.00647862 -0.0270803 0.0184662 -0.000267471 0.0381131 -0.0416163 -0.0309827 0.0014565 0.0070664 -0.0340349 0.00617243 0.0319212 0.0757103 0.839525 2.51581 -0.0291203 -0.040513 -0.00632354 -0.0245494 0.00381526 -0.0439033 0.00248718 -0.00280698 -0.0195764 -0.000967004 -0.0238001 0.0313012 -0.0326167 0.00373756 -0.0119507
internal_weight=3362.52 1841.58 1520.94 778.563 742.377 1220.09 527.329 621.49 620.774 502.926 545.93 24.4029 14.3814 0.112416 0.0389736 157.789 407.634 95.2923 59.8318 579.404 375.446 567.92 417.42 124.883 32.1871 119.576 17.6381 75.5598 522.131 120.994
internal_count=2807928 2552651 255277 226886 28391 2403212 832490 149439 44742 820894 41475 11596 2725 187 65 182144 774121 46773 39109 43371 747450 43079 41339 29945 26671 29865 8689 107964 40757 28468
is_linear=0
shrinkage=0.05


Tree=69
num_leaves=31
num_cat=0
split_feature=4 10 9 5 11 1 9 9 0 8 11 10 9 8 1 11 5 2 9 9 4 8 2 9 8 3 4 2 3 1
split_gain=657.323 251.924 243.548 73.254 47.3183 46.6247 41.0571 35.0411 29.591 23.173 20.5602 17.4828 41.8161 36.106 16.1339 19.6991 15.4329 13.6976 14.6481 13.284 12.9422 16.3913 22.3158 12.1396 18.6944 12.9663 24.8325 28.4108 12.9374 12.3991
threshold=0.59675306081771862 1.0000000180025095e-35 0.64226880669593822 1.0000000180025095e-35 1.0000000180025095e-35 0.53907206654548656 0.49324201047420507 0.44746042788028723 0.46428571641445165 0.80365484952926647 1.0000000180025095e-35 1.0000000180025095e-35 0.43916536867618566 0.25068305432796484 0.60943254828453075 1.0000000180025095e-35 1.0000000180025095e-35 0.51668518781661998 0.44497103989124304 0.54176929593086254 0.58578637242317211 1.0000000180025095e-35 0.55403152108192455 0.47089621424674993 0.30028901994228369 0.56294015049934398 0.67068272829055797 0.44092722237110143 0.58123165369033825 0.65419578552246105
decision_type=2 2 2 2 2 2 2 2 2 2 2 2 2 2 2 2 2 2 2 2 2 2 2 2 2 2 2 2 2 2
left_child=2 3 8 4 9 -3 -5 -6 11 -2 16 -1 -13 -14 15 19 -4 -15 -19 20 -10 22 -22 24 28 26 27 -26 -7 -29
right_child=1 5 10 6 7 23 -8 -9 14 -11 -12 12 13 17 -16 -17 -18 18 -20 -21 21 -23 -24 -25 25 -27 -28 29 -30 -31
leaf_value=-0.048817442569869841 -0.0038227482552361559 0.010281389951708925 0.0028989880313838143 0.005612673625322139 -0.048278014707194249 0.31057759429883697 0.04116324079740559 -0.0095853935699062986 0.0085581527855705265 0.036588042894796204 -0.024435662070819996 -0.046976904655483286 1.8539707747868128 -0.0071145560802478962 -0.032289667743537004 -0.05002435444973418 0.060040235238740969 0.42386225008436185 0.057399382755513789 0.11284678266998671 0.7016072378836804 -0.03400176299681143 0.091963484670328458 0.047653592442353593 0.16951237198057093 0.002850397283968225 0.048052127202356215 0.65988509257018035 0.063191653201172829 1.6425544081456882
leaf_weight=777.87549808595213 423.94803036825033 116.98098053730791 385.69682186091086 229.84038247202989 111.69747394582373 0.5483095921808826 125.5937899411656 122.89373545904527 18.83571499015671 38.715094667859375 71.711438348633237 159.23128485429334 0.026253343734423562 61.957588666002266 50.305656765558524 9.1816340668010508 12.189930495340375 0.28910906563396466 4.7998875601333566 4.5591911358060306 0.26592859905213007 0.47567010141210631 0.34464736422523856 490.28448601529817 0.21417927907896128 44.167111069342354 1.3849294920219106 0.070418043353129178 14.620740163809387 0.058993854094296694
leaf_count=1834097 99714 19538 12835 10638 233079 34 3698 33821 7911 1138 57322 363504 19 58514 26366 19619 369 49 456 129 29 306 26 22576 26 1617 102 59 335 2
internal_value=-0.00635552 0.0149435 -0.029887 -0.000299032 -0.00971619 0.0389521 0.0181746 -0.0280084 -0.0428747 -0.000441222 0.000208051 -0.045259 -0.0330275 8.83397e-05 -0.014361 0.0124316 0.00464961 -0.000637583 0.0782184 0.0358557 0.018236 0.186052 0.357486 0.0450352 0.0240125 0.0081079 0.142447 0.522931 0.0721338 1.10785
internal_weight=3278.76 1721.02 1557.75 1052.69 697.254 668.33 355.434 234.591 1088.15 462.663 469.598 1004.18 226.304 67.0728 83.9684 33.6628 397.887 67.0466 5.089 24.4812 19.922 1.08625 0.610576 551.349 61.0647 45.8956 1.72852 0.343591 15.169 0.129412
internal_count=2807928 426377 2381551 382088 367752 44289 14336 266900 2311025 100852 70526 2256639 422542 59038 54386 28020 13204 59019 505 8401 8272 361 55 24751 2175 1806 189 87 369 61
is_linear=0
shrinkage=0.05


Tree=70
num_leaves=31
num_cat=0
split_feature=4 10 9 4 1 11 8 11 4 9 9 9 10 0 8 3 4 8 8 9 8 9 8 10 8 4 9 0 8 8
split_gain=611.763 236.401 236.381 68.689 46.0716 38.0824 41.4831 30.1291 31.979 24.9041 24.7969 19.7788 46.5738 21.4373 19.2652 17.5572 16.5965 14.2654 13.7178 18.9322 24.0713 13.1255 17.1526 11.9028 11.6816 11.5093 11.19 10.768 12.1022 14.0814
threshold=0.59675306081771862 1.0000000180025095e-35 0.64226880669593822 0.84292763471603405 0.53907206654548656 1.0000000180025095e-35 0.52124434709548961 1.0000000180025095e-35 0.47856706380844122 0.6546536684036256 0.44239278137683874 0.86319074034690868 1.0000000180025095e-35 0.29285715520381933 0.6975214183330537 0.46841755509376531 0.21132376790046695 0.19530533254146579 0.38115416467189794 0.44497103989124304 0.3740422278642655 0.47089621424674993 0.30028901994228369 1.0000000180025095e-35 0.6975214183330537 0.50878274440765392 0.64882761240005504 0.29285715520381933 1.0000000180025095e-35 0.45983158051967626
decision_type=2 2 2 2 2 2 2 2 2 2 2 2 2 2 2 2 2 2 2 2 2 2 2 2 2 2 2 2 2 2
left_child=2 3 7 5 24 14 -7 8 -1 27 17 12 -4 26 -2 16 23 -10 19 20 -12 22 -6 -13 -3 -17 -14 28 -5 -30
right_child=1 4 11 9 21 6 -8 -9 10 -11 18 15 13 -15 -16 25 -18 -19 -20 -21 -22 -23 -24 -25 -26 -27 -28 -29 29 -31
leaf_value=-0.04142891213001091 -0.0055661256478253705 -0.002046523464307802 -0.034326409646303208 0.22627623071484787 0.068963434120981729 -0.045088713421138266 -0.00092945939156388743 -0.049776288484141451 0.002493981060231285 0.037314486834874587 0.22292705436101687 0.098739581213890343 0.094149196219300832 0.070267165628028302 0.025511380902624649 0.064910110213090608 -0.0036609735417680064 -0.040402230359940117 0.011877324440393581 0.084228813578403783 1.2891438125694994 0.047256143739667675 0.0075193223436293283 0.021434190311818212 0.030895356936499627 0.013761675803005064 0.00083504132088477222 0.0073901984288804916 -0.043479605738265328 0.15394725085178518
leaf_weight=304.54058026810526 385.81914650319959 75.059510320803383 106.6676874498371 1.1255626641213883 15.066443897085263 129.8387622803275 90.079122941475362 606.93903286205023 28.427705547306687 105.65227798232809 0.18211577879264895 6.301512825535613 3.2862404175102702 12.850167264230548 57.27003160858294 22.523829678539187 127.49227854865603 60.905822419241304 38.658173236326547 2.7994199359090999 0.074627740570576862 470.19758951792028 46.147562421712792 23.731349043548107 41.954315046779811 21.493357817176729 143.65084683150053 268.10301981976954 2.1590338428504769 1.552712313190568
leaf_count=613244 96573 18738 63415 28 369 253559 10950 1530550 22678 3517 201 218 207 204 1381 400 2562 120224 22059 2006 63 22576 1806 171 800 595 2754 14671 1320 89
internal_value=-0.00620078 0.0144657 -0.0293231 -0.000288905 0.0381668 -0.00999155 -0.0270009 -0.0425754 -0.0325419 0.0167028 -0.0118894 0.000198102 -0.00874153 0.00833794 -0.0015493 0.012017 0.00421599 -0.0267518 0.0199392 0.121916 0.532845 0.0444209 0.0226424 0.0376545 0.00976451 0.0399346 0.00292201 0.00872419 0.0826596 0.0391088
internal_weight=3200.55 1690.03 1510.52 1041.6 648.425 663.007 219.918 1042.53 435.588 378.593 131.048 467.997 266.455 159.787 443.089 201.542 157.525 89.3335 41.7143 3.05616 0.256744 531.412 61.214 30.0329 117.014 44.0172 146.937 272.94 4.83731 3.71175
internal_count=2807928 426377 2381551 382088 44289 362463 264509 2311025 780475 19625 167231 70526 66580 3165 97954 3946 2951 142902 24329 2270 264 24751 2175 389 19538 995 2961 16108 1437 1409
is_linear=0
shrinkage=0.05


Tree=71
num_leaves=31
num_cat=0
split_feature=4 9 10 5 1 11 7 9 7 7 10 12 9 10 0 7 8 7 9 1 9 2 9 9 7 8 8 4 9 8
split_gain=569.798 228.332 222.367 63.9731 45.0826 41.7553 38.3908 37.8165 36.0304 32.5436 35.8586 22.3501 17.9936 43.267 20.1613 17.8344 16.2561 33.6807 18.3595 19.7305 19.7431 49.5411 128.76 24.4543 14.7264 13.8994 35.5823 47.4398 13.7001 15.7757
threshold=0.59675306081771862 0.64226880669593822 1.0000000180025095e-35 1.0000000180025095e-35 0.53907206654548656 1.0000000180025095e-35 0.15075758099555972 0.49324201047420507 0.5419580638408662 0.20942982286214831 1.0000000180025095e-35 1.0000000180025095e-35 0.86319074034690868 1.0000000180025095e-35 0.29285715520381933 0.098387096077203764 0.17295821756124499 0.065591398626565947 0.37296918034553533 0.63224515318870556 0.35734237730503088 0.58102023601531994 0.36657941341400152 0.37150664627552038 0.15075758099555972 0.31124418973922735 0.30725525319576269 0.68908989429473888 0.47089621424674993 0.30198507010936743
decision_type=2 2 2 2 2 2 2 2 2 2 2 2 2 2 2 2 2 2 2 2 2 2 2 2 2 2 2 2 2 2
left_child=1 9 3 5 15 8 -7 -5 16 11 -11 -1 13 -3 24 -4 -2 -18 19 20 25 23 -23 -22 -15 26 -19 -28 29 -6
right_child=2 12 4 7 28 6 -8 -9 -10 10 -12 -13 -14 14 -16 -17 17 18 -20 -21 21 22 -24 -25 -26 -27 27 -29 -30 -31
leaf_value=-0.011843983306856841 0.0042087672485138627 -0.033541703090589785 -0.041312754046068226 0.0052453999788248142 0.06613604150915646 -0.047507159532094494 -0.0060633022857141681 0.039940225520199241 0.039881776802679431 -0.039049136104815342 0.016890547659252391 -0.047503654847713517 0.011461360557317245 0.086401420394602427 0.069083301771947769 0.016916408610612877 -0.048337990192069913 0.15610882422526964 -0.0076457341327862043 0.017773855769974565 -0.050109177565833565 2.7759738434029781 0.23945485512041642 1.2979678010628404 -0.00022339145799052845 -0.01118062726321755 2.4750334746146123 -0.050119398660469931 0.046844067020559113 0.007076717766757919
leaf_weight=46.394423044082941 212.08267754939152 103.77927992801415 15.115526066016171 228.90559015193139 14.992761269852052 112.3947364234773 111.12751436705003 119.56422044016654 49.196197425946593 76.428876928228419 45.824270085780881 830.75574007350951 200.79194511857349 5.0816484922543159 12.427631023339925 101.11364676817902 56.516985034395475 0.9648679056263052 131.01645806830493 7.1209365838731173 0.36168501415522758 0.070767519762739539 0.17074907690403052 0.037090534839080647 142.17855844576843 1.223121261806227 0.039600444724783301 0.03507304418599233 451.10210406195256 45.996117271337425
leaf_count=46976 15090 63415 15795 10638 376 252001 14899 3698 1414 154052 8023 2101974 3946 120 204 3743 67476 404 14062 1101 323 41 32 33 2841 835 23 18 22576 1799
internal_value=-0.00604975 -0.0287892 0.0140105 -0.000280457 0.0374563 -0.00918172 -0.0269027 0.0171496 -0.000548936 -0.0422491 -0.0180812 -0.0456175 0.000185795 -0.00840747 0.00792698 0.00934375 -0.00540451 -0.0157246 -0.00265593 0.062563 0.17243 0.41755 0.982688 0.0752769 0.00276585 0.103066 0.237488 1.28901 0.043837 0.0215951
internal_weight=3122.81 1463.66 1659.15 1030.83 628.32 682.358 223.522 348.47 458.836 999.403 122.253 877.15 464.259 263.467 159.688 116.229 409.64 197.557 141.04 10.0239 2.90295 0.640292 0.241517 0.398776 147.26 2.26266 1.03954 0.0746735 512.091 60.9889
internal_count=2807928 2381551 426377 382088 44289 367752 266900 14336 100852 2311025 162075 2148950 70526 66580 3165 19538 99438 84348 16872 2810 1709 429 73 356 2961 1280 445 41 24751 2175
is_linear=0
shrinkage=0.05


Tree=72
num_leaves=31
num_cat=0
split_feature=4 7 10 4 11 1 11 7 7 7 0 3 1 7 3 7 10 7 0 3 12 4 3 3 2 1 0 7 1 1
split_gain=529.277 218.488 209.612 59.7492 47.9835 44.0554 33.1508 41.0059 30.1077 23.5115 22.8103 16.7741 22.383 16.492 15.0674 14.9734 14.5899 16.3047 14.5739 30.9668 16.6063 14.0271 13.6366 13.3577 20.97 17.8318 14.8124 13.3186 12.7676 51.4735
threshold=0.59675306081771862 0.21980676054954532 1.0000000180025095e-35 0.84292763471603405 1.0000000180025095e-35 0.53907206654548656 1.0000000180025095e-35 0.13188406080007556 0.59166666865348827 0.36602871119976049 0.46428571641445165 0.4901809841394425 0.56294015049934398 0.098387096077203764 0.89725545048713695 0.48809523880481726 1.0000000180025095e-35 0.74166667461395275 0.087121214717626586 0.35585997998714453 1.0000000180025095e-35 0.27639257907867437 0.21483516693115237 0.8155706822872163 0.63453349471092235 0.47856706380844122 0.29285715520381933 0.10912698507308961 0.32466214895248419 0.31519810855388647
decision_type=2 2 2 2 2 2 2 2 2 2 2 2 2 2 2 2 2 2 2 2 2 2 2 2 2 2 2 2 2 2
left_child=1 10 3 6 11 13 8 -8 14 -5 -1 21 -13 -4 18 -6 17 -14 19 -2 23 -3 -10 24 -20 -26 -27 -7 29 -21
right_child=2 4 5 9 15 27 7 -9 22 -11 -12 12 16 -15 -16 -17 -18 -19 20 28 -22 -23 -24 -25 25 26 -28 -29 -30 -31
leaf_value=-0.046458751812117859 -0.045436473272149169 0.010842922873180748 -0.040881501755493543 0.0087648705345267607 -0.044254547175957157 0.015858072859308233 -0.049023888173929699 -0.0047163956238798791 0.18378965329340169 0.038615069230517524 -0.016172061919417991 0.044573004011666528 -0.063412602494068174 0.016099103886673707 0.0016551413447750741 -0.0041512550485605449 0.021158613932534116 0.059821668865454897 -0.033415020124960303 -0.051440438706751246 -0.042722035058834255 -0.0094790270653896599 0.033321455204365816 -0.036112836403891187 1.0604145417310831 -0.033789174548148969 0.094733119314864361 0.045700218624496337 0.033291936991230502 0.63283233742983225
leaf_weight=791.63133180126897 17.359579346666578 140.45257745805429 14.526213847770121 285.54014928935794 81.812740876921453 40.751983585942071 99.911310224735644 109.39621879215701 1.5653693191707123 85.78521303855814 67.466173662483925 50.992315174546093 14.048188904009296 100.93917106720619 248.4751529378409 32.530305993772345 22.461969954892993 3.3179779816418877 8.9744478845386784 0.74277132074348873 69.629305690788897 214.73965161270462 39.544602904468775 15.773623737186425 0.045024819381068393 2.9604397524381048 9.2361116110114363 452.98554141822387 24.478655087761581 0.43624429751071148
leaf_count=2110614 6778 10168 15795 16515 163139 1749 243854 20655 19 3110 53757 1533 571 3743 15062 13619 593 64 6195 286 60255 27493 1153 1520 35 1395 2627 23002 2559 70
internal_value=-0.00591839 -0.0282374 0.013529 -0.000332911 -0.00394827 0.0367348 -0.00949047 -0.0258662 -0.00168673 0.015661 -0.0440803 0.00345998 0.0226359 0.00893061 -0.0058934 -0.0328453 -0.00545045 -0.0398675 -0.018428 0.00613811 -0.0283396 -0.00144318 0.0390509 -0.00126608 0.0246417 0.0672037 0.0635372 0.0432371 0.0410327 0.201745
internal_weight=3048.51 1419.45 1629.06 1019.85 560.356 609.203 648.529 209.308 439.221 371.325 859.098 446.013 90.8205 115.465 398.111 114.343 39.8281 17.3662 149.636 43.0173 106.619 355.192 41.11 36.9896 21.216 12.2416 12.1966 493.738 25.6577 1.17902
internal_count=2807928 2381551 426377 382088 217180 44289 362463 264509 97954 19625 2164371 40422 2761 19538 96782 176758 1228 635 81720 9693 72027 37661 1172 11772 10252 4057 4022 24751 2915 356
is_linear=0
shrinkage=0.05


Tree=73
num_leaves=31
num_cat=0
split_feature=4 9 7 11 11 3 11 7 8 8 0 1 0 7 8 2 13 4 7 8 4 9 9 9 5 8 7 7 7 7
split_gain=491.839 214.036 189.598 65.9681 46.5639 40.2807 32.8885 46.0077 43.5225 143.544 28.6554 26.2286 25.154 24.3859 24.1907 22.0197 17.5835 17.1002 16.0216 15.3963 15.2137 15.07 14.6961 18.7436 14.6632 17.8982 33.3348 27.718 23.8083 45.0746
threshold=0.59675306081771862 0.64226880669593822 0.26794873178005224 1.0000000180025095e-35 1.0000000180025095e-35 0.82480818033218395 1.0000000180025095e-35 0.15075758099555972 0.68863317370414745 0.6975214183330537 0.29285715520381933 0.53694942593574535 0.46428571641445165 0.098387096077203764 0.64418154954910289 0.74133810400962841 1.0000000180025095e-35 0.48050633072853094 0.5419580638408662 0.38115416467189794 0.21132376790046695 0.62617477774620067 0.81844761967659008 0.86319074034690868 1.0000000180025095e-35 0.31124418973922735 0.048809524625539787 0.065591398626565947 0.056349206715822227 0.051315790042281158
decision_type=2 2 2 2 2 2 2 2 2 2 2 2 2 2 2 2 2 2 2 2 2 2 2 2 2 2 2 2 2 2
left_child=1 6 3 14 5 10 7 8 12 -10 11 18 -1 -5 24 -12 -3 20 21 -19 -9 -4 -20 -24 25 26 -2 -27 29 -28
right_child=2 16 4 13 -6 -7 -8 17 9 -11 15 -13 -14 -15 -16 -17 -18 19 22 -21 -22 -23 23 -25 -26 27 28 -29 -30 -31
leaf_value=-0.046052442894774087 0.00039918341864007698 -0.0017129033355673118 0.030321353986171185 -0.048482431360067024 0.0049790018237798285 0.045779080859645709 -0.049735685336280588 0.054128706254136655 4.6468879463267738 -0.050186597850053839 -0.056083764370563088 0.052926811099296249 -0.0058055192021135961 -0.0058646707938084536 0.054427710603127934 0.035051039227531548 0.04893133111345388 0.14022780044045702 0.078365654451201416 0.018913335072337722 -0.026598190052066435 -0.027670587264327997 -0.088422261725327522 0.029198997119859495 0.011398987650575532 -0.043506526497184353 1.8050883526671004 -0.00248861649636955 0.066824729917613887 0.2472467742275796
leaf_weight=260.63102322843042 230.33266034384724 440.37563693971606 16.62988465721719 95.188865056406939 135.20874403399648 428.26724693668075 526.76968808070524 6.6835512520046896 0.02129013923695211 0.068920372461434454 20.542457827483307 58.131438779761083 45.617281247919891 51.849119971098844 22.446301211602986 9.7851667186478135 17.833054190501571 2.8538044021115629 12.51033100299537 31.301952868845547 46.04072232436738 34.326015754777472 3.8986986391246345 25.809077102690935 247.70906746026594 59.79600137018133 0.053902970597845434 132.34054925636156 14.741804492019581 0.33505027409410104
leaf_count=707545 29793 70139 533 237202 5626 23023 1530550 4129 27 56 383 2046 15599 33276 899 304 387 704 105 8189 44226 546 52 507 3514 67178 63 19529 1599 199
internal_value=-0.00576908 -0.027662 0.01309 -0.00298013 0.0315258 0.0374109 -0.0415678 -0.0306259 -0.039734 1.05835 0.0176799 0.0265713 -0.0400575 -0.0334544 0.00335098 -0.0266792 0.000258123 0.00148917 0.010128 0.0290495 -0.0163649 -0.00874443 0.0329064 0.013763 0.00167804 -0.00382463 0.00512175 -0.0152541 0.0770125 0.46314
internal_weight=2978.1 1378.2 1599.9 854.793 745.109 609.9 919.988 393.219 306.339 0.0902105 181.633 151.305 306.248 147.038 707.755 30.3276 458.209 86.88 93.174 34.1558 52.7243 50.9559 42.2181 29.7078 685.309 437.6 245.463 192.137 15.1308 0.388953
internal_count=2807928 2381551 426377 393252 33125 27499 2311025 780475 723227 83 4476 3789 723144 270478 122774 687 70526 57248 1743 8893 48355 1079 664 559 121875 118361 31654 86707 1861 262
is_linear=0
shrinkage=0.05


Tree=74
num_leaves=31
num_cat=0
split_feature=4 9 10 4 2 11 4 3 0 1 9 12 9 13 9 8 8 5 0 1 2 3 4 1 1 10 9 4 8 4
split_gain=457.759 207.592 188.297 52.4495 43.0543 33.2103 32.1952 28.9059 53.1872 27.1128 21.3193 20.3071 20.0936 16.5516 15.5876 15.1225 14.1075 13.748 12.1125 35.1791 17.3993 22.8071 14.509 17.2635 19.3691 15.7779 18.0622 17.5273 13.0217 12.3777
threshold=0.59675306081771862 0.64226880669593822 1.0000000180025095e-35 0.84292763471603405 0.62418830394744884 1.0000000180025095e-35 0.47856706380844122 0.89725545048713695 1.0000000180025095e-35 0.56294015049934398 0.6546536684036256 1.0000000180025095e-35 0.44009569287300115 1.0000000180025095e-35 0.46763719618320471 0.68863317370414745 0.19530533254146579 1.0000000180025095e-35 0.38750000298023229 0.60120484232902538 0.62418830394744884 0.99056604504585277 0.3034138828516007 1.0000000180025095e-35 0.34724637866020208 1.0000000180025095e-35 0.90377491712570202 0.48683299124240881 0.97413599491119396 0.43288289010524755
decision_type=2 2 2 2 2 2 2 2 2 2 2 2 2 2 2 2 2 2 2 2 2 2 2 2 2 2 2 2 2 2
left_child=1 5 3 7 15 6 -1 8 9 -2 -5 -10 16 17 -6 -4 -8 18 22 -20 21 -21 28 -24 -25 26 -26 29 -3 -28
right_child=2 13 4 10 14 -7 12 -9 11 -11 -12 -13 -14 -15 -16 -17 -18 -19 19 20 -22 -23 23 24 25 -27 27 -29 -30 -31
leaf_value=-0.040000457271473423 -0.0053244358626029263 0.0090582448693435468 0.0010737703563540662 0.0074918678327376967 0.017084556045894924 -0.049720199080125531 0.0055845692759670966 0.00063746967314112996 -0.0013410658955170054 0.057217731025956453 0.035082036954788315 -0.042234649680171703 0.019018718086733544 0.048490994530467763 0.047382899621968316 0.03302009495897499 -0.039085219407880185 0.059276113403313041 0.069915234043817581 0.0022113698790746923 -0.020426685812744469 -0.48874931509911246 0.06259262966553214 -0.031803542761887897 -0.038316575887252569 0.015434682181506898 0.029345244816895624 -0.015260251893647412 -0.047182761262871589 0.19293759729853394
leaf_weight=262.07077033456881 62.134091101499507 163.56908630937687 97.63604703679448 269.52339677023701 47.97418477825704 501.23102143075084 26.905315123061882 344.26879836630542 37.149363406118937 24.030815365287708 94.58999235695228 166.07149632120854 42.22909629921196 17.113496056757867 368.68710806284798 59.692062304122373 51.521784789918456 9.0747622428461892 19.078526326222345 0.47354854509467159 12.146071479190139 0.47263747861143202 7.1770430850156108 103.97871651884634 40.051907080283854 60.738172996556386 2.4135624719783646 7.7337725267279893 10.98308658460155 2.2195827825926244
leaf_count=613244 28382 27630 19827 16108 1404 1530550 22678 55994 11772 3313 3517 263002 25232 387 21342 1716 119321 242 369 21 290 19 518 25596 14094 828 213 63 217 39
internal_value=-0.00564685 -0.027104 0.0126625 -0.000463562 0.0354797 -0.0412515 -0.0301606 -0.00915352 -0.0208014 0.0121182 0.0146593 -0.0347592 -0.00878813 0.000247656 0.0438944 0.0131946 -0.0237607 -0.00162826 -0.00291051 0.0266024 -0.0365146 -0.243033 -0.0052909 -0.0137031 -0.016225 -0.00191 -0.0220074 0.0308119 0.00551948 0.107717
internal_weight=2912.94 1341.18 1571.76 997.768 573.989 883.958 382.727 633.655 289.386 86.1649 364.113 203.221 120.656 457.224 416.661 157.328 78.4271 440.11 431.036 32.1708 13.0923 0.946186 398.865 224.313 217.136 113.157 52.4188 12.3669 174.552 4.63315
internal_count=2807928 2381551 426377 382088 44289 2311025 780475 362463 306469 31695 19625 274774 167231 70526 22746 21543 141999 70139 69897 699 330 40 69198 41351 40833 15237 14409 315 27847 252
is_linear=0
shrinkage=0.05


Tree=75
num_leaves=31
num_cat=0
split_feature=4 9 10 3 0 1 1 2 6 11 9 4 4 9 9 9 10 10 4 13 9 4 1 0 2 9 0 4 0 1
split_gain=426.199 197.145 196.288 60.2483 54.5929 45.1259 40.4739 31.3271 38.7952 23.8936 29.2861 19.0638 18.5139 17.2077 22.5346 16.1559 35.6929 17.9167 20.3208 14.5651 16.4107 18.3126 14.2107 22.2003 21.474 13.9155 14.5787 13.221 13.0596 12.9201
threshold=0.57804551720619213 0.63661757111549389 1.0000000180025095e-35 0.89725545048713695 1.0000000180025095e-35 0.53907206654548656 0.56294015049934398 0.69028213620185863 1.0000000180025095e-35 1.0000000180025095e-35 0.43916536867618566 0.48808848857879644 0.99315068125724804 0.49324201047420507 0.21833460777997973 0.86319074034690868 1.0000000180025095e-35 1.0000000180025095e-35 0.48934240639209753 1.0000000180025095e-35 0.94166260957717907 0.44327485561370855 0.5912291705608369 0.46428571641445165 0.81120249629020702 0.47089621424674993 0.15476191043853763 0.4530817717313767 0.29285715520381933 0.60660174489021312
decision_type=2 2 2 2 2 2 2 2 2 2 2 2 2 2 2 2 2 2 2 2 2 2 2 2 2 2 2 2 2 2
left_child=1 9 3 4 6 -4 -2 -6 -9 10 -1 -12 -5 14 -14 16 22 18 27 20 -19 -22 23 24 -3 26 -7 -17 -18 -10
right_child=2 15 5 12 7 25 -8 8 29 -11 11 -13 13 -15 -16 17 28 19 -20 -21 21 -23 -24 -25 -26 -27 -28 -29 -30 -31
leaf_value=-0.042364373929910382 -0.0081578163607123316 -0.032228189493215327 0.0082417151977141126 0.0035220969519163662 -0.045681474122264823 0.077641564487234249 0.060248913793115477 -0.037804178336524552 0.72856849555297076 -0.049690034552287356 -0.024139722311049213 0.021715822061642121 0.02465473220954301 0.052008822364520403 -0.045298824293148736 0.043825442685354432 0.0022038912134007796 0.010742579317928044 -0.011866608289024612 0.047695067100385638 -0.044196529972505935 0.025445343166024155 -0.08684195028971313 0.092674205596436854 1.0609145938792819 0.04564053622071531 0.0094893948303244272 0.13079470030622878 0.061631016444507851 0.01889135939729325
leaf_weight=234.24682028609095 68.756234269763809 79.928218164568534 124.92513914214214 553.10655385124846 143.8955699102371 9.2616533132677414 31.542991975409677 62.679300725110807 0.06420847773551841 457.5345663613989 81.194828237377806 31.442716134915827 60.945926321088336 40.083287444780581 14.193631195696069 31.549298447091132 144.14673123662942 70.830040632747114 15.869410627055911 14.868042037822304 37.468950781971216 12.618473656475542 10.851758760982191 3.7618679712759322 0.044951369985937073 391.67211710652919 51.370593457686482 5.0724911009892812 9.878426992276216 54.994309280620655
leaf_count=600194 36381 67769 24868 70663 260424 442 4157 60929 110 1469847 136845 19938 511 1655 1785 2077 3151 533 240 311 258 221 471 58 2 22777 1969 94 169 19079
internal_value=-0.00549403 -0.027502 0.0115006 -0.0015775 -0.018008 0.0348428 0.0133553 -0.0300313 -0.0109042 -0.0421868 -0.0322901 -0.0113392 0.00732039 0.0255534 0.0114407 -0.000463726 -0.00883107 0.010585 0.0353926 0.00099505 -0.0047472 -0.0266517 -0.0330068 -0.02603 -0.0316138 0.0421899 0.0198997 0.0558716 0.00601526 0.019719
internal_weight=2848.8 1241.31 1607.49 1030.26 361.933 577.23 100.299 261.633 117.738 804.419 346.884 112.638 668.329 115.223 75.1396 436.889 248.612 188.277 52.4912 135.786 120.917 50.0874 94.5868 83.735 79.9732 452.304 60.6322 36.6218 154.025 55.0585
internal_count=2807928 2302178 505750 455694 381080 50056 40538 340542 80118 2226824 756977 156783 74614 3951 2296 75354 71620 3734 2411 1323 1012 479 68300 67829 67771 25188 2411 2171 3320 19189
is_linear=0
shrinkage=0.05


Tree=76
num_leaves=31
num_cat=0
split_feature=11 9 3 9 1 1 5 10 0 8 9 3 0 9 10 8 2 2 3 10 9 1 5 1 1 5 1 8 2 3
split_gain=392.911 173.944 149.027 102.743 93.6564 44.9003 30.6361 24.4597 23.2463 33.0301 17.3728 15.9029 14.8902 14.4934 23.6176 17.761 14.1931 13.5517 12.8479 12.6655 16.8562 11.6221 11.6216 17.6822 11.5729 11.0483 21.0973 10.7793 10.3546 16.9401
threshold=1.0000000180025095e-35 0.47285011410713201 0.78629976511001598 0.73097601532936107 0.45923791825771337 0.87226107716560375 1.0000000180025095e-35 1.0000000180025095e-35 1.0000000180025095e-35 0.30389872193336492 0.7807200849056245 0.74464204907417308 0.58571431040763866 0.90377491712570202 1.0000000180025095e-35 0.8825557827949525 0.46247655153274542 0.16807910054922107 0.24283374845981601 1.0000000180025095e-35 0.27924077212810522 0.85934066772460949 1.0000000180025095e-35 0.99056604504585277 0.35948719084262853 1.0000000180025095e-35 0.99056604504585277 0.75093984603881847 0.63702240586280834 0.77871939539909374
decision_type=2 2 2 2 2 2 2 2 2 2 2 2 2 2 2 2 2 2 2 2 2 2 2 2 2 2 2 2 2 2
left_child=1 4 6 5 11 12 13 10 -6 -10 22 -1 -2 14 15 21 18 -5 -15 -11 -21 -3 23 -4 -20 26 -19 -14 29 -16
right_child=3 2 7 17 8 -7 -8 -9 9 19 -12 -13 27 16 28 -17 -18 25 24 20 -22 -23 -24 -25 -26 -27 -28 -29 -30 -31
leaf_value=-0.043209741528327662 -0.04837038338361855 -0.024601987586313451 0.0095345198823030657 0.10770242969050033 0.048318194047074804 0.0037943753600608622 0.061080852169356138 0.046284772489413935 0.0038448188693631434 -0.032234949931925938 0.041405516418960564 0.0055017759885169354 0.006773430948054192 0.027924250697557901 0.0020119481660718693 0.067948604685084124 0.050057763884750278 0.00053889856678070549 -0.018476391383853607 0.32479683557841216 -0.0040297056087330229 0.2536147766244593 0.039802512283100222 -0.057713889693724263 0.02359831673583232 0.025546023198607305 -0.0753616616315122 0.53913725789195766 0.038709748025865992 -0.44011286186112603
leaf_weight=197.51462903147331 590.53638595351367 138.50642567995237 53.53440874782973 3.0582337532541706 23.026898099953542 46.271876208513277 21.80250213900581 360.07510780665325 464.09436833369546 108.08325788841466 68.222414856310934 18.308472352015087 10.429735112324121 47.841132828965783 294.35332719318103 5.4771378333680323 23.476839812472463 91.591649708570912 51.729900255799294 0.39296152393217099 47.411392018169863 0.37638907879590888 21.259682571864687 11.958415915374642 23.891343218274415 34.920826476067305 10.172217678278683 0.095959778875113311 20.179069580946816 0.21681382408132677
leaf_count=540863 1824501 82426 3063 1599 11090 15282 1008 21939 76302 147331 3149 12662 7838 379 36877 88 878 13789 349 70 3902 4 550 248 334 858 107 2 432 8
internal_value=-0.00534297 0.00642532 0.0192021 -0.0352726 -0.0105775 -0.0436661 0.0028492 0.0391364 -0.00101165 -0.00284383 0.0225277 -0.0390775 -0.0473197 0.000754322 -0.00362002 -0.0203651 0.0144219 0.00360827 0.00764558 -0.0227566 -0.00132668 -0.023848 0.00768216 -0.00274445 -0.00518355 0.00127923 -0.00704805 0.0116268 0.00406015 0.00168653
internal_weight=2788.81 2001.73 1142.9 787.077 858.832 647.334 627.851 515.05 643.009 619.982 154.975 215.823 601.062 606.048 459.109 144.36 146.939 139.743 123.462 155.888 47.8044 138.883 86.7525 65.4928 75.6212 136.685 101.764 10.5257 314.749 294.57
internal_count=2807928 943952 151732 1863976 792220 1847623 122783 28949 238695 227605 7010 553525 1832341 121775 119835 82518 1940 16353 1062 151303 3972 82430 3861 3311 683 14754 13896 7840 37317 36885
is_linear=0
shrinkage=0.05


Tree=77
num_leaves=31
num_cat=0
split_feature=7 3 3 10 11 9 9 4 5 9 9 9 9 7 0 9 7 6 2 4 2 0 7 9 10 2 7 3 7 4
split_gain=374.136 224.585 147.705 54.9086 48.9478 46.0522 50.7194 39.9254 26.9815 24.1815 23.9819 20.8091 20.1875 17.8161 23.1701 17.7827 17.6446 16.5453 16.4321 19.1003 16.1222 14.557 13.6367 13.2923 14.0781 13.5315 13.0853 13.9429 12.052 11.8993
threshold=0.16064515709877017 0.88067796826362621 0.78629976511001598 1.0000000180025095e-35 1.0000000180025095e-35 0.49324201047420507 0.29973262548446661 0.68108487129211437 1.0000000180025095e-35 0.70139563083648693 0.81844761967659008 0.42281068861484533 0.45476087927818304 0.21980676054954532 0.11805555596947671 0.41925825178623205 0.44097222387790685 1.0000000180025095e-35 0.46247655153274542 0.93063354492187511 0.41223156452178961 0.19090909510850909 0.053342817351222045 0.90377491712570202 1.0000000180025095e-35 0.46247655153274542 0.53589746356010448 0.23606811463832858 0.056349206715822227 0.44327485561370855
decision_type=2 2 2 2 2 2 2 2 2 2 2 2 2 2 2 2 2 2 2 2 2 2 2 2 2 2 2 2 2 2
left_child=1 7 4 11 8 6 22 9 12 -1 -6 15 16 14 -13 -4 20 21 -15 -20 -2 -9 -3 24 26 -25 -14 29 -8 -28
right_child=2 5 3 -5 10 -7 28 17 -10 -11 -12 13 23 18 -16 -17 -18 -19 19 -21 -22 -23 -24 25 -26 -27 27 -29 -30 -31
leaf_value=-0.046591897916176739 0.010976344178421431 0.0038444987314282808 0.068949186722495864 0.044839335345577033 -0.040032410790204531 0.056083627096957273 -0.044878552562747476 0.0066533889834117276 0.060519529771441427 0.065316426083843512 0.0057562971980959733 0.35543363033376385 -0.026692681290312988 0.080195855660316548 -0.04282193582788394 0.34276184969780876 1.0266538332150903 0.010982192437583808 0.0059116145582340206 0.040403969563761175 0.10343735181692917 -0.040107256844273756 0.061882335743582997 0.0074309182296098527 0.0023419690866105804 0.049578127060998005 0.024792654122920574 -0.0044416463841915671 -0.013488712642312207 0.17952342962469506
leaf_weight=664.08840476488695 11.013390401698421 391.7170555688499 9.039057232002957 339.48716776352376 106.16201924419147 34.823513579496648 70.13928121823119 22.672798454936128 20.828811889514327 4.8625852262193794 39.138536508835386 0.3726562091033 95.320255823869957 9.5255664403666724 18.281896410771878 0.63459733341005709 0.046410037204622223 40.991308192082215 189.04293426615186 50.954132623970509 8.2435173742705938 62.589421153301373 10.389531026972689 122.69419381022453 299.58697072620271 22.542505984194577 3.1696337449247975 25.002755753928795 54.21549277624581 2.0436880036140792
leaf_count=2190256 7778 29354 648 21632 243761 4151 97191 9410 985 685 3887 10 41328 400 2483 35 4 26642 4907 2211 1053 79314 1427 1061 15919 878 177 798 19496 47
internal_value=-0.00519443 -0.0238188 0.0132042 0.031349 -0.00161661 0.000397065 -0.0032864 -0.0409112 0.00459106 -0.0457784 -0.0276986 0.0148661 0.00261549 0.0122673 -0.0348661 0.0869115 0.0529039 -0.0151225 0.015791 0.0132347 0.0505571 -0.0276727 0.00534407 0.000913521 -0.00354793 0.0139727 -0.0176039 0.0110676 -0.0311934 0.0854491
internal_weight=2729.62 1356.49 1373.13 617.338 755.793 561.285 526.461 795.205 610.492 668.951 145.301 277.851 589.663 268.177 18.6546 9.67365 19.3033 126.254 249.523 239.997 19.2569 85.2622 402.107 570.36 425.123 145.237 125.536 30.2161 124.355 5.21332
internal_count=2807928 2457926 350002 32326 317676 151619 147468 2306307 70028 2190941 247648 10694 69043 10011 2493 683 8835 115366 7518 7118 8831 88724 30781 60208 58269 1939 42350 1022 116687 224
is_linear=0
shrinkage=0.05


Tree=78
num_leaves=31
num_cat=0
split_feature=4 7 10 3 0 2 11 2 2 9 7 11 9 7 9 4 9 4 7 9 12 0 4 2 5 4 8 7 3 4
split_gain=351.713 178.884 161.454 47.0179 49.8614 40.4638 33.7852 32.8228 30.2339 26.3837 19.3625 16.5294 15.3059 15.1313 16.2292 16.7165 14.4469 22.9951 14.39 13.074 12.993 12.8369 21.9956 13.6134 12.2999 20.9374 11.9766 16.0405 11.5794 11.2949
threshold=0.57804551720619213 0.21980676054954532 1.0000000180025095e-35 0.89725545048713695 1.0000000180025095e-35 0.55217784643173229 1.0000000180025095e-35 0.36266924440860754 0.69028213620185863 0.70139563083648693 0.29705883562564855 1.0000000180025095e-35 0.47089621424674993 0.59166666865348827 0.81844761967659008 0.6291005313396455 0.81844761967659008 0.89059829711914074 0.78174602985382091 0.7807200849056245 1.0000000180025095e-35 0.29285715520381933 0.57735043764114391 0.4654348641633988 1.0000000180025095e-35 0.77032968401908886 0.32663163542747503 0.15587044507265094 0.32305502891540533 0.21132376790046695
decision_type=2 2 2 2 2 2 2 2 2 2 2 2 2 2 2 2 2 2 2 2 2 2 2 2 2 2 2 2 2 2
left_child=1 9 3 4 7 18 21 13 -6 20 -5 -12 26 -2 15 -15 -13 24 28 -8 -1 29 23 -23 25 -18 -7 -28 -4 -3
right_child=2 6 5 10 8 12 19 -9 -10 -11 11 16 -14 14 -16 -17 17 -19 -20 -21 -22 22 -24 -25 -26 -27 27 -29 -30 -31
leaf_value=-0.014709750327619659 -0.038754751429826421 0.018216103617207966 -0.017392427280601357 0.0017999159519102911 -0.044794432658616573 0.050930354664186932 -0.043492478870448811 0.037578657097994864 -0.0094610290012879621 0.056215162960864276 0.039150799108415908 0.030114577865405889 0.045265803255454456 0.3996225914279154 -0.00071781630519722635 0.071472449409397606 -0.018337330248590616 0.030530361271892681 0.048028082760351039 -0.0021801604845601021 -0.046415188096042143 0.076798503336954926 -0.21883157799404379 0.0150597105495664 0.0081174944668147755 -0.12546252815211739 -0.019648821563367863 0.049836644264311614 0.01497571878041621 -0.0048667346530689749
leaf_weight=34.165079464641167 29.615384703996824 64.104737081564963 43.598136002779938 502.00293783663074 130.24391601042589 18.050934167462401 64.790917170670582 58.528231355070602 113.13127563218586 6.5444999787723637 73.770070460159332 36.336970987555105 333.86060818139231 0.548684821522328 6.0922201486537233 1.3260176238836718 10.640525817871096 18.746086403727531 20.983655742369592 27.186651027470361 596.19893616475747 12.375213555002118 0.88969901663949613 32.060231092909817 8.5722899008542317 7.9834112375974646 27.058357164612971 11.984106914373113 75.442718192905886 305.83258805496735
leaf_count=44215 27701 3333 14854 69892 260424 598 168468 12667 80118 998 3283 472 22213 34 109 27 102 605 642 6459 2042459 260 16 1053 172 88 1164 294 10291 34917
internal_value=-0.00505188 -0.0260164 0.0106408 -0.00121502 -0.0163282 0.0329142 -0.00386274 0.0141643 -0.0283699 -0.0436599 0.0065818 0.0219649 0.0411746 -0.0222996 0.0388691 0.167515 0.00655627 -0.0120766 0.00985068 -0.0312814 -0.0446968 0.0022103 0.0273253 0.0322539 -0.0414452 -0.064258 0.0172511 0.00167978 0.00312104 -0.000866816
internal_weight=2672.67 1144.15 1528.52 997.538 339.486 530.979 507.24 96.1105 243.375 636.909 658.052 156.049 390.954 37.5823 7.96692 1.8747 82.2793 45.9423 140.025 91.9776 630.364 415.262 45.3251 44.4354 27.1962 18.6239 57.0934 39.0425 119.041 369.937
internal_count=2807928 2302178 505750 455694 381080 50056 214506 40538 340542 2087672 74614 4722 24269 27871 170 61 1439 967 25787 174927 2086674 39579 1329 1313 362 190 2056 1458 25145 38250
is_linear=0
shrinkage=0.05


Tree=79
num_leaves=31
num_cat=0
split_feature=11 4 8 9 9 1 10 2 3 8 13 8 10 2 4 4 9 10 3 8 10 4 4 1 3 8 1 4 9 1
split_gain=331.322 138.352 113.551 96.2888 95.3698 42.2076 25.9395 26.212 18.7338 13.7705 12.576 17.3266 26.3241 11.6848 11.8291 11.5603 11.4137 24.9824 15.0697 12.1301 11.3281 11.2292 16.2655 12.4627 11.1047 20.8559 10.9437 10.2929 12.7717 15.523
threshold=1.0000000180025095e-35 0.57804551720619213 0.68863317370414745 0.47285011410713201 0.73097601532936107 0.87226107716560375 1.0000000180025095e-35 0.53907206654548656 0.3483316451311112 0.8825557827949525 1.0000000180025095e-35 0.97413599491119396 1.0000000180025095e-35 0.16807910054922107 0.99315068125724804 0.84292763471603405 0.90377491712570202 1.0000000180025095e-35 0.4901809841394425 0.8825557827949525 1.0000000180025095e-35 0.90366768836975109 0.99315068125724804 0.62575301527977001 0.79655173420906078 0.55891487002372753 0.99056604504585277 0.55848154425621044 0.81844761967659008 0.34330357611179357
decision_type=2 2 2 2 2 2 2 2 2 2 2 2 2 2 2 2 2 2 2 2 2 2 2 2 2 2 2 2 2 2
left_child=1 3 6 24 5 -2 15 -8 9 -4 11 16 -13 -6 26 -3 17 19 -19 -5 -18 23 -23 -17 -1 -26 27 -15 -29 -30
right_child=4 2 8 10 13 -7 7 -9 -10 -11 -12 12 -14 14 -16 21 20 18 -20 -21 -22 22 -24 -25 25 -27 -28 28 29 -31
leaf_value=-0.043959532678466084 -0.046947610100642315 -0.0047343438615840543 -0.023229287666953237 -0.028983562212111149 0.096609734557295768 0.0029011318185038193 -0.0024804279919061079 0.032064741696320724 0.042677103565614848 0.049258511730780156 0.047125664041658299 0.044759360722712888 -0.076255594943626215 -0.021089570889008941 0.051389427668627856 0.13124334821143277 0.050035058015199335 0.00096658582790278599 0.036776768269263606 0.062639001562862326 0.0078890306129833672 -0.015528850547404644 0.017561350082996544 0.019808016544241476 -0.016316972575997634 1.0607165258603088 -0.034351906740117115 0.043654770486754924 0.1944951522337717 -0.0051758497329636296
leaf_weight=185.74969044068712 528.73812393119442 381.17182007245719 19.55303261050722 84.23107348170015 3.2749858975876114 46.172276122932089 84.413427744264482 157.1198208964197 336.10378643876174 9.8534193560481054 14.42226846469566 6.1961809992790249 16.356487974524498 29.505681026843376 10.73349201492965 2.5809269295423283 21.057669002562761 204.60973266523797 34.304206204076763 3.7742884024046353 65.647572552785277 75.566413600172382 73.025520459748805 90.082698054320645 40.668313028203556 0.044997843622694655 23.12604545801878 24.100028909510002 0.99412774725351383 46.655495529877953
leaf_count=628136 1832341 113548 290 76380 1599 15282 24338 7431 21463 142 352 49 113 12597 415 166 170 33635 954 51 617 1256 1075 3431 30342 13 395 715 90 542
internal_value=-0.00490421 0.00597187 0.0159672 -0.0121785 -0.0339742 -0.0429442 0.00608371 0.0199916 0.0393289 0.00105969 0.00118889 -0.00033002 -0.0430076 0.00328962 0.00102768 0.000686759 0.00199695 -0.00228047 0.00610835 -0.0250541 0.0181248 0.00925183 0.000733332 0.0229118 -0.038776 -0.0151266 -0.00331829 0.00376958 0.0139924 -0.00101006
internal_weight=2619.83 1906.53 1229.47 677.062 713.3 574.91 863.961 241.533 365.51 29.4065 450.599 436.177 22.5527 138.39 135.115 622.427 413.625 326.919 238.914 88.0054 86.7052 241.256 148.592 92.6636 226.463 40.7133 124.381 101.255 71.7497 47.6496
internal_count=2807928 943952 173140 770812 1863976 1847623 151245 31769 21895 432 112321 111969 162 16353 14754 119476 111807 111020 34589 76431 787 5928 2331 3597 658491 30355 14339 13944 1347 632
is_linear=0
shrinkage=0.05


Tree=80
num_leaves=31
num_cat=0
split_feature=11 7 3 8 9 2 10 9 1 7 2 4 4 3 3 9 2 7 9 4 9 8 7 4 4 10 4 9 3 1
split_gain=309.747 144.639 114.01 112.423 92.7039 42.4309 27.3862 25.8067 22.3467 18.7406 27.3357 28.6178 128.084 24.279 64.2791 130.114 40.4665 17.5079 16.4415 16.1179 36.6277 32.8601 26.4799 19.7501 17.938 15.5343 15.1959 13.5233 13.0801 16.4624
threshold=1.0000000180025095e-35 0.10912698507308961 0.78629976511001598 0.25940062105655676 0.73097601532936107 0.75931033492088329 1.0000000180025095e-35 0.47836488485336309 0.69309264421463024 0.053342817351222045 0.58898946642875682 0.21132376790046695 0.2014492750167847 0.41728855669498449 0.53248947858810436 0.27602627873420721 0.36867654323577886 0.075498577207326903 0.7807200849056245 0.90366768836975109 0.45846603810787206 0.35829523205757147 0.1863425895571709 0.93063354492187511 0.85145786404609691 1.0000000180025095e-35 0.52704679965972911 0.37296918034553533 0.69309264421463024 0.40936473011970526
decision_type=2 2 2 2 2 2 2 2 2 2 2 2 2 2 2 2 2 2 2 2 2 2 2 2 2 2 2 2 2 2
left_child=1 3 8 9 5 -2 18 -5 28 26 11 12 -11 -13 15 16 -15 -7 19 21 22 27 -21 -22 -23 -16 -1 -4 29 -3
right_child=4 2 6 7 -6 17 -8 -9 -10 10 -12 13 -14 14 25 -17 -18 -19 -20 20 23 24 -24 -25 -26 -27 -28 -29 -30 -31
leaf_value=-0.031488691332303982 -0.047731833482921156 -0.002954521199101199 0.19094485894382529 -0.041592422567948699 0.0031126371043299888 -0.047261956668559826 0.043356483374882411 0.01830657451997502 0.036368242843292972 -0.050012966284549959 0.021392176738027641 -0.050213220468412534 8.3430411219374303 3.1386165104280299 -0.050192202739203121 5.2157428107903225 0.41808658329861625 0.010696433564567155 0.03933429708519235 -0.21195198555125738 -0.11248884332917086 -0.0031061735069359618 0.02383356980832764 0.050249055967621747 0.05579741069222878 0.36741064585141658 0.0047403869268016312 0.017391215546788876 -0.043283326767556141 0.016472290914059089
leaf_weight=31.067314835934667 485.06624262446712 447.8119644940889 3.597646556707331 250.34354316809913 138.74555482831784 17.868397144367918 326.40176372614224 19.373381006618729 46.902888898301171 0.0191828326205713 3.7873995388799813 0.50272371715982433 0.0059573071775957933 0.015680421638535114 0.33773832494625822 0.01899032574146986 0.10654396889731288 48.119611966685625 60.915827524848282 3.9820523150265243 2.3806900084018698 70.375339701160556 1.6987190265208481 8.596441083122043 15.832791614811866 0.65374648207216524 423.40716889637406 1.6313885803683659 16.555954826355446 144.15566452185158
leaf_count=66025 1799350 141672 171 620965 16353 42092 22371 22830 2644 74 333 1415 23 33 380 39 112 6181 3149 41 73 3292 34 337 201 21 35683 160 2740 19134
internal_value=-0.0047583 0.00575432 0.0167957 -0.011661 -0.033417 -0.0426145 0.0348972 -0.03729 0.00311352 0.00336886 0.0955531 0.264699 1.93884 0.238963 0.367308 1.36535 0.767109 -0.00499768 0.0185602 0.00685322 -0.0383815 0.015094 -0.141445 0.0149549 0.00771193 0.225159 0.00226381 0.136798 0.00055036 0.00177629
internal_weight=2570.28 1880.48 1150.84 729.639 689.8 551.054 495.413 269.717 655.426 459.922 5.44796 1.66056 0.0251401 1.63542 1.1327 0.141215 0.122224 65.988 169.011 108.095 16.6579 91.4372 5.68077 10.9771 86.2081 0.991485 454.474 5.22904 608.524 591.968
internal_count=2807928 943952 196019 747933 1863976 1847623 29829 643795 166190 104138 2430 2097 97 2000 585 184 145 48273 7458 4309 485 3824 75 410 3493 401 101708 331 163546 160806
is_linear=0
shrinkage=0.05


Tree=81
num_leaves=31
num_cat=0
split_feature=4 7 10 3 0 1 1 2 6 11 9 9 7 12 11 1 11 7 10 9 4 1 5 9 0 4 7 9 0 1
split_gain=293.673 170.38 134.025 39.2667 43.2832 37.4844 34.1497 28.8482 34.1457 27.5882 26.1243 16.0155 15.9124 14.6233 14.5011 14.0219 40.7559 13.9406 13.3459 12.8882 19.4134 13.0898 19.8106 12.2776 11.6941 13.6931 11.1271 22.5096 10.4481 36.4108
threshold=0.57804551720619213 0.21980676054954532 1.0000000180025095e-35 0.89725545048713695 1.0000000180025095e-35 0.53907206654548656 0.56294015049934398 0.69028213620185863 1.0000000180025095e-35 1.0000000180025095e-35 0.64226880669593822 0.58705621957778942 0.29705883562564855 1.0000000180025095e-35 1.0000000180025095e-35 0.59675306081771862 1.0000000180025095e-35 0.070197045803070082 1.0000000180025095e-35 0.81844761967659008 0.89059829711914074 0.81892696022987377 1.0000000180025095e-35 0.7807200849056245 0.15476191043853763 0.74133810400962841 0.5419580638408662 0.81844761967659008 0.29285715520381933 0.57804551720619213
decision_type=2 2 2 2 2 2 2 2 2 2 2 2 2 2 2 2 2 2 2 2 2 2 2 2 2 2 2 2 2 2
left_child=1 10 3 4 6 17 26 -6 -9 28 13 24 -5 -1 -14 16 -10 -4 -12 -16 21 -21 -23 -11 25 -7 -2 -28 -3 -30
right_child=2 9 5 12 7 11 -8 8 15 23 18 -13 14 -15 19 -17 -18 -19 -20 20 -22 22 -24 -25 -26 -27 27 -29 29 -31
leaf_value=-0.012411749057600783 -0.020128069864781706 -0.00083461106153804318 -0.046383886911251677 0.0017071761157893555 -0.044048569646490301 0.10454323668857238 0.057981268395902445 -0.035749306945727276 2.8222497268614286 -0.042573376737900799 -0.034456743616724191 0.044700247672360381 0.037407887197015863 -0.047138506371807901 0.028663884979427085 0.019060875225287904 -0.05006899909902212 0.012085796269804267 0.067168599724275233 0.0062203486718911847 0.029511740564945606 -0.10143982856452848 0.010754400829070289 -0.0017123982180971544 0.012569137151285726 0.0092241711336607749 0.099339200277956091 -0.015355441400361087 0.067946153662908487 -0.02346522942591291
leaf_weight=32.172275393240852 46.346506357076578 368.46363412227947 11.25605212303344 499.16073748993222 119.42872162922868 8.1835855456010886 29.339010430849157 56.449941003476852 0.01740682200761412 57.328962831525132 5.4663296152139065 280.35916581156198 67.749987618532032 525.09975369942549 35.915461842902005 53.761529656359926 0.042511297040618956 108.08224875788437 7.8988626897335052 10.876580711454155 17.938241994008422 11.652466528117658 5.9403807874768964 27.061759740230627 75.964900022023357 6.9825816664379081 6.6561769803520319 11.9719494828023 23.194377055100631 20.540856805164367
leaf_count=44215 35931 38250 18219 69892 260424 381 4157 60929 9 168468 7354 21798 3283 2035882 472 19116 64 6649 221 126 605 111 125 6459 2829 180 215 235 652 677
internal_value=-0.00489293 -0.0248402 0.00964747 -0.00109573 -0.0153121 0.0309498 0.0132073 -0.0270221 -0.00858161 -0.00342452 -0.0434769 0.0387813 0.00599926 -0.0451337 0.0202752 0.0199129 0.784369 0.0065709 0.0256041 0.00617545 -0.0112286 -0.0368986 -0.0635565 -0.0294704 0.0205721 0.0606578 -0.00701014 0.0256271 0.00190794 0.0250135
internal_weight=2531.3 1067.23 1464.08 973.248 324.014 490.829 94.3136 229.7 110.271 496.59 570.637 371.49 649.234 557.272 150.073 53.8214 0.0599181 119.338 13.3652 82.3231 46.4077 28.4694 17.5928 84.3907 91.1311 15.1662 64.9746 18.6281 412.199 43.7352
internal_count=2807928 2302178 505750 455694 381080 50056 40538 340542 80118 214506 2087672 25188 74614 2080097 4722 19189 73 24868 7575 1439 967 362 236 174927 3390 561 36381 450 39579 1329
is_linear=0
shrinkage=0.05


Tree=82
num_leaves=31
num_cat=0
split_feature=4 7 10 4 1 9 3 7 9 10 7 9 6 12 10 4 12 7 3 2 7 1 2 7 8 7 13 8 3 9
split_gain=271.886 165.095 124.803 36.5584 36.1375 24.9944 23.2465 23.408 16.2867 35.1926 16.1684 15.2493 15.0966 14.6627 14.1087 16.0616 13.8372 19.2264 14.7806 16.9005 13.5992 13.3153 22.6406 13.111 14.6606 12.6811 12.5288 32.9832 12.5245 19.4857
threshold=0.57804551720619213 0.21980676054954532 1.0000000180025095e-35 0.84292763471603405 0.55217784643173229 0.64226880669593822 0.89725545048713695 0.53589746356010448 0.86319074034690868 1.0000000180025095e-35 0.36602871119976049 0.61060667037963878 1.0000000180025095e-35 1.0000000180025095e-35 1.0000000180025095e-35 0.48934240639209753 1.0000000180025095e-35 0.075498577207326903 0.8155706822872163 0.63453349471092235 0.070197045803070082 0.81892696022987377 0.92450141906738292 0.21980676054954532 1.0000000180025095e-35 0.82085561752319347 1.0000000180025095e-35 0.97413599491119396 0.56294015049934398 0.30028901994228369
decision_type=2 2 2 2 2 2 2 2 2 2 2 2 2 2 2 2 2 2 2 2 2 2 2 2 2 2 2 2 2 2
left_child=1 5 3 6 20 13 7 16 9 25 -5 28 -9 -1 15 -10 18 -18 19 -2 -4 22 23 24 -8 -3 27 -16 29 -6
right_child=2 8 4 10 11 -7 21 12 14 -11 -12 -13 -14 -15 26 -17 17 -19 -20 -21 -22 -23 -24 -25 -26 -27 -28 -29 -30 -31
leaf_value=-0.011935467254169295 -0.025911568203851782 -0.031211267099701324 -0.046233887068208711 0.0066784495140458228 0.52749619854801333 0.024050982935249987 0.010099863252491176 0.030663470816087442 0.047682380325636951 0.0036130021492857857 0.033996907851152107 0.044463847442218145 -0.040675964664915257 -0.04695089156799892 0.0052644586401203244 -0.012822632798408144 -0.048958487429523918 -0.017073361632662678 -0.035229868666336678 0.065821109056669311 0.011956327815699073 -0.0087933358891037726 0.081899427083216847 0.027177007216867628 -0.029021542155464986 0.62286780237162664 0.046360329128164207 -0.070167501819969655 0.017379416419476417 0.078857848137078579
leaf_weight=31.793172457662877 8.2674575975979696 124.59999707699171 11.035774203337494 275.45300455429242 0.25895991350989733 13.490152795711763 65.059863792615943 33.133365435613086 37.840082331560552 183.25758455111645 67.418352596811019 260.85139439138584 9.5542532037943584 501.4366760472185 102.61932399217039 15.445655181421897 83.79547826560156 108.48864689840411 14.937249238311777 12.786596293939509 111.32225378445582 189.79765205140575 10.450976227031786 48.743025980715174 37.897120621521026 0.074146921862847104 12.965731451287864 16.87481156270951 91.805787678662455 3.7014422085776459
leaf_count=44215 8101 200668 18328 16515 25 7575 1995 788 2165 10097 3110 21459 110 2035882 898 240 293089 64512 1646 4665 6771 12725 202 1114 47122 14 311 113 3274 199
internal_value=-0.00474718 -0.024236 0.00928706 -0.00106204 0.0301545 -0.0431627 -0.00827937 -0.0192877 -0.00327564 -0.010329 0.01205 0.0381991 0.0146964 -0.0448631 0.00841753 0.0301441 -0.0256427 -0.0309686 0.0028109 0.0297997 0.00670801 0.000195844 0.0107177 0.00581379 -0.00430021 -0.0308223 -0.000322608 -0.00538795 0.021135 0.108193
internal_weight=2485.16 1040.4 1444.76 965.783 478.976 546.72 622.912 270.963 493.677 307.932 342.871 356.618 42.6876 533.23 185.746 53.2857 228.275 192.284 35.9913 21.0541 122.358 351.949 162.151 151.7 102.957 124.674 132.46 119.494 95.7662 3.9604
internal_count=2807928 2302178 505750 455694 50056 2087672 436069 372911 214506 210779 19625 24957 898 2080097 3727 2405 372013 357601 14412 12766 25099 63158 50433 50231 49117 200682 1322 1011 3498 224
is_linear=0
shrinkage=0.05


Tree=83
num_leaves=31
num_cat=0
split_feature=11 7 8 5 7 3 4 4 9 4 1 7 9 4 8 7 7 2 2 13 9 1 8 4 2 3 1 4 0 4
split_gain=255.211 122.825 105.238 100.03 87.3942 39.2234 30.5684 24.4713 21.9238 18.196 14.7884 13.9275 17.4376 15.3641 12.3872 13.056 12.1024 19.6226 73.6319 12.0277 11.951 16.4649 15.1776 13.4632 11.7497 18.4045 16.1855 18.0343 24.0331 26.481
threshold=1.0000000180025095e-35 0.10912698507308961 0.19530533254146579 1.0000000180025095e-35 0.1863425895571709 0.78629976511001598 0.55848154425621044 0.57932874560356151 0.47836488485336309 0.88067796826362621 0.46247655153274542 0.056349206715822227 0.38307815790176397 0.58102023601531994 0.51871871948242199 0.11651583760976793 0.065591398626565947 0.25158227980136877 0.23940297961235049 1.0000000180025095e-35 0.71471861004829418 0.99056604504585277 0.51628047227859508 0.79205974936485302 0.61938297748565685 0.61633428931236278 0.40936473011970526 0.44327485561370855 0.29285715520381933 0.41223156452178961
decision_type=2 2 2 2 2 2 2 2 2 2 2 2 2 2 2 2 2 2 2 2 2 2 2 2 2 2 2 2 2 2
left_child=1 2 16 5 9 19 -6 -4 11 -2 -7 -9 13 -13 -11 -16 -1 18 -18 24 21 -12 -23 -24 25 26 -3 28 -28 -30
right_child=4 3 7 -5 6 10 -8 8 -10 14 20 12 -14 -15 15 -17 17 -19 -20 -21 -22 22 23 -25 -26 -27 27 -29 29 -31
leaf_value=0.0034651839670058141 -0.049059683050581705 -0.004689388158708032 -0.049402919363796829 0.044524566642769575 -0.033455655599160916 0.063641983099605018 0.0038170779918176574 -0.038163754185111316 0.046684156019643847 -0.012385022373416829 0.018912384744761396 0.48822480148919106 -0.038973884436612899 0.026932263823112423 0.29953636807977396 0.041710694390113351 -0.050118975423961321 0.13695710604558056 5.000754213486065 0.046722268396923221 0.032601873822207056 0.0089681606720387521 -0.10311995754127011 0.03358708364731125 0.022925878568760029 -0.045347990921402098 -0.040758030478219742 0.024650558161849582 1.2380819446815003 -0.050964813231599432
leaf_weight=436.66938367881812 369.40686297196953 427.82600759738125 148.7919830763858 231.93156768131303 83.199280657223426 22.04741060899687 162.3467984142917 75.737576831510523 11.432676826312671 10.129318286664782 91.023952118935995 0.18219050578773277 16.070141999676707 19.535846936734742 0.67745168780675102 1.7842275774455627 0.026617434326907552 0.90749911579769105 0.0098991173726972193 14.040790284983812 108.24301336915232 12.334037922089921 8.1490640470292401 2.3119175592437378 50.892801063790102 23.633844744617818 14.881848945558882 96.39044162123173 0.077606720180484312 0.081873691247892566
leaf_count=70022 1639998 141112 568105 17871 201893 894 16744 91434 3049 5260 3589 73 9087 5940 19 62 63 146 14 332 7943 300 144 106 3515 4701 7359 7974 120 59
internal_value=-0.00460248 0.00490907 -0.0113244 0.015341 -0.0320852 0.00757821 -0.00881218 -0.0357633 -0.0192579 -0.047045 0.0245852 -0.0260178 -0.000313549 0.0311945 0.0120635 0.112664 0.0038518 0.182685 1.3191 0.000965594 0.0207075 0.00939574 -0.0286057 -0.0729072 -8.1125e-05 -0.00216126 -0.000268532 0.0167047 -0.0342153 0.576314
internal_weight=2440.77 1813.23 709.364 1103.87 627.544 871.935 245.546 271.75 122.958 381.998 244.109 111.526 35.7882 19.718 12.591 2.46168 437.613 0.944016 0.0365166 627.825 222.062 113.819 22.795 10.461 613.784 562.892 539.258 111.432 15.0413 0.15948
internal_count=2807928 943952 747933 196019 1863976 178148 218637 677688 109583 1645339 12976 106534 15100 6013 5341 81 70245 223 77 165172 12082 4139 550 250 164840 161325 156624 15512 7538 179
is_linear=0
shrinkage=0.05


Tree=84
num_leaves=31
num_cat=0
split_feature=11 7 8 3 7 1 8 2 9 0 7 3 9 1 8 9 0 8 7 7 13 7 3 9 7 3 1 3 1 0
split_gain=238.1 113.074 99.3285 93.4838 86.186 28.1799 23.0398 23.0044 21.349 16.3659 15.6714 18.1313 15.6469 15.5696 14.8801 14.7338 14.8209 17.1666 21.4833 22.2166 11.6226 11.4991 10.8015 11.5674 10.6426 10.4728 10.3975 10.068 10.9462 20.7182
threshold=1.0000000180025095e-35 0.10912698507308961 0.17295821756124499 0.88067796826362621 0.1863425895571709 0.77459675073623668 0.47643721103668218 0.60943254828453075 0.70139563083648693 0.13392857462167743 0.070197045803070082 0.49253065884113317 0.70139563083648693 0.94641149044036876 0.51871871948242199 0.38243331015110021 0.087121214717626586 0.25068305432796484 0.080540537834167494 0.094494048506021514 1.0000000180025095e-35 0.12973351776599887 0.86729559302330028 0.69056183099746715 0.031754031777381904 0.16807910054922107 0.61938297748565685 0.77871939539909374 0.40936473011970526 0.15476191043853763
decision_type=2 2 2 2 2 2 2 2 2 2 2 2 2 2 2 2 2 2 2 2 2 2 2 2 2 2 2 2 2 2
left_child=1 2 -1 5 13 20 10 12 26 -9 -4 -12 -6 -2 -15 16 17 -13 -19 -20 27 -16 -7 -24 -8 -14 -5 28 -3 -30
right_child=4 3 6 8 7 22 24 9 -10 -11 11 15 25 14 21 -17 -18 18 19 -21 -22 -23 23 -25 -26 -27 -28 -29 29 -31
leaf_value=0.0037198039374015594 -0.049028254254310503 -0.0036287041599444674 -0.045068281381747601 0.045154348423209867 -0.044066794978620129 0.048698713119926552 0.076699612667052233 0.074045140193610512 0.042343527233814043 0.00075647775224650584 -0.049904290857877266 0.034821749239327258 0.073534403850350191 -0.018742962230087486 0.19696339295826529 -0.027047966425937299 0.031557690313639634 0.12993527791107493 0.49949180153889072 1.6080997725513209 0.046360278274774909 -0.032797714579422148 -0.10630066531020609 0.050770162204520158 -0.0073620960359168184 -0.01222653865019986 0.011205651594642445 -0.046064715834002429 0.023252989893606003 -0.012024907869039063
leaf_weight=435.6687505372247 349.75606413742935 432.18861767712224 200.18835033832875 28.316731451341184 56.081939105919446 42.711973013589159 5.7894813051098053 8.0970131822832609 262.31995165883563 128.59712246949493 20.051705776349991 0.57523176789982489 3.8559233692358239 12.234856444993055 1.5709271841624279 13.071572932181878 14.476834240253082 0.27492102082760539 0.18080067363916896 0.060252214796491899 13.719622526317833 0.83350200351560477 2.4509064741432658 2.2466127155348659 10.768810781824866 46.351773580856388 110.82552707532886 11.721666247947722 119.37145468279778 63.895573079644237
leaf_count=66576 1633289 141666 592561 1389 189835 2239 3502 197 22068 5258 57382 13 2503 11885 84 6822 4242 72 49 46 342 81 70 190 16668 20844 3753 1199 11936 11167
internal_value=-0.00448128 0.00469358 -0.0109701 0.0147708 -0.0315336 0.00358671 -0.0350809 -0.00846849 0.033946 0.0050977 -0.0388805 -0.0134401 -0.0259153 -0.0469138 0.00360405 0.0120898 0.0449516 0.222646 0.432041 0.776593 0.000835096 0.117316 0.0407839 -0.0311807 0.0220294 -0.00564015 0.0181145 -0.000160776 0.000713488 0.0109534
internal_weight=2398.25 1790.88 701.107 1089.77 607.379 688.306 265.438 242.984 401.462 136.694 248.88 48.6913 106.29 364.395 14.6393 28.6396 15.568 1.09121 0.515974 0.241053 640.897 2.40443 47.4095 4.69752 16.5583 50.2077 139.142 627.177 615.456 183.267
internal_count=2807928 943952 747933 196019 1863976 168809 681357 218637 27210 5455 661187 68626 213182 1645339 12050 11244 4422 180 167 95 166310 165 2499 260 20170 23347 5142 165968 164769 23103
is_linear=0
shrinkage=0.05


Tree=85
num_leaves=31
num_cat=0
split_feature=11 7 5 8 7 2 4 4 9 4 7 9 9 1 6 1 8 4 8 7 4 7 10 9 10 8 7 1 4 4
split_gain=222.42 103.585 93.7287 93.5552 84.8128 30.0851 27.4142 24.9723 19.365 17.5885 14.2096 14.0124 13.8047 18.2157 14.0195 11.5772 10.9807 12.8199 10.6824 12.3754 21.7558 26.9003 17.5057 10.1946 10.0099 36.0404 16.8464 12.7027 12.4528 15.9882
threshold=1.0000000180025095e-35 0.10912698507308961 1.0000000180025095e-35 0.17295821756124499 0.1863425895571709 0.70678734779357921 0.55848154425621044 0.57932874560356151 0.49618232250213629 0.88067796826362621 0.056349206715822227 0.38307815790176397 0.71471861004829418 0.99056604504585277 1.0000000180025095e-35 0.85934066772460949 0.51628047227859508 0.79205974936485302 0.45622551441192633 0.17519181966781619 0.88067796826362621 0.12060606107115747 1.0000000180025095e-35 0.71471861004829418 1.0000000180025095e-35 0.8825557827949525 0.91987180709838878 0.40936473011970526 0.41060766577720648 0.72834226489067089
decision_type=2 2 2 2 2 2 2 2 2 2 2 2 2 2 2 2 2 2 2 2 2 2 2 2 2 2 2 2 2 2
left_child=1 3 5 -1 9 15 -6 23 10 -2 -9 -12 13 -7 -15 24 -16 -18 19 20 -4 -22 -23 -5 25 26 -3 -26 -29 -30
right_child=4 2 18 7 6 12 -8 8 -10 -11 11 -13 -14 14 16 -17 17 -19 -20 -21 21 22 -24 -25 27 -27 -28 28 29 -31
leaf_value=0.0035324360279763325 -0.0489408248552494 -0.018679285586411156 0.038002991547498866 -0.04965651907653934 -0.032340827859504706 0.023936498249443064 0.0036399998119826509 -0.036327779028627209 0.054280628334906704 0.011571637550798208 0.029530287959791207 -0.031629392374882673 0.038446229339354064 0.077539295240557166 -0.0063461299198085686 0.10647923324544882 -0.10990020730257577 0.030126907687405016 0.047377464210968778 0.049906342880932736 0.054703236892435253 -0.26691793094318855 -0.030879565305976332 0.22249797866894183 0.00040833935008574465 0.046330005324674323 0.080619967443528895 -0.039815724771471266 0.032780117392087783 -0.0092727545292874015
leaf_weight=435.83435865190404 335.21849035441119 168.84934081892425 6.2150797559879738 137.67658776897588 78.725990901250043 68.582214877256774 161.61606558384665 72.42925493963412 8.6610339731560071 12.454352597706018 20.445339091340429 17.281260974326869 92.032710330327973 2.7912331037223366 10.432947332505139 2.6386435856111339 7.6867037371266616 2.0760215278714895 194.27546658361098 10.453257571789434 1.8273023199290035 2.20567193813622 1.2199969841167333 0.34495795425027509 342.25530000626168 26.611418129876256 4.3821079572662702 8.5210230151715205 94.054321996882209 29.751749795046635
leaf_count=66576 1639998 105756 112 571210 201893 2258 16744 92513 1697 5341 6052 9880 7408 93 245 146 122 90 17097 546 30 23 63 5 55095 435 57 1835 3685 923
internal_value=-0.00434313 0.00450987 0.0142121 -0.0105737 -0.0309848 0.00681892 -0.00814581 -0.0345108 -0.0177071 -0.0467731 -0.0233672 0.00151514 0.0247706 0.0110257 -0.0274941 0.0019509 -0.0420107 -0.0801238 0.0436441 0.0105572 -0.0253099 -0.100219 -0.182857 -0.0489763 0.00154194 -0.00784513 -0.0161674 0.00549476 0.0186505 0.0226744
internal_weight=2357.55 1769.54 1076.86 692.673 588.015 860.666 240.342 256.838 118.817 347.673 110.156 37.7266 183.602 91.5691 22.9869 677.064 20.1957 9.76273 216.197 21.9213 11.4681 5.25297 3.42567 138.022 674.425 199.843 173.231 474.582 132.327 123.806
internal_count=2807928 943952 196019 747933 1863976 178148 218637 681357 110142 1645339 108445 15932 10216 2808 550 167932 457 212 17871 774 228 116 86 571215 167786 106248 105813 61538 6443 4608
is_linear=0
shrinkage=0.05


Tree=86
num_leaves=31
num_cat=0
split_feature=11 7 5 4 7 3 4 9 9 4 1 9 13 1 9 7 2 3 1 4 4 6 3 4 4 1 4 3 9 4
split_gain=207.606 94.9094 89.6565 89.4009 83.4169 30.9341 25.6085 23.8528 21.5903 17.2796 13.84 11.056 10.6345 10.3255 10.0215 18.4296 9.89409 16.4538 10.8143 16.9004 14.9332 14.8928 12.9429 11.9407 19.0479 11.1504 11.1705 10.8325 21.8286 17.7864
threshold=1.0000000180025095e-35 0.10912698507308961 1.0000000180025095e-35 0.55036231875419628 0.1863425895571709 0.78629976511001598 0.55848154425621044 0.27924077212810522 0.47836488485336309 0.88067796826362621 0.46247655153274542 0.86319074034690868 1.0000000180025095e-35 0.85934066772460949 0.86319074034690868 0.82085561752319347 0.61938297748565685 0.61633428931236278 0.40936473011970526 0.28759399056434637 0.44327485561370855 1.0000000180025095e-35 0.28759399056434637 0.40862709283828741 0.41223156452178961 1.0000000180025095e-35 0.55217784643173229 0.35585997998714453 0.34759725630283361 0.48934240639209753
decision_type=2 2 2 2 2 2 2 2 2 2 2 2 2 2 2 2 2 2 2 2 2 2 2 2 2 2 2 2 2 2
left_child=1 3 5 -1 9 12 14 -5 -9 -2 -7 -12 13 16 15 -6 17 18 19 22 21 -20 -3 -23 -25 -21 -27 28 -22 -30
right_child=4 2 -4 7 6 10 -8 8 -10 -11 11 -13 -14 -15 -16 -17 -18 -19 20 25 27 23 -24 24 -26 26 -28 -29 29 -31
leaf_value=-0.044161772405194699 -0.048876032228442182 0.015436958360150963 0.043111779067859825 0.0047411206760993472 -0.041486910051515252 0.060591133629296218 0.0034592578973008203 -0.029531356495868639 0.041772798330572111 0.010888829677648419 0.011009553725513748 0.036329774134388967 0.045728899614137702 0.16102334249161751 0.0047007819593665335 0.88945936732449926 0.020895457390658484 -0.043739694457005734 -0.039942848834519783 0.033823424481946078 0.71167403842481192 -0.050516819161630477 -0.020251269619795811 1.1267676478306146 -0.050702503021289952 -0.022498109403292131 -0.00067829200645863315 0.01488592706970425 0.20622592568638298 0.02982070290763596
leaf_weight=150.89420939702541 319.28192569005478 130.22359968781529 208.21609038725728 425.9416057766648 61.207445851512603 21.187367782084038 161.55880968367273 95.594535488882684 11.942435590637613 12.570482822455231 151.64865728051518 60.237319514155388 12.84332046844065 0.99092609900981088 15.181306368671356 0.053208972036371871 49.588546966435388 23.084897875174647 14.561543987147157 12.609098773362346 0.130944095144513 0.10647024793434035 31.562672266270965 0.084719582213438116 0.057766469763009809 157.31975127776968 93.526244211534504 85.682456730501144 1.7445831267978045 7.8969208894995973
leaf_count=585348 1639998 32561 17871 35014 199865 894 16744 123674 3897 5341 6553 5529 332 51 2015 13 3492 4700 7365 1660 43 86 13087 13 74 83752 10052 6942 337 625
internal_value=-0.00420395 0.00434138 0.0136892 -0.0101823 -0.0304115 0.00652476 -0.00782242 -0.000571207 -0.0216127 -0.0466122 0.0220607 0.0182079 0.000703338 -0.000245948 -0.0316661 -0.0406783 -0.000508709 -0.00240885 -0.000627136 -0.00424531 0.0133264 -0.033387 0.00847459 0.350069 0.6494 -0.0120565 -0.0143627 0.0205743 0.070449 0.0617404
internal_weight=2317.53 1747.68 1063.3 684.373 569.853 855.088 238.001 533.479 107.537 331.852 233.073 211.886 622.014 609.171 76.442 61.2607 608.18 558.592 535.507 425.241 110.265 14.8105 161.786 0.248956 0.142486 263.455 250.846 95.4549 9.77245 9.6415
internal_count=2807928 943952 196019 747933 1863976 178148 218637 162585 127571 1645339 12976 12082 165172 164840 201893 199878 164789 161297 156597 141112 15485 7538 45648 173 87 95464 93804 7947 1005 962
is_linear=0
shrinkage=0.05


Tree=87
num_leaves=31
num_cat=0
split_feature=11 7 4 7 3 4 1 9 8 9 4 7 9 8 7 13 8 8 7 10 0 10 7 3 4 3 1 9 9 9
split_gain=193.674 86.8267 85.1091 81.8965 78.5163 23.9781 22.9037 21.9328 21.6959 21.3442 16.9844 11.6101 30.0666 16.7316 28.2344 10.2859 10.0222 9.96749 17.8 17.7888 23.8508 16.8977 15.7814 12.1448 11.208 10.4595 11.4619 12.2004 53.3154 9.74067
threshold=1.0000000180025095e-35 0.10912698507308961 0.55036231875419628 0.1863425895571709 0.89725545048713695 0.55848154425621044 0.77459675073623668 0.30813187360763555 0.45843496918678289 0.70139563083648693 0.88067796826362621 0.048809524625539787 0.30722039937973028 0.35321478545665747 0.080540537834167494 1.0000000180025095e-35 1.0000000180025095e-35 0.97413599491119396 0.80476191639900219 1.0000000180025095e-35 0.58571431040763866 1.0000000180025095e-35 0.53589746356010448 0.20204082131385806 0.53093111515045177 0.76533168554306041 0.71535181999206554 0.44239278137683874 0.4231786727905274 0.73097601532936107
decision_type=2 2 2 2 2 2 2 2 2 2 2 2 2 2 2 2 2 2 2 2 2 2 2 2 2 2 2 2 2 2
left_child=1 2 -1 10 6 29 15 11 -9 -6 -2 16 -13 14 -14 17 -4 18 19 20 22 -19 25 -24 -23 26 -3 28 -28 -5
right_child=3 4 7 5 9 -7 -8 8 -10 -11 -12 12 13 -15 -16 -17 -18 21 -20 -21 -22 24 23 -25 -26 -27 27 -29 -30 -31
leaf_value=-0.043798758211800431 -0.048807667246532432 -0.024486807439411281 0.0046067864129959403 -0.045752155555053312 0.016135030803669917 0.0032874184321860069 0.035967850606952442 -0.031957472808161892 0.03518389873620327 0.041119741510993062 0.010251961678138358 0.043728925184843247 -0.050090994650883847 0.3070226386669837 1.9269346495480584 0.045380583119343787 -0.032417010483142411 0.037465630745111715 0.02989238319341004 0.0042803269389608302 -1.2414341651258627 -0.072254552372704714 0.082743510049643657 0.001018891779912293 0.02009686637377921 -0.081350116836614625 0.10172159263545898 0.025006154721042624 1.7371644374870936 -0.0087195400656536175
leaf_weight=144.69497450396011 304.12522965943208 104.88486917469709 405.60215035456349 44.736207554029534 135.90156623127405 161.50501557982352 49.372786803753115 82.246134623273974 14.093782022595404 230.40448521380313 12.680885675770694 10.404144440442902 0.028090525549487988 0.13786064229498152 0.050569125596666709 12.576614995487033 19.141153783566551 6.9031555261462954 49.098612490110099 385.69556523121719 0.039666866476180895 15.9387334138155 5.1888882381026624 36.688323383335955 4.1383447255939236 7.5902010236313791 0.45593350518902198 5.3710679059004178 0.055948755398276262 29.443111788277747
leaf_count=585348 1639998 101856 23103 188062 5053 16744 2851 110697 5935 21768 5341 1951 37 18 18 345 20826 88 777 59961 5 80 154 1012 144 1450 119 314 42 13831
internal_value=-0.00407292 0.00417167 -0.00979986 -0.0298398 0.0131694 -0.00752097 0.00316507 -0.000547591 -0.0221352 0.0318503 -0.0464437 0.00422945 0.0558651 0.639029 1.22091 0.00061307 0.0029383 -0.000292041 0.00105565 -0.00153761 -0.0155383 -0.0300163 -0.0152348 0.0111452 -0.0532188 -0.0245685 -0.0206776 0.0472348 0.280476 -0.0310532
internal_weight=2279.19 1726.7 676.399 552.49 1050.3 235.684 683.999 531.704 96.3399 366.306 316.806 435.364 10.6207 0.21652 0.0786597 634.626 424.743 622.049 595.069 545.97 160.275 26.9802 160.235 41.8772 20.0771 118.358 110.768 5.88295 0.511882 74.1793
internal_count=2807928 943952 747933 1863976 196019 218637 169198 162585 116632 26821 1645339 45953 2024 73 55 166347 43929 166002 165690 164913 104952 312 104947 1166 224 103781 102331 475 161 201893
is_linear=0
shrinkage=0.05


Tree=88
num_leaves=31
num_cat=0
split_feature=11 7 7 5 4 2 4 9 9 4 9 1 6 8 7 4 7 10 1 13 7 9 8 4 9 4 10 8 4 1
split_gain=180.485 80.3451 79.4622 83.264 80.8924 23.9202 22.422 20.3099 18.8173 16.7014 13.7273 16.2482 12.8254 11.8096 11.7486 18.4945 22.1297 11.8523 10.7462 10.027 9.80157 13.8953 9.61267 11.0763 9.61081 9.40941 18.4036 11.917 10.8029 15.1006
threshold=1.0000000180025095e-35 0.1863425895571709 0.10912698507308961 1.0000000180025095e-35 0.55036231875419628 0.70678734779357921 0.55848154425621044 0.27924077212810522 0.47836488485336309 0.88067796826362621 0.71471861004829418 0.99056604504585277 1.0000000180025095e-35 0.45622551441192633 0.17519181966781619 0.88067796826362621 0.12060606107115747 1.0000000180025095e-35 0.85934066772460949 1.0000000180025095e-35 0.080540537834167494 0.38243331015110021 0.51628047227859508 0.79205974936485302 0.73097601532936107 0.90366768836975109 1.0000000180025095e-35 0.47466187179088598 0.68614074587821972 0.56294015049934398
decision_type=2 2 2 2 2 2 2 2 2 2 2 2 2 2 2 2 2 2 2 2 2 2 2 2 2 2 2 2 2 2
left_child=2 9 4 5 -1 18 24 -6 20 -2 11 25 -13 14 15 -5 -17 -18 19 -4 -9 -22 -14 -24 -3 27 -27 -7 29 -29
right_child=1 6 3 13 7 10 -8 8 -10 -11 -12 12 22 -15 -16 16 17 -19 -20 -21 21 -23 23 -25 -26 26 -28 28 -30 -31
leaf_value=-0.043423033509597003 -0.048735545169710272 -0.045538916693215976 0.00031467594605491143 0.031833440787654287 0.0042925036605533312 0.056567292762592009 0.0031240513513133387 -0.035876097145980418 0.038305015222239641 0.0096573181535877621 0.036948534290282983 0.075385360907370774 -0.0074030753529083816 0.046470988161754267 0.048483504687006435 0.048370148087995064 -0.225213626884609 -0.033299180511399205 0.10817001431594037 0.045178970789345588 0.053835315820186573 -0.036451698916281611 -0.10301513434562984 0.027734410725194315 -0.0083414110840783796 -0.13873352922821497 0.051043012014468106 0.28518477490396527 0.026607163073958235 -0.040448443052369054
leaf_weight=138.79932613288111 289.71036169433501 42.748701403179439 653.68266967922682 6.4404037903295848 425.94444731384283 21.588370556011796 161.45445314608514 74.796082499335171 12.082710885966661 12.785837113275191 83.61972708243411 2.6805454404093352 10.411781429313125 173.16481812600978 9.5884294398128969 1.849673433229327 2.5035765878856182 1.1854334101080897 2.3548087845556429 12.695878866128622 8.0568037034972821 9.0462210757395933 7.8890956970863026 2.0382651900872588 29.244128080550581 2.5625410364009431 2.5474685253575444 0.36765441989700676 30.124570446612779 11.251928822472108
leaf_count=585348 1639998 188062 167388 112 35014 947 16744 117162 3897 5341 7408 93 245 17097 546 30 23 63 146 398 1931 4581 122 90 13831 52 211 30 571 447
internal_value=-0.0039473 -0.0292605 0.00399897 0.0126548 -0.00944377 0.00585369 -0.00722336 -0.000543858 -0.0203552 -0.0462674 0.0223063 0.00891953 -0.0274188 0.0421255 0.00723571 -0.0257803 -0.0927738 -0.163543 0.00154621 0.00116943 -0.0280677 0.00608024 -0.0409676 -0.0761699 -0.030429 0.0211414 -0.0441251 0.0264075 0.01081 -0.0301451
internal_weight=2243.22 535.943 1707.27 1038.55 668.726 843.815 233.447 529.926 103.982 302.496 175.082 91.4622 23.0197 194.732 21.5675 11.9791 5.53868 3.68901 668.733 666.379 91.8991 17.103 20.3391 9.92736 71.9928 68.4425 5.11001 63.3325 41.7442 11.6196
internal_count=2807928 1863976 943952 196019 747933 178148 218637 162585 127571 1645339 10216 2808 550 17871 774 228 116 86 167932 167786 123674 6512 457 212 201893 2258 263 1995 1048 477
is_linear=0
shrinkage=0.05


Tree=89
num_leaves=31
num_cat=0
split_feature=11 7 5 9 7 9 3 10 4 9 4 2 9 6 1 1 10 0 9 1 9 1 0 13 9 7 2 3 1 1
split_gain=168.234 78.7498 73.6935 60.6345 54.4934 65.069 24.3762 21.2459 20.9518 16.8354 16.4293 14.1913 10.6925 9.97754 9.91933 13.2005 11.1024 10.1229 18.5504 9.48365 9.48364 9.35952 17.849 8.99763 8.59906 8.40288 8.35529 14.9919 10.6351 9.83091
threshold=1.0000000180025095e-35 0.1863425895571709 1.0000000180025095e-35 0.53371214866638195 0.10912698507308961 0.19456735998392108 0.78629976511001598 1.0000000180025095e-35 0.55848154425621044 0.47836488485336309 0.88067796826362621 0.46247655153274542 0.90377491712570202 1.0000000180025095e-35 0.68133461475372326 0.63702240586280834 1.0000000180025095e-35 0.38750000298023229 1.0000000180025095e-35 0.85934066772460949 0.86319074034690868 0.4246212244033814 0.29285715520381933 1.0000000180025095e-35 0.37414713203907018 0.13188406080007556 0.61938297748565685 0.61633428931236278 0.41421362757682806 0.40936473011970526
decision_type=2 2 2 2 2 2 2 2 2 2 2 2 2 2 2 2 2 2 2 2 2 2 2 2 2 2 2 2 2 2
left_child=2 10 4 14 5 -1 19 11 20 -7 -2 24 -13 -11 15 17 -17 18 -4 23 -3 22 -22 26 25 -8 27 29 -29 -6
right_child=1 8 3 -5 6 9 7 -9 -10 13 -12 12 -14 -15 -16 16 -18 -19 -20 -21 21 -23 -24 -25 -26 -27 -28 28 -30 -31
leaf_value=0.0012695863133011978 -0.048659479533354477 -0.039443626361587547 0.48912293720399119 0.046111283090307875 -0.0041207508129409692 -0.04075408817128616 0.56886236156705194 0.033991111172874476 0.0029687460577034388 -0.017329122308670047 0.0091015550785662359 -0.0084822122496040018 0.043887945605205453 0.069009463685330966 0.0046577246026341737 0.29363454509325343 0.035650069907378311 -0.039950174587804588 0.048063937623683571 0.16185454855895071 0.031148392695345611 -0.037404746634354259 0.56069178394374741 0.044290923661914915 0.053407154721104334 0.11463404051852664 0.019173907211445823 0.073174123642015629 -0.052318500744662016 0.012674109779729856
leaf_weight=248.13149899931159 276.00112856319174 54.864298729182337 0.27668075973633577 162.90275697305333 423.05374823078455 190.08108519708912 0.16048377046536089 120.4554203254811 161.40690795885166 8.7291098605055577 12.885600551991955 84.071642228562268 11.024624725803731 5.4263485865958492 227.54247756037512 1.0034205626579931 0.71362554095685471 2.647851523157442 1.7228968667914157 0.90882233995944162 7.9717265060171467 6.9146651590708634 0.16237085312604893 11.36688739620149 8.005901122451176 0.27852100422023796 49.036862024222501 1.8369928345928226 20.854575076169567 109.73354103861493
leaf_count=68722 1639998 199878 36 17150 141112 653248 47 8122 16744 21433 5341 3550 711 1307 3246 121 6 299 236 55 1895 118 2 328 525 21 3492 512 4188 15485
internal_value=-0.0038114 -0.0286751 0.00384215 0.0226908 -0.00194162 -0.0159347 0.00558706 0.0197143 -0.00693483 -0.0368366 -0.0460831 0.00310532 -0.00241088 0.0157679 0.00637975 0.0679455 0.186413 0.0241764 0.109093 0.000456542 -0.029799 0.00536291 0.041719 0.000218377 0.065222 0.280683 -0.000610333 -0.00235686 -0.0421593 -0.00066166
internal_weight=2210.17 520.207 1689.97 396.81 1293.16 452.368 840.788 223.997 231.32 204.237 288.887 103.541 95.0963 14.1555 233.907 6.36448 1.71705 4.64743 1.99958 616.791 69.9131 15.0488 8.1341 615.883 8.44491 0.439005 604.516 555.479 22.6916 532.787
internal_count=2807928 1863976 943952 21094 922858 744710 178148 12976 218637 675988 1645339 4854 4261 22740 3944 698 127 571 272 165172 201893 2015 1897 165117 593 68 164789 161297 4700 156597
is_linear=0
shrinkage=0.05


Tree=90
num_leaves=31
num_cat=0
split_feature=11 7 7 4 3 9 4 1 9 9 4 7 2 2 4 2 4 3 9 3 9 9 2 7 12 4 1 0 9 3
split_gain=156.643 77.1439 66.5792 74.5139 65.9368 21.2496 19.5303 18.9788 17.0379 16.9542 16.1667 10.2576 11.5907 25.7298 18.1508 50.6788 61.3991 308.614 14.8554 10.0795 9.80062 9.75875 9.59983 15.5557 12.5374 24.5648 12.6175 12.9979 9.51779 9.41936
threshold=1.0000000180025095e-35 0.1863425895571709 0.10912698507308961 0.55036231875419628 0.89725545048713695 0.70139563083648693 0.55848154425621044 0.77459675073623668 0.31025262176990515 0.49618232250213629 0.88067796826362621 0.048809524625539787 0.58898946642875682 0.49719101190567022 0.65030118823051464 0.55217784643173229 0.61938297748565685 0.58578637242317211 0.19456735998392108 0.99056604504585277 0.71471861004829418 0.30722039937973028 0.33549784123897558 0.087595909833908095 1.0000000180025095e-35 0.30245855450630194 0.31519810855388647 0.46428571641445165 0.73097601532936107 0.86729559302330028
decision_type=2 2 2 2 2 2 2 2 2 2 2 2 2 2 2 2 2 2 2 2 2 2 2 2 2 2 2 2 2 2
left_child=2 10 3 19 7 -6 28 -4 11 -10 -2 -5 13 -13 15 18 17 -17 -15 20 -1 -16 23 24 25 -21 -27 -28 -3 -9
right_child=1 6 4 8 5 -7 -8 29 9 -11 -12 12 -14 14 21 16 -18 -19 -20 22 -22 -23 -24 -25 -26 26 27 -29 -30 -31
leaf_value=-0.049698653546529026 -0.04857927400481804 -0.045116815652401547 0.00038777058210229877 0.0024700666701237459 0.014193925848810286 0.039757313300588348 0.0028211109028284643 0.044015251966108053 -0.02749313163414881 0.043859304955301257 0.0085816513248643863 0.017173070936911828 0.013424152317687975 0.93863628824729872 0.14260833085984656 11.308827708799067 0.75319798115769132 -0.050058855079749602 -0.051869086142497592 1.7333786082737075 0.21709647127628418 0.55680395412765993 -0.018815494223379199 1.0319039837569524 -0.050029730511652798 -0.050209518663340072 -0.050036068282224788 0.84247252895650004 -0.0072876791805038827 -0.013837937270685005
leaf_weight=108.22080045894836 262.96309916507744 39.287810833891854 630.09719448222313 423.97359023099125 134.40821552588022 205.71412647003308 161.36218344821827 38.237285326584242 80.941240802698303 9.2798014782310911 12.980427725822663 2.4046669345698306 7.285747745379922 0.050434168093488441 1.1012874590524004 0.0088036708038998768 0.062035628332523629 0.018642312061274424 0.15175682296103332 0.028035944793373235 0.34531969577073951 0.16329364999546658 19.666814910262474 0.046168131812009849 0.61641233848058874 0.22040476137772202 0.064163244678638875 0.11199965979903936 28.827873195812572 8.6221763260255084
leaf_count=568116 1639998 188062 166347 44478 5053 21768 16744 2239 113830 2172 5341 1104 655 3 169 16 14 37 95 39 4 12 14797 49 2050 182 96 15 13831 612
internal_value=-0.00368505 -0.0280767 0.0036889 -0.00874701 0.0116947 0.0296553 -0.00665602 0.00267084 -0.000379081 -0.0201541 -0.0458904 0.00372027 0.0508501 0.119692 0.2781 0.633652 1.62437 3.59346 0.195201 -0.0427468 -0.04885 0.196093 -0.0108202 0.133812 0.0939829 0.303051 0.201932 0.517397 -0.0291068 0.0333702
internal_weight=2177.26 505.421 1671.84 654.761 1017.08 340.122 229.478 676.957 525.441 90.221 275.944 435.22 11.2467 3.96092 1.55625 0.291673 0.0894816 0.027446 0.202191 129.32 108.566 1.26458 20.754 1.08718 1.04102 0.424604 0.396568 0.176163 68.1157 46.8595
internal_count=2807928 1863976 943952 747933 196019 26821 218637 169198 162585 116002 1645339 46583 2105 1450 346 165 67 53 98 585348 568120 181 17228 2431 2382 332 293 111 201893 2851
is_linear=0
shrinkage=0.05


Tree=91
num_leaves=31
num_cat=0
split_feature=4 9 8 3 10 5 11 9 11 9 9 4 8 8 2 1 1 9 10 2 4 9 4 4 8 4 9 11 4 9
split_gain=145.474 119.394 70.7684 27.6363 21.6957 21.6727 26.2886 21.8875 14.5086 16.723 11.9718 34.4149 41.768 43.5677 24.4 21.887 35.3366 11.6278 21.8754 19.582 12.2289 27.1949 23.3338 15.1127 13.0411 36.1603 11.7296 10.4745 9.8501 14.3689
threshold=0.59675306081771862 0.54176929593086254 0.68863317370414745 0.89725545048713695 1.0000000180025095e-35 1.0000000180025095e-35 1.0000000180025095e-35 0.53371214866638195 1.0000000180025095e-35 0.73097601532936107 0.54587543010711681 0.24068965017795566 0.62755528092384349 0.37018518149852758 0.1012820526957512 0.270728349685669 0.27812939882278448 0.43916536867618566 1.0000000180025095e-35 0.79118219017982494 0.5604878067970277 0.51628047227859508 0.57804551720619213 0.27639257907867437 0.60054644942283641 0.25866188108921057 0.5278482735157014 1.0000000180025095e-35 0.89059829711914074 0.81844761967659008
decision_type=2 2 2 2 2 2 2 2 2 2 2 2 2 2 2 2 2 2 2 2 2 2 2 2 2 2 2 2 2 2
left_child=1 3 5 17 28 6 -2 -7 10 -10 11 12 13 -3 -15 -16 -17 -1 -19 20 23 -22 -23 24 -20 26 -26 -5 29 -4
right_child=2 8 4 27 -6 7 -8 -9 9 -11 -12 -13 -14 14 15 16 -18 18 19 -21 21 22 -24 -25 25 -27 -28 -29 -30 -31
leaf_value=-0.04989257949657603 -0.00090419832935171056 2.9582113835501467 0.026417395520158416 0.0050340576164904279 0.038858431408536349 0.0047550146439555782 -0.029244015118831592 0.040099474544946383 -0.045736707832762895 0.0015135600615952696 0.0003144892404832835 0.039845571566063574 3.1143333676142451 1.7041476262217126 -0.050174005736897245 3.0184788538581628 -0.050073728882535667 -0.044863835090282266 0.044495544065343284 1.0404951985875737 0.013613142857606775 0.76896076128767876 0.16507584334549594 -0.027027262957093429 -0.050579043326891185 1.3696568494743186 0.69924173748608254 -0.050038489652723228 0.035333118353959192 -0.009408914109053949
leaf_weight=257.6465234109055 522.35791409484227 0.016620262773357708 48.726627936921432 43.226474694733042 177.73545713140629 246.73348062735749 97.030700139308465 53.256341518223053 38.80514830123866 36.190035253734095 415.46325904401601 2.0329884967504768 0.015800853871041909 0.028498191357357427 0.20281051879283041 0.016292686472297646 0.022119266126537696 67.5750982331665 5.8036338626261665 0.045821217820047333 2.0474429513560604 0.24396026873728249 0.46458383192657493 18.994296917546308 0.23906594089930866 0.070431605388876051 0.06671040749642998 10.788636101264272 37.610158452996984 65.754484522854909
leaf_count=1584959 121739 19 1293 22810 18085 11462 265613 3900 193483 14455 47068 2484 19 30 304 11 36 403009 13194 6 1321 91 90 35309 73 31 28 62721 2385 1900
internal_value=-0.00391471 -0.0192403 0.00712681 -0.0392739 0.0269959 -1.20711e-06 -0.00534379 0.0110296 -0.0026858 -0.0229354 0.000949024 0.113845 0.611753 0.473656 0.320557 0.157099 1.25147 -0.0443678 -0.0294706 0.00771128 0.00601693 0.106009 0.373001 -0.0049299 0.0629883 0.34827 0.113007 -0.00596578 0.0131331 0.00583985
internal_weight=2149.21 900.006 1249.21 407.213 329.827 919.378 619.389 299.99 492.794 74.9952 417.798 2.33513 0.302142 0.286341 0.269721 0.241222 0.038412 353.198 95.551 27.9759 27.9301 2.75599 0.708544 25.1741 6.17984 0.376208 0.305776 54.0151 152.091 114.481
internal_count=2807928 2381551 426377 2123642 23663 402714 387352 15362 257909 207938 49971 2903 419 400 381 351 47 2038111 453152 50143 50137 1502 181 48635 13326 132 101 85531 5578 3193
is_linear=0
shrinkage=0.05


Tree=92
num_leaves=31
num_cat=0
split_feature=4 9 8 3 4 5 11 9 11 9 11 1 9 11 8 11 9 1 1 12 1 1 4 4 4 4 4 9 0 1
split_gain=134.434 114.298 65.5529 27.2557 19.9762 19.6791 24.3947 20.548 13.3325 16.15 12.0924 12.0857 11.7942 14.8958 10.0258 9.96999 9.79146 9.7249 20.59 15.6392 10.3608 12.9118 15.0659 13.9931 23.1675 21.5095 20.0921 9.55563 11.7607 9.26773
threshold=0.59675306081771862 0.54176929593086254 0.68863317370414745 0.89725545048713695 0.89059829711914074 1.0000000180025095e-35 1.0000000180025095e-35 0.53371214866638195 1.0000000180025095e-35 0.73097601532936107 1.0000000180025095e-35 0.87902438640594494 0.43916536867618566 1.0000000180025095e-35 0.22687723487615588 1.0000000180025095e-35 0.41925825178623205 0.55036231875419628 0.54653680324554454 1.0000000180025095e-35 0.46894289553165441 0.51022112369537365 0.58578637242317211 0.58898946642875682 0.48050633072853094 0.50878274440765392 0.56691542267799389 0.41982129216194158 0.81666666269302379 0.61938297748565685
decision_type=2 2 2 2 2 2 2 2 2 2 2 2 2 2 2 2 2 2 2 2 2 2 2 2 2 2 2 2 2 2
left_child=1 3 5 12 10 6 -2 -7 29 -10 -4 -12 -1 14 -14 17 -8 18 19 20 -5 23 -23 24 -22 -26 -27 28 -18 -3
right_child=2 8 4 15 -6 7 16 -9 9 -11 11 -13 13 -15 -16 -17 27 -19 -20 -21 21 22 -24 -25 25 26 -28 -29 -30 -31
leaf_value=-0.049821537602534514 -0.00085926128756052828 0.0026284834151996225 0.025141448161390429 0.031032109142280429 0.043839640936962097 0.0045238247561429175 -0.047516736288749327 0.039153126167045221 -0.045496879722963041 0.0014364083024149699 0.014038691774871352 -0.032526559253217256 0.53345753008925878 -0.048932210873673034 -0.0099218035434854059 -0.050036701726029448 0.12883003424568723 -0.011017634455323121 1.1504946019582343 -0.006168206805998222 0.068355182145776433 -0.0066021129988502684 0.47378800940934368 -0.053017760910203854 0.9875261856484745 0.11440703204628043 0.78050179048583179 -0.016494757079227412 0.97108067940890708 -0.029461650635001186
leaf_weight=245.42176397441654 522.19627621292602 394.98981746434583 151.68901343544712 2.4583339684759222 107.17713176016696 246.3847953176155 39.304590292726061 51.852551196614513 37.102332731534261 36.226213853893569 43.949977533280617 20.403210373595357 0.085044732870300233 46.516335171036189 46.484605567355175 10.262825588695703 0.27248882649291672 30.041748336385353 0.041630781590357269 8.1749485347536393 0.42181254175375238 1.1364889282267538 0.19057857221923757 0.25337071786634613 0.19251832109875977 0.30368347308831289 0.18050262040924281 55.301295470475452 0.048882115370361134 23.858375056108343
leaf_count=1584959 121739 48960 10134 1201 12167 11462 213221 3900 193483 14455 1116 246 6 330760 122386 62721 770 9810 19 11086 180 288 15 15 55 107 34 51611 11 1011
internal_value=-0.00379773 -0.0186882 0.00683403 -0.0388256 0.0261916 -1.25196e-06 -0.00509774 0.0105446 -0.00264272 -0.0223106 0.0174366 -0.000724844 -0.0440737 -0.0289194 -0.00892949 -0.00571792 -0.0284137 0.00476322 0.0402649 0.0367929 0.105157 0.173177 0.0623861 0.281934 0.35919 0.540477 0.362724 -0.0149149 0.256941 0.000800569
internal_weight=2122.92 884.343 1238.58 392.166 323.219 915.361 617.124 298.237 492.177 73.3285 216.042 64.3532 338.508 93.086 46.5697 53.6584 94.9273 43.3956 13.3539 13.3122 5.13729 2.67896 1.32707 1.35189 1.09852 0.676704 0.484186 55.6227 0.321371 418.848
internal_count=2807928 2381551 426377 2123642 23663 402714 387352 15362 257909 207938 11496 1362 2038111 453152 122392 85531 265613 22810 13000 12981 1895 694 303 391 376 196 141 52392 781 49971
is_linear=0
shrinkage=0.05


Tree=93
num_leaves=31
num_cat=0
split_feature=3 7 10 4 5 8 6 10 9 8 8 7 10 4 9 9 4 7 4 3 9 4 3 9 9 7 8 9 4 7
split_gain=125.691 149.835 70.4485 43.0599 26.0431 22.4455 19.4243 16.8965 15.2054 20.4531 17.8776 15.3329 16.0788 14.708 13.2561 12.8041 14.8255 34.647 14.1259 127.135 12.7208 12.468 12.4459 12.4385 15.1574 12.3356 12.1196 12.1979 12.0692 12.0252
threshold=0.89725545048713695 0.15075758099555972 1.0000000180025095e-35 0.68108487129211437 1.0000000180025095e-35 0.58790296316146862 1.0000000180025095e-35 1.0000000180025095e-35 0.45341086387634283 0.46683587133884435 0.6975214183330537 0.59166666865348827 1.0000000180025095e-35 0.77581480145454418 0.66828480362892162 0.43379870057106024 0.11215933039784433 0.22902098298072818 0.16807910054922107 0.25866188108921057 0.70139563083648693 0.99315068125724804 0.32757078111171728 0.45476087927818304 0.43765547871589666 0.15075758099555972 0.55585265159606945 0.21833460777997973 0.59675306081771862 0.44097222387790685
decision_type=2 2 2 2 2 2 2 2 2 2 2 2 2 2 2 2 2 2 2 2 2 2 2 2 2 2 2 2 2 2
left_child=1 3 21 5 8 20 -5 -7 9 15 11 12 -10 -12 -14 16 17 -3 19 -17 -1 -2 -20 24 -4 -26 27 -23 -18 -24
right_child=2 4 23 6 -6 7 -8 -9 10 -11 13 -13 14 -15 -16 18 28 -19 22 -21 -22 26 29 -25 25 -27 -28 -29 -30 -31
leaf_value=-0.04815226920950149 -0.0004567179118958778 -0.050047057125735477 0.020183131889540643 -0.025204146768368203 0.062320633124272377 -0.040659701684180809 0.018527876946626245 0.073551061771891899 -0.028760669969551331 -0.040843945323621532 0.0016542423031501851 0.014287761823879931 0.0069137952467572192 0.040863581578250041 -0.024296202622377347 -0.050034185334682069 -0.030179823837098926 2.5874832148815567 0.021599097809843704 7.3335099826077359 0.16381692766925599 0.02107926060093513 0.17171704524542752 0.040315942849899172 -0.14647204038028566 0.031661528348404425 0.052172956684645888 -0.025516110770309075 0.063935432104358314 0.95681811373081949
leaf_weight=336.59056393049832 574.47325878136326 0.036286702583317232 39.788743165845517 70.017954958108021 16.232613848871551 6.170088360711814 39.838523353100754 6.8153567493864102 132.93436979789112 6.7692218803422284 342.40081500857195 48.449043630345841 91.363425128452946 25.713560629170388 54.209684170316905 0.041924280943930081 4.9607616569119264 0.018955459061544389 1.9199175703543003 0.0067717949568759641 0.70928981030010518 56.603711593779735 2.9392660075536701 182.80858691839967 2.609963799128308 1.5484802699647842 21.381737454794347 18.680997129878961 10.871835515281417 0.049596164099057094
leaf_count=2151105 150082 97 1168 90079 1109 24708 27165 886 245683 14714 32220 2337 14219 1502 1193 155 16512 23 3954 16 151 511 2486 20635 49 49 1463 1977 1677 3
internal_value=-0.00366646 -0.0142595 0.0104796 -0.0366574 -0.000311736 -0.0452231 -0.0093451 0.0192833 -0.00171855 0.0346679 -0.00316416 -0.0116727 -0.0161888 0.0043931 -0.00470843 0.0591893 0.0372997 0.854979 0.129342 0.976739 -0.0477065 0.00233882 0.120935 0.0345742 0.0106901 -0.0801404 0.0189522 0.00951718 0.0344467 0.184745
internal_weight=2096.96 1199.06 897.895 460.142 738.918 350.285 109.856 12.9854 722.685 27.6145 695.071 326.957 278.507 368.114 145.573 20.8453 15.8878 0.0552422 4.95748 0.0486961 337.3 671.14 4.90878 226.756 43.9472 4.15844 96.6664 75.2847 15.8326 2.98886
internal_count=2807928 2631994 175934 2294094 337900 2176850 117244 25594 336791 39637 297154 263432 261095 33722 15412 24923 18309 120 6614 171 2151256 154033 6443 21901 1266 98 3951 2488 18189 2489
is_linear=0
shrinkage=0.05


Tree=94
num_leaves=31
num_cat=0
split_feature=11 7 5 8 7 8 4 2 4 4 8 9 1 6 1 9 13 8 10 7 10 8 9 4 2 9 0 0 4 9
split_gain=118.245 69.3355 56.5205 56.1247 43.2012 68.0167 18.8086 17.4292 16.2678 15.6882 14.1386 11.8958 14.5289 11.8826 10.0333 9.02344 8.91615 9.38355 16.1962 12.6803 14.6811 17.087 11.8719 10.9784 10.1383 37.3873 20.0017 12.5874 11.4429 10.9603
threshold=1.0000000180025095e-35 0.1863425895571709 1.0000000180025095e-35 0.45622551441192633 0.10912698507308961 0.19530533254146579 0.63702240586280834 0.70678734779357921 0.55848154425621044 0.88067796826362621 0.45013087987899786 0.71471861004829418 0.99056604504585277 1.0000000180025095e-35 0.85934066772460949 0.5766318440437318 1.0000000180025095e-35 0.97413599491119396 1.0000000180025095e-35 0.80476191639900219 1.0000000180025095e-35 0.8825557827949525 0.37296918034553533 0.59675306081771862 0.54653680324554454 0.75249087810516369 0.46428571641445165 0.46428571641445165 0.59675306081771862 0.81844761967659008
decision_type=2 2 2 2 2 2 2 2 2 2 2 2 2 2 2 2 2 2 2 2 2 2 2 2 2 2 2 2 2 2
left_child=2 9 4 -4 5 -1 -7 14 -3 -2 -8 12 -9 -14 16 -15 17 19 -19 20 21 22 23 -6 27 -26 29 -24 -28 -27
right_child=1 8 3 -5 7 6 10 11 -10 -11 -12 -13 13 15 -16 -17 -18 18 -20 -21 -22 -23 24 -25 25 26 28 -29 -30 -31
leaf_value=0.0016814535439867999 -0.048317160305479362 -0.027574874581728276 0.0042247343731890534 0.044207475072211941 -0.050027062957236246 -0.051693314801299239 -0.026984253232096092 0.018610374446921426 0.0024510795623665302 0.0083780143496135686 0.041126685379721598 0.03429886538805637 0.074049659857900699 -0.018750625766802965 0.11140449871113685 -0.091944264303253906 0.04407537922337889 0.036058676295648108 -0.052311041199844192 0.025348711172740269 0.004003866415796249 0.041467406207526834 -0.018404193295710521 0.12081235686723885 -0.023437011376274099 -0.19913125738349513 -0.48752167593216389 0.039231003158380823 -0.20319412461040653 -0.015074956342139761
leaf_weight=246.63018331270723 220.59127865105984 63.124187014138442 223.93289570035995 144.34773370044422 1.4035674029582867 109.70264185182168 60.169783143035602 67.47716316243168 158.07356014657125 12.916157320083583 8.7239473280642397 71.214423273690045 2.5520967978518483 14.198667164659129 2.0402667708694926 5.9860535771585992 11.458457109052686 7.0091540915891555 19.92263641487807 48.62063498608768 400.18018774142547 13.083084020297973 110.508692010495 2.8495847320882604 29.251995735889068 1.616963132284581 0.64564410224556901 10.361504589789545 0.78303155116736889 1.6183877438306806
leaf_count=68938 1639998 201893 3874 17220 5864 613392 59306 2258 16744 5341 3074 7408 93 296 146 161 398 88 221 872 60299 198 93626 687 4977 20 10 453 33 40
internal_value=-0.00365298 -0.0261781 0.00268393 0.019896 -0.00239525 -0.0153355 -0.0388347 0.00429245 -0.00611756 -0.0451811 -0.0183594 0.0190221 0.00696278 -0.0276044 0.000697113 -0.0404572 0.000354525 -0.000418755 -0.0293123 0.000834468 -0.00124817 -0.013459 -0.0179774 0.0644343 -0.0202419 -0.044399 -0.175869 -0.0134635 -0.331687 -0.107063
internal_weight=2070.99 454.705 1616.29 368.281 1248.01 425.227 178.596 822.782 221.198 233.507 68.8937 161.428 90.214 22.7368 661.354 20.1847 659.314 647.855 26.9318 620.923 572.303 172.122 159.039 4.25315 154.786 33.916 4.66403 120.87 1.42868 3.23535
internal_count=2807928 1863976 943952 21094 922858 744710 675772 178148 218637 1645339 62380 10216 2808 550 167932 457 167786 167388 309 167079 166207 105908 105710 6551 99159 5080 103 94079 43 60
is_linear=0
shrinkage=0.05


Tree=95
num_leaves=31
num_cat=0
split_feature=11 8 5 8 8 4 8 2 4 4 2 2 10 8 4 0 3 8 3 2 4 3 1 2 4 1 0 3 4 8
split_gain=109.894 62.6578 51.9095 53.9179 28.9303 32.9415 19.2426 18.9582 18.4544 17.227 13.1194 121.23 10.1587 16.6101 12.1834 10.7656 14.7537 10.6873 25.6692 53.0313 10.4742 10.3447 9.71426 12.5291 9.54282 41.5441 9.49194 8.74913 8.5708 14.3681
threshold=1.0000000180025095e-35 0.50641131401062023 1.0000000180025095e-35 0.45622551441192633 0.6975214183330537 0.45867486298084265 0.47083130478858953 0.81120249629020702 0.55848154425621044 0.78629976511001598 0.31503759324550634 0.30471627414226538 1.0000000180025095e-35 0.17295821756124499 0.59675306081771862 0.087121214717626586 0.35585997998714453 0.29800449311733251 0.58578637242317211 0.55403152108192455 0.55217784643173229 0.32305502891540533 0.80350878834724437 0.75204917788505565 0.46247655153274542 0.32071428000926977 0.70833334326744091 0.88493064045906078 0.60107529163360607 0.53171876072883617
decision_type=2 2 2 2 2 2 2 2 2 2 2 2 2 2 2 2 2 2 2 2 2 2 2 2 2 2 2 2 2 2
left_child=2 9 4 -4 5 6 -1 -6 -3 -2 11 -11 13 22 17 16 -16 18 19 -15 -21 -14 23 24 25 -7 -25 -17 29 -29
right_child=1 8 3 -5 7 12 -8 -9 -10 10 -12 -13 21 14 15 27 -18 -19 -20 20 -22 -23 -24 26 -26 -27 -28 28 -30 -31
leaf_value=-0.040493282924435818 -0.048075146269709164 -0.027688546275937753 0.0040197366974890408 0.0436833011449217 0.0050191225252488956 2.5211179149306133 -0.010107338617943652 0.039386928825189169 0.0045323318771434348 -0.050117952838309887 -0.0074825773520126142 6.7517561471460317 -0.013498618329187204 -0.050315557250565357 -0.033439243236745429 -0.031726770039961279 0.039603682549527029 -0.033071141423969781 -0.029347378267640323 -0.050008390338660919 -0.8263090549142158 0.012974158770085585 -0.0059680568509280106 0.027668682845206346 0.0026888515952994104 0.1301734914119482 0.098662507723407261 0.042433691932726017 -0.0066776753293074269 0.59310832933090119
leaf_weight=100.18612683670653 208.52743090246804 64.546198399439163 223.59424162533833 138.91425712476484 340.25434033936472 0.019441419179201058 108.55923245950544 45.491703840089031 142.6555646511697 0.060179511696335619 27.103876061388291 0.0073509821668267241 47.45925259545038 0.72384673933265664 10.27587418042822 55.801050536843832 21.126687018069788 39.081380613410147 2.3820743389660493 0.048743306178948842 0.40021054437966086 165.90736102646042 135.54113740910543 20.527317823289199 72.196125842252513 0.27740376844303682 6.1094698682427397 0.48497292083629773 66.296700461345608 0.15673665655776858
leaf_count=505175 1558652 258529 3874 17220 9043 12 80126 5216 21368 180 25224 23 44660 3671 6535 61863 2813 106364 10448 349 125 32546 1736 1476 36863 809 32 313 12676 7
internal_value=-0.00351873 -0.0255629 0.00257646 0.0192189 -0.00229161 -0.0074272 -0.0246909 0.00907218 -0.00550491 -0.0431957 -0.00574835 0.690295 -0.00183845 -0.0062518 -0.0169653 -0.0104221 0.0157018 -0.040621 -0.123623 -0.315106 -0.742025 0.0070858 0.00273179 0.0146272 0.00385209 0.286765 0.043952 -0.0171058 -0.00491746 0.176935
internal_weight=2044.72 442.901 1601.82 362.508 1239.31 853.561 208.745 385.746 207.202 235.699 27.1714 0.0675305 644.816 431.449 196.778 154.142 31.4026 42.6363 3.55487 1.1728 0.448954 213.367 234.671 99.1298 72.493 0.296845 26.6368 122.739 66.9384 0.64171
internal_count=2807928 1863976 943952 21094 922858 908599 585301 14259 279897 1584079 25427 203 323298 246092 205164 84207 9348 120957 14593 4145 474 77206 40928 39192 37684 821 1508 74859 12996 320
is_linear=0
shrinkage=0.05


Tree=96
num_leaves=31
num_cat=0
split_feature=11 7 5 8 7 8 4 2 4 7 1 8 1 0 8 8 8 10 7 0 1 8 4 4 4 1 13 7 4 10
split_gain=104.754 67.0989 47.6723 51.7171 37.9229 62.1286 18.2188 15.4036 14.6179 14.1679 15.0589 17.0902 14.0197 19.9081 31.611 12.8844 12.1294 10.3514 9.68258 9.09192 14.8479 8.77452 9.99076 11.2279 19.6474 59.9824 9.18363 8.92329 30.8061 52.4382
threshold=1.0000000180025095e-35 0.17752101272344592 1.0000000180025095e-35 0.45622551441192633 0.10912698507308961 0.19530533254146579 0.63702240586280834 0.78629976511001598 0.55848154425621044 0.26794873178005224 0.81302964687347423 0.46882475912570959 0.96362435817718517 0.58571431040763866 0.46437034010887152 0.45013087987899786 0.53939977288246166 1.0000000180025095e-35 0.36939570307731634 0.19090909510850909 0.56294015049934398 0.38115416467189794 0.48934240639209753 0.5388936996459962 0.53694942593574535 0.26365442574024206 1.0000000180025095e-35 0.21240601688623431 0.52027395367622387 1.0000000180025095e-35
decision_type=2 2 2 2 2 2 2 2 2 2 2 2 2 2 2 2 2 2 2 2 2 2 2 2 2 2 2 2 2 2
left_child=2 12 4 -4 5 -1 -7 21 18 10 -9 -12 -2 14 -14 -8 -15 -13 -3 20 -10 22 -6 24 27 -26 -23 28 -24 -30
right_child=1 8 3 -5 7 6 15 9 19 -11 11 17 13 16 -16 -17 -18 -19 -20 -21 -22 26 23 -25 25 -27 -28 -29 29 -31
leaf_value=0.0015105975852866675 -0.048318226892232578 -0.045277333896345473 0.0038244018083397088 0.043139188276931965 -0.024967529113794872 -0.051157350962135195 -0.026141802581543378 0.062616795665309324 -0.0046437089208989472 0.034340698180689529 0.018795935558004448 -0.078680607451732443 -0.050111800916705397 -0.027483486917370393 0.90488532168984104 0.038614747906857122 0.102413074149846 -9.8193227115718986e-05 -0.0054167250458043254 -0.0030445338911033733 0.071965132617028402 -0.00070761930733785139 0.071293491192370648 0.032068403272999556 4.2835156606128484 -0.050098326508943386 0.043985995546536996 0.072145530703837807 -0.050019955984061587 1.7649846244852516
leaf_weight=247.0341054834571 202.07726117716084 32.450767807713419 223.27226706282818 133.76432967110304 6.8747201171936494 101.86425798144774 58.491469765605871 7.5775671299197702 14.192803606099917 73.134033367154188 18.579399024718441 11.320383529528046 0.1936577209416982 10.330374115539597 0.15681891376152635 8.8425811651250097 2.1756416174466731 6.6539944962132713 28.717215263503022 132.87769186055084 11.409086701794875 656.72262653529469 0.40856113968766639 20.499858299430343 0.011537497921381035 0.025930781994247809 11.698543233331291 1.6856513525708576 0.076768232160247862 0.082628734526224434
leaf_count=68938 1623417 176028 3874 17220 18223 613392 59306 269 10563 6857 381 189 220 11474 13 3074 103 272 34838 6976 344 147483 744 2723 11 45 490 86 281 94
internal_value=-0.00348361 -0.0252361 0.00246699 0.0185537 -0.00219656 -0.0144764 -0.0378179 0.00407223 -0.00580129 0.0208401 -0.00153288 -0.014831 -0.0450972 0.00553013 0.377197 -0.0176377 -0.00488569 -0.0495899 -0.0265635 0.00221226 0.0294958 0.00125554 0.0278643 0.0438007 0.148777 1.28434 7.45974e-05 0.129898 0.301301 0.890848
internal_weight=2023.2 434.581 1588.62 357.037 1231.58 416.232 169.198 815.352 219.648 117.265 44.1313 36.5538 214.934 12.8565 0.350477 67.3341 12.506 17.9744 61.168 158.48 25.6019 698.087 29.6657 22.7909 2.29108 0.0374683 668.421 2.25361 0.567958 0.159397
internal_count=2807928 1863976 943952 21094 922858 744710 675772 178148 228749 7968 1111 842 1635227 11810 233 62380 11577 461 210866 17883 10907 170180 22207 3984 1261 56 147973 1205 1119 375
is_linear=0
shrinkage=0.05


Tree=97
num_leaves=31
num_cat=0
split_feature=11 7 3 7 9 4 5 1 3 9 4 2 3 1 4 8 7 1 8 2 9 4 9 2 1 4 4 4 7 4
split_gain=97.1592 65.406 44.7359 59.8634 55.6814 34.132 19.0121 13.6099 14.9727 45.9666 13.5964 13.0761 21.6703 15.0975 13.4335 10.7462 10.1014 9.68487 14.9241 50.2636 9.63293 8.9304 8.64746 8.59007 40.7615 75.674 11.9552 19.7055 26.3378 8.52921
threshold=1.0000000180025095e-35 0.17752101272344592 0.89725545048713695 0.10912698507308961 0.61060667037963878 0.62575301527977001 1.0000000180025095e-35 0.96362435817718517 0.97366598248481762 0.44392034411430364 0.55848154425621044 0.74352160096168529 0.7379862666130067 0.7228132188320161 0.89059829711914074 0.53939977288246166 0.26794873178005224 0.54110360145568859 0.3869446069002152 0.65599384903907787 0.73097601532936107 0.87026646733284008 0.71471861004829418 0.11215933039784433 0.18065268546342853 0.24068965017795566 0.36882591247558599 0.38327018916606909 0.39444445073604589 0.77581480145454418
decision_type=2 2 2 2 2 2 2 2 2 2 2 2 2 2 2 2 2 2 2 2 2 2 2 2 2 2 2 2 2 2
left_child=2 7 3 5 16 22 11 -2 9 -9 20 12 13 -5 17 -10 -4 18 19 -14 -3 -6 -1 24 26 -26 -22 -28 -29 -13
right_child=1 10 4 6 21 -7 -8 8 15 -11 -12 29 14 -15 -16 -17 -18 -19 -20 -21 23 -23 -24 -25 25 -27 27 28 -30 -31
leaf_value=-0.051849598847932776 -0.048197540780089421 -0.044311234717225395 0.0016456802659009593 -0.00056216448369469799 0.02413383499678563 -0.0083007391982638703 0.060777211574230328 -0.051487906487330481 -0.027107745055977663 1.0610340948009012 0.002105301772453977 -0.00074632032263509233 -0.050270866998152267 0.067667922672597303 -0.30624381772096804 0.09328459908355427 0.0369607921303488 -0.055615883397974866 0.033808868294560514 3.3882460379468178 -0.050203763977249662 0.045564599170374982 0.18749583873546116 -0.0097013005549581501 3.1295995759679829 -0.050124839197629403 1.5029314153616222 1.4948210042829393 -0.050175009000605501 0.045683490341289629
leaf_weight=96.835176892283926 192.69121668743173 32.431555060727987 507.1036825528281 580.02292350346397 102.22761433030246 90.933357043191791 13.311751797562463 0.29930008739756608 10.169409130656275 0.13460131466854364 158.34057136881893 16.22806096370914 0.039501331484650293 8.2225725550379121 0.500304841902106 2.2666384473559456 21.091048575937748 19.284254602069268 2.1954908735206118 0.014540043935994618 0.75842220499180502 92.684112614369951 0.37885588780045409 26.133295270847157 0.031447560526430496 0.04620169528061524 0.032186859869398177 0.032364819198846817 0.18675818963674828 25.331256624311209
leaf_count=639390 1623417 197022 41470 162824 8658 70043 1097 190 11504 13 17883 806 71 386 24 103 765 2125 346 7 452 14424 4 13203 17 31 13 28 100 1512
internal_value=-0.00337804 -0.0246389 0.0023344 -0.00541941 0.0114842 -0.0303201 0.00162411 -0.0448726 0.00490903 0.293629 -0.0055591 0.000416093 -0.00143194 0.000391565 -0.0501141 -0.00516461 0.00305583 -0.0441634 0.0540141 0.874876 -0.0259035 0.0343246 -0.0509168 -0.00397185 0.133725 1.23765 0.0488328 0.347713 0.178023 0.0275536
internal_weight=1999.96 423.554 1576.4 853.298 723.106 188.147 665.151 205.561 12.8699 0.433901 217.993 651.839 610.28 588.245 22.0341 12.436 528.195 21.5338 2.24953 0.0540414 59.6522 194.912 97.214 27.2207 1.08738 0.0776493 1.00973 0.25131 0.219123 41.5593
internal_count=2807928 1863976 943952 878635 65317 709437 169198 1635227 11810 203 228749 168101 165783 163210 2573 11607 42235 2549 424 78 210866 23082 639394 13844 641 48 593 141 128 2318
is_linear=0
shrinkage=0.05


Tree=98
num_leaves=31
num_cat=0
split_feature=11 7 8 4 4 9 10 8 7 4 5 2 7 3 13 8 10 4 4 9 3 9 8 8 7 8 4 3 2 3
split_gain=90.5845 63.383 41.8519 44.0569 40.4974 24.396 14.8802 14.8407 41.1878 14.7539 14.4456 13.697 9.70647 9.35094 9.31132 10.3592 15.0849 11.7197 9.15907 12.2982 8.63644 11.853 9.49419 7.5607 11.6737 15.908 7.83046 7.53028 23.2401 13.4277
threshold=1.0000000180025095e-35 0.16064515709877017 0.6975214183330537 0.76506900787353527 0.45867486298084265 0.44106067717075353 1.0000000180025095e-35 1.0000000180025095e-35 0.075498577207326903 0.55848154425621044 1.0000000180025095e-35 0.95311355590820324 0.36939570307731634 0.32305502891540533 1.0000000180025095e-35 0.97413599491119396 1.0000000180025095e-35 0.51191151142120372 0.28759399056434637 0.7807200849056245 0.97366598248481762 0.44392034411430364 0.53939977288246166 0.27465948462486273 0.098387096077203764 0.44865803420543676 0.85912698507308971 0.21483516693115237 0.32305502891540533 0.21132376790046695
decision_type=2 2 2 2 2 2 2 2 2 2 2 2 2 2 2 2 2 2 2 2 2 2 2 2 2 2 2 2 2 2
left_child=2 11 4 14 5 -1 7 -6 -9 12 13 -2 -3 -8 15 -4 -17 -18 27 -20 21 -13 -22 26 25 -25 -15 28 29 -7
right_child=1 9 3 -5 6 18 10 8 -10 -11 -12 20 -14 23 -16 16 17 -19 19 -21 22 -23 -24 24 -26 -27 -28 -29 -30 -31
leaf_value=-0.046617793889817967 -0.048570892452559883 -0.045266626527708444 0.0069412907866106171 0.041490356209996158 0.0031230084731281886 0.01602218905103622 -0.013132429380406511 -0.050126946792190076 -0.00087451051936761424 0.0022128244676265399 0.039037863440702286 -0.051416082701254799 -0.0054332606973267672 0.070386914049867175 0.045083497150726903 0.035699057971743609 -0.065374241867427185 0.023787867224221368 -0.034677995660956903 0.01472529597325108 -0.025882430237435385 0.38805651776709027 0.086430109547166289 -0.039199908042713102 0.01549413816382472 0.072923822954074055 -0.10039401369600172 -0.010666677607870292 1.2585335662038943 0.20805715572575234
leaf_weight=72.284320480284805 180.08506123499683 32.680132000125013 303.13394677882025 116.16613278334262 414.56767540435249 23.281722886400537 47.089364437022596 55.766113653680804 177.7333925292769 159.55060130504717 40.706572539638728 0.28228371491422599 28.74591883237008 8.3098694386499083 14.536756054731084 7.7230865028686848 16.765763024799529 4.7238969649188212 52.181658581306692 16.60589618049562 9.7193132996617333 0.33611718720931094 2.3334089232666892 20.766011815649112 130.59149869371322 3.7319607233512206 0.73017134610563594 35.503204696527973 0.038152758948853172 0.94733079207071469
leaf_count=453250 1598688 197231 9104 16954 41209 14987 44660 167170 41301 21289 3904 233 34838 2420 973 134 95 293 86452 217 11577 28 92 22277 6696 1130 23 29990 4 709
internal_value=-0.00327647 -0.0240815 0.00222759 0.0148393 -0.00307731 -0.0233782 0.00145302 -0.00255547 -0.0126373 -0.00580354 0.0117647 -0.0450354 -0.0266256 0.00650855 0.0059142 0.00420094 -0.024235 -0.0457745 -0.0103112 -0.0227516 0.00521153 0.187449 -0.0041387 0.0121436 0.00955272 -0.0221193 0.0565928 0.00400597 0.0254722 0.0235306
internal_weight=1977.62 413.733 1563.88 463.05 1100.83 200.842 899.993 648.067 233.5 220.977 251.925 192.756 61.4261 211.219 346.883 332.347 29.2127 21.4897 128.558 68.7876 12.6711 0.618401 12.0527 164.13 155.089 24.498 9.04004 59.7704 24.2672 24.2291
internal_count=2807928 1863976 943952 27553 916399 585609 330790 249680 208471 253358 81110 1610618 232069 77206 10599 9626 522 388 132359 86669 11930 261 11669 32546 30103 23407 2443 45690 15700 15696
is_linear=0
shrinkage=0.05


Tree=99
num_leaves=31
num_cat=0
split_feature=11 8 3 9 9 4 5 4 4 2 3 1 9 8 4 8 6 0 1 4 4 4 9 8 4 8 8 0 3 2
split_gain=84.0299 57.0163 38.7059 50.1655 34.914 38.0882 17.8356 15.4815 13.9682 10.9986 20.8787 16.9746 19.8509 14.4021 11.1707 10.9788 10.7071 11.4488 10.5867 12.9514 10.4737 15.8711 10.1832 18.0156 8.7401 8.70118 7.83441 10.1103 7.68658 14.2179
threshold=1.0000000180025095e-35 0.50641131401062023 0.89725545048713695 0.64226880669593822 0.43379870057106024 0.59317129850387584 1.0000000180025095e-35 0.80982521176338207 0.55848154425621044 0.74352160096168529 0.73401361703872692 0.7228132188320161 0.47836488485336309 0.41799478232860571 0.89059829711914074 0.44492964446544653 1.0000000180025095e-35 0.15476191043853763 0.55625879764556896 0.52419984340667736 0.90366768836975109 0.84292763471603405 0.73097601532936107 0.50920382142066967 0.91734972596168529 0.64418154954910289 0.80365484952926647 0.23611111193895343 0.8155706822872163 0.65599384903907787
decision_type=2 2 2 2 2 2 2 2 2 2 2 2 2 2 2 2 2 2 2 2 2 2 2 2 2 2 2 2 2 2
left_child=2 7 4 18 5 -1 9 -2 22 10 11 -6 13 -13 -12 -15 17 -11 -4 -20 21 28 -3 -24 -5 -21 27 -19 29 -7
right_child=1 8 3 24 6 20 -8 -9 -10 16 14 12 -14 15 -16 -17 -18 26 19 25 -22 -23 23 -25 -26 -27 -28 -29 -30 -31
leaf_value=-0.04912557400163195 -0.047305304605000417 -0.043963147685787331 0.027051645011543377 0.025553082398961591 -0.0013399867972136545 -0.014399695576090683 0.061972041519072221 -0.0047696244148231716 0.0038266030857829155 0.051914923119995737 -0.042832211426931763 -0.054122102270759379 0.056930916733206854 1.0481548035041512 -0.27389838855522858 0.3969798977480879 0.052175358876141754 -0.33707157911544616 -0.045843152087579921 0.0017629897076565202 -0.049511558790790812 0.054381917864772304 0.94310588999113676 -0.0038610280554910951 0.048854958398174053 0.062080754971483125 0.053101139492167375 -0.039459779370434114 -0.032798046464627986 0.035846533792615938
leaf_weight=83.906183060946205 178.26975581233273 32.324329781637061 42.79726311955892 108.67255788808689 567.80293207729846 43.091945191215927 11.562418852699919 24.308726944655064 142.55073355855711 6.6998087692772996 23.53708399972675 0.12271505257376603 5.8494701058079954 0.090827597072347999 0.53494281804887478 0.2252724325080635 18.827960900773178 0.29384210256102861 14.25158474849013 474.02857702913752 11.453091020492137 12.196071009995647 0.050321365881248137 26.210321501712315 63.905950685846619 6.0553660306613883 2.3575459830462924 9.8952993097991548 21.074878545339743 20.910834707392496
leaf_count=583324 1566301 245546 18920 11351 193607 62718 1104 17778 21368 438 5674 66 294 27 37 37 1143 33 5459 17974 331 2280 32 12951 11327 286 233 1259 9643 16387
internal_value=-0.00315955 -0.023478 0.0021321 0.0107298 -0.00512832 -0.0238168 0.000428973 -0.0422012 -0.00462044 -0.000689456 -0.00234804 -0.0004352 0.0812629 0.405611 -0.0479671 0.584087 0.0253675 -0.000857492 0.00319479 0.00112938 -0.0042856 0.00103934 -0.025174 -0.00204642 0.0341818 0.00252379 -0.0290374 -0.0480425 -0.00660743 0.00201663
internal_weight=1953.86 403.714 1550.14 709.711 840.433 192.633 647.8 202.578 201.136 636.238 598.163 574.091 6.28829 0.438815 24.072 0.3161 38.0745 19.2465 537.133 494.336 108.727 97.2737 58.585 26.2606 172.579 480.084 12.5467 10.1891 85.0777 64.0028
internal_count=2807928 1863976 943952 65317 878635 674683 203952 1584079 279897 202848 199742 194031 424 130 5711 64 3106 1963 42639 23719 91359 91028 258529 12983 22678 18260 1525 1292 88748 79105
is_linear=0
shrinkage=0.05


Tree=100
num_leaves=31
num_cat=0
split_feature=3 7 10 4 8 10 2 5 2 3 6 1 8 9 9 9 7 4 1 2 6 8 7 7 3 4 3 1 2 2
split_gain=76.0309 103.923 51.1964 38.1612 22.8368 25.0158 21.1833 20.1274 17.7415 27.3361 16.9322 12.7279 11.1912 41.4072 10.225 13.8714 10.2982 10.1284 11.5626 23.7222 15.115 10.1976 11.3262 20.2561 9.3851 9.3898 21.2763 42.395 60.786 15.2884
threshold=0.89725545048713695 0.15075758099555972 1.0000000180025095e-35 0.68108487129211437 0.53939977288246166 1.0000000180025095e-35 0.55848154425621044 1.0000000180025095e-35 0.74352160096168529 0.74133810400962841 1.0000000180025095e-35 0.2152509689331055 0.54589802026748668 0.64226880669593822 0.45476087927818304 0.43765547871589666 0.15075758099555972 0.99315068125724804 0.82807883620262157 0.92450141906738292 1.0000000180025095e-35 0.56536731123924266 0.12060606107115747 0.17752101272344592 0.68801230192184459 0.68614074587821972 0.7103942632675172 0.64346247911453258 0.62593284249305736 0.70678734779357921
decision_type=2 2 2 2 2 2 2 2 2 2 2 2 2 2 2 2 2 2 2 2 2 2 2 2 2 2 2 2 2 2
left_child=1 3 17 4 -1 -6 11 8 9 -3 -5 12 13 -7 15 -4 -17 18 19 -2 -20 22 -19 -24 -12 26 27 28 -26 -29
right_child=2 7 14 10 5 6 -8 -9 -10 -11 24 -13 -14 -15 -16 16 -18 21 20 -21 -22 -23 23 -25 25 -27 -28 29 -30 -31
leaf_value=-0.047342892435076313 0.0042158385686120259 -0.0018547995127114751 0.018842595786771849 -0.023286938183131291 -0.043757255083580887 -0.050018357869127998 0.41398251138406233 0.060995402110517939 0.028296083258009655 -0.054856854132712546 -0.048128272774237313 0.023402099816212715 0.15515796822710015 2.9651616014383309 0.037282326697813721 -0.13579460156988352 0.029054757427730338 0.017169140782499672 0.015712339377315448 0.078112533335242096 -0.011495704870030023 0.050343397466380183 -0.12414371516880784 0.01330622781750148 -0.050048687990138063 0.023944455897138076 0.071846630345169499 -0.050087815129670345 6.3947077668624344 1.2358339023054123
leaf_weight=247.57583578872436 205.02037331442989 633.72648337892315 38.676590306829894 65.510059902189823 10.142126230850408 0.03635955664503665 0.42964053303876504 12.996605281077789 45.791434330392804 25.298241966629575 4.7005365634904583 6.6895972777128918 1.5793782566688603 0.016578143462538719 147.54326032471727 2.675787982880137 1.4666773509234188 61.665655114222318 62.238317121067666 11.467836514988447 283.82649805994879 18.336768431123346 4.2145853992551547 7.3636746164411306 0.0069241313176452435 34.22070790372527 0.40987533893348882 0.057111630027065985 0.0077581839577760547 0.03882808810158167
leaf_count=2105445 126942 330038 1168 90079 67821 137 21 1109 2800 3953 10063 2813 612 1 20635 49 49 2192 4816 287 18037 1446 98 215 30 15765 1110 170 20 7
internal_value=-0.00304105 -0.0117709 0.00821871 -0.0332411 -0.0432993 0.00968652 0.0716222 -0.000661407 -0.00179834 -0.00388941 -0.00770376 0.053947 0.179127 0.894225 0.0310397 0.00952902 -0.0774282 0.00157749 -0.000932821 0.0081303 -0.00660245 0.0169976 0.00864938 -0.0367267 0.0181788 0.0271503 0.237921 0.853259 3.35538 0.470342
internal_weight=1933.73 1089.23 844.496 371.421 266.47 18.8937 8.75155 717.813 704.816 659.025 104.952 8.32191 1.63232 0.0529377 190.362 42.8191 4.14247 654.134 562.553 216.488 346.065 91.5807 73.2439 11.5783 39.4417 34.7412 0.520497 0.110622 0.0146823 0.0959397
internal_count=2807928 2631994 175934 2294094 2176850 71405 3584 337900 336791 333991 117244 3563 750 138 21901 1266 98 154033 150082 127229 22853 3951 2505 313 27165 17102 1337 227 50 177
is_linear=0
shrinkage=0.05


Tree=101
num_leaves=31
num_cat=0
split_feature=11 7 8 4 4 9 2 10 8 7 4 5 7 13 8 10 4 4 9 3 8 7 9 4 2 3 7 4 9 7
split_gain=74.929 58.3941 34.0232 39.2252 33.6944 21.9991 13.5857 13.0442 13.069 38.8033 12.6895 12.5167 9.31971 8.75155 9.2789 13.5121 10.0465 8.38831 11.4238 7.79946 7.77767 17.9313 18.2941 19.5879 12.8106 24.9353 18.0957 11.6931 18.383 16.1699
threshold=1.0000000180025095e-35 0.16064515709877017 0.6975214183330537 0.76506900787353527 0.45867486298084265 0.44106067717075353 0.95311355590820324 1.0000000180025095e-35 0.17295821756124499 0.075498577207326903 0.55848154425621044 1.0000000180025095e-35 0.36939570307731634 1.0000000180025095e-35 0.97413599491119396 1.0000000180025095e-35 0.51191151142120372 0.28759399056434637 0.7807200849056245 0.32305502891540533 0.51628047227859508 0.16064515709877017 0.45622551441192633 0.91734972596168529 0.41223156452178961 0.49253065884113317 0.26794873178005224 0.62316370010375988 0.29800449311733251 0.11882352828979494
decision_type=2 2 2 2 2 2 2 2 2 2 2 2 2 2 2 2 2 2 2 2 2 2 2 2 2 2 2 2 2 2
left_child=2 6 4 13 5 -1 -2 8 -6 -10 12 19 -3 14 -4 -16 -17 -7 -19 -9 21 27 23 24 -23 26 -26 28 -11 -29
right_child=1 10 3 -5 7 17 -8 11 9 20 -12 -13 -14 -15 15 16 -18 18 -20 -21 -22 22 -24 -25 25 -27 -28 29 -30 -31
leaf_value=-0.045750512221711635 -0.04834610899128039 -0.044721374842188133 0.0063992491128524098 0.040354787424239293 0.0027901715592683384 0.0037962816066485269 0.0061641778723761738 -0.01190737744575183 -0.050799750339259375 -0.34772995418839009 0.0019743262374985102 0.037553526790582749 -0.0047169425039763528 0.044598663066904153 0.033934243175831984 -0.060884784543483228 0.022655142313809204 -0.033939505112231483 0.013902769661745421 0.011426298390687185 -0.011738058891232663 -0.050893110971081061 0.011183094849767016 -0.057049806757746305 0.16631154464998121 0.10924235597086947 0.7915747805052793 0.026053844574300766 -0.050118355969988065 -0.038305572912589327
leaf_weight=64.138444240772515 158.99916993963416 30.006971548777074 301.39274719479727 104.71123968285974 416.03048103807669 59.795510198855482 12.315935095743042 45.993802314653294 50.442969636715134 0.58165029637166199 158.40458780574409 37.764365999959409 28.27948066224053 13.679307659855111 7.6746964617632356 17.080609847791496 4.5595684908330432 49.999274633541063 16.626827261410654 161.78856917256053 86.768259446522279 1.1280306036060199 31.915006881827139 2.1331501044332972 0.2269024273409731 9.299526127666466 0.23614213074324653 21.112531914826832 4.8071770746755647 18.148742132965708
leaf_count=453250 1598688 197231 9104 16954 42167 45690 11930 44660 166229 608 21289 3904 34838 973 134 95 293 86452 217 32546 10359 999 4218 38 77 512 6 4679 17584 2204
internal_value=-0.00299036 -0.0226122 0.00199211 0.0135564 -0.00282142 -0.0218994 -0.0444273 0.00127089 -0.00247365 -0.0121293 -0.00536526 0.0110739 -0.025312 0.0054083 0.00378724 -0.0230674 -0.043283 -0.00979889 -0.0220003 0.00626126 -0.00106854 0.00926506 0.0315622 0.0815017 0.10864 0.127073 0.485181 -0.0131762 -0.0822415 -0.00369665
internal_weight=1916.04 388.006 1528.04 449.098 1078.94 190.56 171.315 888.377 642.831 226.8 216.691 245.547 58.2865 344.387 330.708 29.3149 21.6402 126.422 66.6261 207.782 176.357 89.5889 44.9388 13.0238 10.8906 9.76257 0.463045 44.6501 5.38883 39.2613
internal_count=2807928 1863976 943952 27553 916399 585609 1610618 330790 249680 207513 253358 81110 232069 10599 9626 522 388 132359 86669 77206 41284 30925 5850 1632 1594 595 83 25075 18192 6883
is_linear=0
shrinkage=0.05


Tree=102
num_leaves=31
num_cat=0
split_feature=11 7 4 7 7 0 5 7 4 10 1 10 1 4 9 1 1 2 9 9 9 9 4 4 6 2 4 1 4 1
split_gain=69.351 56.6482 31.9578 39.7782 29.902 47.0746 16.9301 13.515 28.1399 27.0094 15.1584 18.2299 13.4765 11.7867 11.7236 14.3821 11.1847 10.6727 10.2021 9.07346 9.00596 8.64066 9.72321 8.48622 14.0199 10.1052 10.5778 9.68698 12.6725 18.8962
threshold=1.0000000180025095e-35 0.16064515709877017 0.84292763471603405 0.19292803853750232 0.10912698507308961 0.29285715520381933 1.0000000180025095e-35 0.11269841343164445 0.90366768836975109 1.0000000180025095e-35 0.77459675073623668 1.0000000180025095e-35 0.96362435817718517 0.55848154425621044 0.25547912716865545 0.78629976511001598 0.84680575132370006 0.93440860509872448 0.49618232250213629 0.73097601532936107 0.47836488485336309 0.50641131401062023 0.70659971237182628 0.71010184288024913 1.0000000180025095e-35 0.31851120293140417 0.30245855450630194 0.76533168554306041 0.51316702365875255 0.77032968401908886
decision_type=2 2 2 2 2 2 2 2 2 2 2 2 2 2 2 2 2 2 2 2 2 2 2 2 2 2 2 2 2 2
left_child=2 12 4 7 5 16 -6 20 10 -10 11 -9 -2 19 15 17 -1 23 -16 -3 -4 22 -20 24 25 26 -7 -27 29 -29
right_child=1 13 3 -5 6 14 -8 8 9 -11 -12 -13 -14 -15 18 -17 -18 -19 21 -21 -22 -23 -24 -25 -26 27 -28 28 -30 -31
leaf_value=-0.045500452146114236 -0.048221151943876855 -0.043719655280499814 0.0054016444639777613 0.039735550389416868 0.0018545760892985424 0.80495329470903165 0.034871789122152053 0.0063281350990849741 -0.16343573359724045 0.0042859022312721129 0.040466168234291083 -0.33009901141404857 0.0062045592789457087 0.0018759099922425256 -0.031390109126113327 -0.0081185663908874359 0.11500800002565464 0.099064878808077239 -0.029441075753609547 -0.0037471815118749405 0.060720486115567421 0.014949068891706559 0.32954390348231133 -0.0045149350852443327 0.048894292960938703 -0.026712519547691483 0.1104571774085515 1.7767726253536908 0.072110623060347809 -0.050073029402058926
leaf_weight=95.351376035312569 151.71343623414577 29.764947572584788 204.55137896176893 112.11730924580479 741.05510923928523 0.058471943397310322 40.972333678626455 1.0729308485751996 5.9580250310245884 4.0198864738922566 10.347246937453745 0.64456229005008925 12.295657357070011 158.37988211360062 48.502268810039823 149.56628646858735 1.0978455057338568 3.8166987001895896 0.30151511985604784 27.143088527926011 7.6318956523900843 3.8281681330045103 0.50378673721570522 36.752921423118096 29.505511911389476 16.21598484458082 0.87959817409864627 0.027369143936083584 1.7150825116550548 0.029317895779968239
leaf_count=619134 1598855 218168 5194 17889 173167 39 4099 68 69 397 173 8 11763 21289 95521 2659 78 18 305 13901 226 809 51 2543 7612 12977 408 33 398 77
internal_value=-0.00288038 -0.0220023 0.00190221 0.0152438 -0.00204655 -0.0133915 0.00358443 0.00352025 -0.0337433 -0.0958643 0.0176327 -0.11993 -0.0441409 -0.00513692 -0.00337905 0.00135158 -0.0436734 0.0172662 -0.0246185 -0.0246542 0.00739138 0.0462656 0.195135 0.0136012 0.0273489 -0.00624059 0.153747 -0.014584 0.0964213 0.831949
internal_weight=1895.82 379.297 1516.52 346.343 1170.18 388.152 782.027 234.226 22.0427 9.97791 12.0647 1.71749 164.009 215.288 291.703 238.567 96.4492 89.001 53.1357 56.908 212.183 4.63347 0.805302 85.1843 48.4313 18.9258 0.93807 17.9878 1.77177 0.056687
internal_count=2807928 1863976 943952 24024 919928 742662 177266 6135 715 466 249 76 1610618 253358 123450 26764 619212 24105 96686 232069 5420 1165 356 24087 21544 13932 447 13485 508 110
is_linear=0
shrinkage=0.05


Tree=103
num_leaves=31
num_cat=0
split_feature=11 8 5 8 8 4 9 4 2 5 1 1 9 0 2 8 1 8 8 4 2 4 9 1 4 9 9 8 9 13
split_gain=64.1608 50.6789 29.6116 40.2113 16.516 20.5486 19.7773 15.9562 13.2779 11.2199 8.50235 8.29614 13.6739 15.0532 9.94419 13.2665 9.78987 37.5565 647.285 7.92207 7.71282 6.91129 8.41456 6.74852 11.3647 14.1233 43.1625 6.62487 6.54275 7.28749
threshold=1.0000000180025095e-35 0.50641131401062023 1.0000000180025095e-35 0.45622551441192633 0.6975214183330537 0.45867486298084265 0.44106067717075353 0.71010184288024913 0.81120249629020702 1.0000000180025095e-35 0.2152509689331055 0.99056604504585277 0.70139563083648693 0.70833334326744091 0.68801230192184459 0.73186674714088451 0.69028213620185863 0.57212206721305858 0.56536731123924266 0.84292763471603405 0.44920890033245092 0.89059829711914074 0.81844761967659008 0.21114551275968554 0.2237871661782265 0.71471861004829418 0.60169798135757457 0.22687723487615588 0.71471861004829418 1.0000000180025095e-35
decision_type=2 2 2 2 2 2 2 2 2 2 2 2 2 2 2 2 2 2 2 2 2 2 2 2 2 2 2 2 2 2
left_child=2 7 4 20 5 6 -1 -2 28 11 23 12 13 14 -3 16 17 18 -16 -13 -4 22 -21 -8 25 26 -25 -12 -6 -30
right_child=1 9 3 -5 8 -7 10 -9 -10 -11 27 19 -14 -15 15 -17 -18 -19 -20 21 -22 -23 -24 24 -26 -27 -28 -29 29 -31
leaf_value=-0.044807088237107773 -0.048727934690657893 -0.040270719216056364 0.12865886727115675 0.040308626428763178 0.024618170859681394 -0.0015876598990617191 0.0067579828711989507 -0.011902515465065572 0.035742460639724492 0.018653571613323892 0.34910553942799194 -0.019746679107368492 0.005768399593022085 0.74612704213252323 -0.050101934387421936 0.40469955810949793 -0.0011932161269652109 -0.051124724677999459 17.414240966364805 -0.055086852387821642 0.0022218216817522451 -0.0081103204132619826 -0.20154078197052983 -0.050078354751499021 -0.035662858368821618 0.10636422238691781 1.2711752526687352 -0.018062971934695009 -3.5333195177143723e-05 0.042593198925864904
leaf_weight=57.881072544252675 138.22552261985402 37.494268215210468 1.2128402183880087 106.7829804495268 33.808210168106598 626.72353793170987 33.085832403943641 37.367540346109308 35.907174821128137 43.070892784155149 0.12302211136557062 12.528424125688618 87.156568849168252 0.062763194597208805 0.072260447217556201 0.21580807091959364 8.9160983467227179 0.21198059250309598 0.0057259758686996056 1.9755277981748798 218.95057449364685 1.7416563443839548 1.947766453027725 0.13582744664745294 0.71633351564378245 0.62799074174836278 0.1134333381196484 89.475532269032556 292.33344976912485 10.38180794380605
leaf_count=452974 1511461 252904 137 17220 2556 323298 27603 72618 5216 1200 4 277 22446 20 279 8 2559 109 22 21 3737 29 23 318 1096 9 34 103263 5977 510
internal_value=-0.00276878 -0.0213968 0.00181324 0.0151303 -0.00187245 -0.00588407 -0.020666 -0.0408912 0.00684039 -0.0038785 -0.00942252 -0.0102494 -0.00595207 -0.0276962 -0.0287314 0.0171892 0.00810518 0.294019 1.23218 -0.0419329 0.00291834 -0.0909991 -0.127796 0.0115986 0.1121 0.232758 0.551196 -0.0175588 0.00375653 0.00142664
internal_weight=1879.25 370.993 1508.26 326.946 1181.31 808.883 182.159 175.593 372.431 195.4 124.278 152.329 134.135 46.9789 46.9161 9.42187 9.20607 0.289967 0.0779864 18.1934 220.163 5.66495 3.92329 34.6794 1.59359 0.877252 0.249261 89.5986 336.523 302.715
internal_count=2807928 1863976 943952 21094 922858 908599 585301 1584079 14259 279897 132327 278697 278347 255901 255881 2977 2969 410 301 350 3874 73 44 29060 1457 361 352 103267 9043 6487
is_linear=0
shrinkage=0.05


Tree=104
num_leaves=31
num_cat=0
split_feature=11 7 5 9 7 8 1 8 9 8 2 1 8 8 7 2 3 9 10 3 3 3 3 8 8 2 8 8 9 7
split_gain=76.2693 62.0191 27.0884 38.9401 21.1316 45.714 17.0758 28.8074 335.817 235.065 5166.75 17067.7 16.3555 11.3896 9.51782 15.8619 8.88508 8.59792 18.0201 15.9848 13.6573 15.8133 10.1747 9.91212 10.9829 12.3344 16.9587 14.7477 38.0564 9.77678
threshold=1.0000000180025095e-35 0.1863425895571709 1.0000000180025095e-35 0.63661757111549389 0.10912698507308961 0.19530533254146579 0.94641149044036876 0.56536731123924266 0.32666400074958807 0.57212206721305858 0.68801230192184459 0.70678734779357921 0.47643721103668218 0.3081014752388001 0.36602871119976049 0.7228132188320161 0.88493064045906078 0.90377491712570202 1.0000000180025095e-35 0.53907206654548656 0.37089946866035467 0.29217478632926946 0.56294015049934398 0.42441171407699591 0.41394501924514776 0.7228132188320161 0.4226078093051911 0.4226078093051911 0.7807200849056245 0.22902098298072818
decision_type=2 2 2 2 2 2 2 2 2 2 2 2 2 2 2 2 2 2 2 2 2 2 2 2 2 2 2 2 2 2
left_child=2 6 4 -4 5 -1 7 -2 -9 10 -10 -12 16 -6 15 -3 -7 18 23 -20 21 -19 -21 24 -15 27 -27 -26 29 -29
right_child=1 14 3 -5 13 12 -8 8 9 -11 11 -13 -14 17 -16 -17 -18 20 19 22 -22 -23 -24 -25 25 26 -28 28 -30 -31
leaf_value=0.0015453013384880575 -0.048106614528481792 -0.041020448952584568 0.0042139088697874605 0.043688926849774906 0.058682397704592541 -0.047981773224081189 0.0074685953492238796 -17.068919898670327 -0.050005164803789595 -0.037404716651914097 -86.609431541879005 -0.050068954765504173 0.025296604845255512 0.0044398939138675115 0.0029185442646678904 0.0024552057183384567 -0.019200992427860941 0.015321076064057563 -0.00043093859586843333 0.091003917484415359 0.030879173767857551 -0.026282017280103251 0.018484425439607977 -0.015839098991979376 -0.019860418419373877 0.39902504557473878 -0.016071412249446016 -0.050148067838877292 2.4249056991176978 0.44640086473044499
leaf_weight=244.9162606664031 137.14209752224997 41.238209094723061 238.63988183881156 84.627542201837059 9.0348051880209805 89.483207672663411 12.878901516669428 0.0029361502383825613 0.61972002178663377 4.9468811144324718 0.0075054216285934663 0.023608101546415128 10.592764414897827 20.966482442687269 123.48350672528795 42.707072412020352 38.291138184184092 66.912496996112168 289.50986480712891 5.0631746165890936 62.131064140005037 34.67822527140379 108.15578411823662 193.46255303524958 1.9506809025406253 0.65744711065781281 0.39322589320363477 0.19679444040229999 0.020198178011924028 0.19975355389760807
leaf_count=68938 1591175 178877 4668 16426 3537 626455 12050 33 7179 34823 29 50 20088 21080 38380 1380 29229 532 56281 149 5519 272 5457 81388 3105 41 15 694 2 76
internal_value=-0.00324884 -0.0238121 0.00172854 0.014548 -0.00179352 -0.0114337 -0.0476709 -0.0526458 -0.163796 -0.154929 -1.04821 -20.9305 -0.0344072 0.00286396 -0.00591221 -0.0189023 -0.0393568 0.00222096 -0.000467987 0.00579846 0.0124132 0.00111977 0.0217275 -0.0120526 0.0179887 0.101096 0.243671 0.0378211 0.307813 0.199979
internal_weight=1862.93 363.05 1499.88 323.267 1176.62 383.283 155.622 142.743 5.60065 5.59771 0.650834 0.0311135 138.367 793.333 207.429 83.9453 127.774 784.298 620.576 402.729 163.722 101.591 113.219 217.847 24.3846 3.4181 1.05067 2.36743 0.416746 0.396548
internal_count=2807928 1863976 943952 21094 922858 744710 1645339 1633289 42114 42081 7258 79 675772 178148 218637 180257 655684 174611 168288 61887 6323 804 5606 106401 25013 3933 56 3877 772 770
is_linear=0
shrinkage=0.05


Tree=105
num_leaves=31
num_cat=0
split_feature=11 7 4 7 7 0 1 4 9 0 8 1 7 4 10 1 10 8 2 8 1 9 8 9 10 3 3 3 1 4
split_gain=59.553 47.9276 26.052 35.6393 24.2531 42.3501 13.3434 12.8912 17.2352 12.4096 12.2712 13.6126 12.137 24.2511 20.3536 12.7289 12.2183 11.5832 11.2117 11.2097 10.1107 9.87027 9.00251 8.43352 15.2302 13.2383 12.3457 13.9208 9.12869 10.2056
threshold=1.0000000180025095e-35 0.15075758099555972 0.84292763471603405 0.19292803853750232 0.10912698507308961 0.29285715520381933 0.96362435817718517 0.67826876044273388 0.73097601532936107 0.19090909510850909 0.27465948462486273 0.78629976511001598 0.11269841343164445 0.90366768836975109 1.0000000180025095e-35 0.77459675073623668 1.0000000180025095e-35 0.38115416467189794 0.91106721758842479 0.42441171407699591 0.84680575132370006 0.49618232250213629 0.40922380983829504 0.90377491712570202 1.0000000180025095e-35 0.53907206654548656 0.37089946866035467 0.29217478632926946 0.56294015049934398 0.36882591247558599
decision_type=2 2 2 2 2 2 2 2 2 2 2 2 2 2 2 2 2 2 2 2 2 2 2 2 2 2 2 2 2 2
left_child=2 6 4 12 5 20 -2 8 -3 -9 11 18 22 15 -15 16 -14 -6 -7 -11 -1 -12 -4 24 -19 -26 27 -25 -27 -30
right_child=1 7 3 -5 17 10 -8 9 -10 19 21 -13 13 14 -16 -17 -18 23 -20 -21 -22 -23 -24 26 25 28 -28 -29 29 -31
leaf_value=-0.044661081847367931 -0.048185841980788263 -0.045185120834753484 0.0042605888920865904 0.038526539744605806 0.029864558441142178 0.012825307467257319 0.0065288248349851773 0.048786459883095046 -0.0010805428669254033 0.066389847042731306 -0.033999007795889144 -0.0078142540409051817 0.0057186702053781428 -0.14187764584306295 0.0026933785854946855 0.037447115170474408 -0.2519592201164827 -0.012299306800623265 0.097397653426787578 -0.0050540420443539883 0.10491486523841057 0.042145293354012847 0.047740873077831175 0.014526192522394244 -0.0006552139035567087 0.048590079969759323 0.029516408424332903 -0.024419345423607828 -0.17115877664321183 0.014180737695236242
leaf_weight=86.750506929918402 130.7320887932768 39.467961551544846 198.41037019371288 102.21248696057592 38.529369868410868 87.982113114903768 12.181222322396932 14.009126482691498 50.484140603861306 5.8012803331366731 42.578311106291949 150.51241947921517 1.0823093181243191 6.5107737844809872 3.8886078945361078 10.438855995889751 0.80014540348201979 198.72109512693714 4.1014867019839576 102.44607351890591 1.1446930445090391 4.7285719719220642 12.664585856429765 66.523070316761732 280.00476938963402 22.711582983029075 61.24526453926228 35.026201548986137 0.75052134905126777 71.712167771634995
leaf_count=619134 1587984 243088 4695 17889 22379 26865 11724 1958 14754 660 92414 2985 68 69 397 173 8 95728 21 3808 78 1165 725 531 48184 642 5532 282 12 3976
internal_value=-0.00274052 -0.0211392 0.00164742 0.0138987 -0.0019228 -0.0123105 -0.0435222 -0.00606516 -0.0204322 0.00450557 -0.00309277 0.00144986 0.00313177 -0.031591 -0.0878187 0.015866 -0.103808 0.00313954 0.0165922 -0.00122516 -0.0427131 -0.026388 0.00686942 0.00174182 -0.00110745 0.00482055 0.0117863 0.00109316 0.0209303 0.0122611
internal_weight=1844.15 355.122 1489.03 336.008 1153.02 377.798 142.913 212.209 89.9521 122.256 289.903 242.596 233.796 22.7207 10.3994 12.3213 1.88245 775.224 92.0836 108.247 87.8952 47.3069 211.075 736.695 573.9 375.179 162.795 101.549 95.1743 72.4627
internal_count=2807928 1863976 943952 24024 919928 742662 1599708 264268 257842 6426 123450 29871 6135 715 466 249 76 177266 26886 4468 619212 93579 5420 154887 148542 52814 6345 813 4630 3988
is_linear=0
shrinkage=0.05


Tree=106
num_leaves=31
num_cat=0
split_feature=11 7 4 8 7 0 5 1 4 9 8 1 0 8 7 9 8 7 1 7 8 9 1 1 7 1 9 8 4 9
split_gain=55.0451 46.4425 23.7873 34.0261 22.1569 40.4473 13.567 13.1128 11.8888 16.6015 11.366 12.2029 11.1184 10.0324 15.681 14.5611 11.3505 10.0534 10.9919 11.1942 9.87119 9.26744 9.16672 8.24852 8.31123 30.9732 80.9714 8.23221 19.8227 100.419
threshold=1.0000000180025095e-35 0.15075758099555972 0.84292763471603405 0.59102103114128124 0.10912698507308961 0.29285715520381933 1.0000000180025095e-35 0.96362435817718517 0.67826876044273388 0.73097601532936107 0.27465948462486273 0.78629976511001598 0.19090909510850909 0.49285568296909338 0.16064515709877017 0.53171876072883617 0.6975214183330537 0.11269841343164445 0.99056604504585277 0.31909090280532842 0.42441171407699591 0.47089621424674993 0.84680575132370006 1.0000000180025095e-35 0.1695402339100838 0.38742592930793768 0.54587543010711681 0.55891487002372753 0.2237871661782265 0.60169798135757457
decision_type=2 2 2 2 2 2 2 2 2 2 2 2 2 2 2 2 2 2 2 2 2 2 2 2 2 2 2 2 2 2
left_child=2 7 4 -4 5 22 13 -2 9 -3 11 -7 -10 14 -6 -16 17 27 -19 -20 -14 -12 -1 -17 25 -25 -27 -15 29 -29
right_child=1 8 3 -5 6 10 -8 -9 12 -11 21 -13 20 16 15 23 -18 18 19 -21 -22 -23 -24 24 -26 26 -28 28 -30 -31
leaf_value=-0.044254705279792771 -0.048049833376098729 -0.044842811194990513 0.0044730243967323197 0.042147563583157799 -0.011636276534730643 0.015609741268392669 0.032250431217072426 0.0061681246317717943 0.046026599662364255 -0.001027008195040631 -0.034806015981841777 -0.0074402020960419035 0.0614438910237931 -0.012733303015988282 0.044060728715915411 0.13131471528108782 0.0046352128753936895 -0.008195342877414238 -0.088951388651311747 0.022857057881033267 -0.0047945786384579366 0.029195515574631643 0.094868149877924468 -0.050130184519912024 -0.0014124495082613931 3.0478223238176199 -0.050125444510365429 -0.050045986106928092 0.1177585769125235 6.2948684238956298
leaf_weight=83.258483909390634 124.69947980429356 37.822526674355231 254.67765959943063 78.375279520347249 41.576380917220376 92.961954359758238 37.694558891234919 12.247137019163345 14.104221297078764 50.460539252671879 39.636412912128435 150.18399974575732 5.950831095367902 1.5798570446349907 48.899224620472523 1.2417216137400817 345.80357485660352 239.91846881794481 8.2494916431605798 3.0723653812892726 102.5868337766733 6.5976099048712049 1.2010956057929423 0.24129671629634586 41.937336621718714 0.032275052930344827 0.060875175433466211 0.029885436713812275 2.0270789409114514 0.0078802945208735764
leaf_count=619134 1587984 243088 8347 15677 71615 26886 4099 11724 1958 14754 90764 2985 660 3835 15503 136 10668 62725 113 219 3808 2815 78 433 6822 18 61 100 907 12
internal_value=-0.00263217 -0.0205282 0.00157636 0.0133387 -0.00184142 -0.0118336 0.00299497 -0.0432011 -0.00580747 -0.0197987 -0.00294855 0.00137248 0.00426405 0.00149394 0.0138652 0.0253383 -0.00126558 -0.00927121 -0.0104672 -0.0586104 -0.0011629 -0.025673 -0.0422762 0.0042985 0.000567438 0.248832 1.02326 0.0731744 0.138904 1.2739
internal_weight=1827.14 347.872 1479.26 333.053 1146.21 373.84 772.372 136.947 210.925 88.2831 289.38 243.146 122.642 734.678 133.989 92.4127 600.689 254.885 251.24 11.3219 108.538 46.234 84.4596 43.5135 42.2718 0.334447 0.0931502 3.6447 2.06484 0.0377657
internal_count=2807928 1863976 943952 24024 919928 742662 177266 1599708 264268 257842 123450 29871 6426 173167 94588 22973 78579 67911 63057 332 4468 93579 619212 7470 7334 512 79 4854 1019 112
is_linear=0
shrinkage=0.05


Tree=107
num_leaves=31
num_cat=0
split_feature=11 7 4 7 8 4 5 9 7 7 1 7 4 9 0 8 8 8 13 9 1 0 10 4 1 1 8 4 7 0
split_gain=50.3499 44.952 22.5329 20.8601 34.0102 20.75 20.1729 14.8941 15.7417 15.375 12.8845 11.5415 10.9579 15.9746 9.95738 9.8391 9.50307 8.70641 8.60189 8.5478 8.13373 9.32361 7.3238 6.98187 11.7801 24.8864 12.1204 10.4597 6.85744 6.79704
threshold=1.0000000180025095e-35 0.15075758099555972 0.99315068125724804 0.10912698507308961 0.19530533254146579 0.62575301527977001 1.0000000180025095e-35 0.47643721103668218 0.12060606107115747 0.17752101272344592 0.96362435817718517 0.056349206715822227 0.67826876044273388 0.73097601532936107 0.19090909510850909 0.44865803420543676 0.3081014752388001 0.42441171407699591 1.0000000180025095e-35 0.57979589700698864 0.80350878834724437 0.70833334326744091 1.0000000180025095e-35 0.78629976511001598 0.13446328043937686 0.12632978707551959 0.92546296119689953 0.75147059559822094 0.10172414034605028 0.63333335518836986
decision_type=2 2 2 2 2 2 2 2 2 2 2 2 2 2 2 2 2 2 2 2 2 2 2 2 2 2 2 2 2 2
left_child=2 10 3 4 20 19 16 8 -4 -10 -2 15 13 -3 23 -7 -5 -16 -18 -6 21 -1 -17 24 25 27 -26 -14 -13 -8
right_child=1 12 7 6 5 11 29 -9 9 -11 -12 28 14 -15 17 22 18 -19 -20 -21 -22 -23 -24 -25 26 -27 -28 -29 -30 -31
leaf_value=0.0059604008182345299 -0.047906322051725944 -0.044487579064946957 0.016987760253010579 0.052521192669967111 -0.051801282353481616 -0.036264270432010901 0.05643278276015834 0.049701518158477065 -0.13247079255128943 0.051384228720569913 0.0058291296098506758 0.018247213160367797 -0.051177821694932374 -0.00097610315726109507 0.056960191978260681 -0.051966754513640113 0.00091591084986129302 -0.0045487370735017973 0.043474623799659003 0.072246798285557134 -0.005657498542072887 0.056335750104460174 0.092898797881759504 0.09078882666493239 -0.014720864612164476 0.96873165045625531 0.18957081490914796 0.60053228075485865 -0.085275194349236971 0.020940795276498815
leaf_weight=114.89952402636845 118.96433625917635 36.258017118781339 61.615779724903405 9.2622767528300738 66.342600743537332 36.459489258995745 18.176697205053642 36.329968681209721 3.5430021034553638 1.6745583058800546 12.309749967796959 29.04558104869648 0.31223565617983595 50.438126144290436 6.0944452786497996 1.2856553570964013 766.56618615451589 102.7211564413883 12.059692189330233 1.4184096162207414 248.16883126678295 9.9832557830959541 2.7146712245739764 5.0246470328129353 7.8938570079626498 0.09803465599543415 0.7995726317167281 0.076688954723067582 1.6929179346770968 52.31313381716609
leaf_count=67209 1587984 243088 838 3537 605932 58516 2094 8127 54 106 11724 10010 110 14754 660 1491 173582 3808 1000 666 2504 55 249 135 1677 20 7 9 446 7536
internal_value=-0.00260785 -0.0199218 0.00139873 -0.000297702 -0.00828512 -0.0293994 0.00446668 0.0239336 0.00992642 -0.0734631 -0.0428675 -0.0105503 -0.00555882 -0.0191735 0.0040358 -0.028097 0.00217399 -0.0011038 0.00157508 -0.0492046 -0.000420192 0.00998746 0.0463408 0.0434069 0.0174737 0.256785 0.00406873 0.0773277 0.0125457 0.0300929
internal_weight=1814.54 340.991 1473.55 1370.39 512.011 138.959 858.378 103.163 66.8333 5.21756 131.274 71.1983 209.717 86.6961 123.021 40.4598 787.888 108.816 778.626 67.761 373.052 124.883 4.00033 14.205 9.18039 0.486959 8.69343 0.388925 30.7385 70.4898
internal_count=2807928 1863976 943952 934827 747078 677310 187749 9125 998 160 1599708 70712 264268 257842 6426 60256 178119 4468 174582 606598 69768 67264 1740 1958 1823 139 1684 119 10456 9630
is_linear=0
shrinkage=0.05


Tree=108
num_leaves=31
num_cat=0
split_feature=3 7 4 10 5 10 7 4 4 2 6 2 0 2 1 1 3 9 3 4 9 1 3 0 2 4 1 1 7 4
split_gain=47.5913 66.9417 36.4305 34.9776 18.5025 15.4892 38.9758 12.7109 12.7695 11.439 10.1239 11.941 9.91652 14.5611 12.5442 16.1603 11.9016 9.93711 9.89625 8.46607 8.20113 18.2901 12.1048 10.2652 12.2929 9.54916 17.1817 25.3026 38.1115 25.526
threshold=0.89725545048713695 0.12060606107115747 0.62575301527977001 1.0000000180025095e-35 1.0000000180025095e-35 1.0000000180025095e-35 0.48809523880481726 0.6291005313396455 0.91734972596168529 0.53907206654548656 1.0000000180025095e-35 0.68133461475372326 0.080128207802772536 0.70678734779357921 0.56635218858718883 0.53248947858810436 0.55848154425621044 0.86319074034690868 0.25158227980136877 0.48528139293193823 0.63069993257522594 0.8155706822872163 0.84292763471603405 0.10555555671453477 0.36266924440860754 0.68108487129211437 0.38408851623535162 0.37248718738555914 0.31009615957736975 0.67962265014648449
decision_type=2 2 2 2 2 2 2 2 2 2 2 2 2 2 2 2 2 2 2 2 2 2 2 2 2 2 2 2 2 2
left_child=1 2 -1 -2 5 6 7 -3 20 -7 -4 -12 14 16 15 18 17 -14 -8 -18 23 22 -22 24 -9 26 27 29 -29 -26
right_child=3 4 10 -5 -6 9 12 8 -10 -11 11 -13 13 -15 -16 -17 19 -19 -20 -21 21 -23 -24 -25 25 -27 -28 28 -30 -31
leaf_value=-0.048251530722307506 0.001333273764293896 -0.039896742711176873 -0.022057737553764008 0.02739661921610308 0.060549366588552062 -0.00046298240849111254 0.038663048473103707 -0.023898528743877025 -0.1728092805693289 0.023601229836816732 -0.035877356142849585 0.025538956172403395 -0.033572562017434304 0.030687408733946993 0.064964409298991985 -0.14468746144366326 0.077012998725214388 0.18494268513278933 0.00092943695232266122 -0.072854108999650932 -0.036593116180803548 0.064657063661129929 -0.19990543592516041 -0.014831629570599504 0.021436318618293045 0.035888386435296703 0.053844011771744298 0.26194800258256606 1.5256978878880998 0.6478711997078852
leaf_weight=146.08433938007215 640.61480849081272 93.977659659641802 65.048571294915746 161.0986954934051 11.543715863706892 390.40225770580582 26.20359750327043 5.6376086977179538 1.2211849765153591 56.535520938108675 10.684332970027752 30.526748514217616 1.1517207873548678 9.9088936681655451 12.123486502649028 1.6457495030190319 1.0139000629860664 0.94896621885709453 51.57988967817073 13.352306154556571 27.2190485136307 4.5422627398511386 1.1840020329109382 25.799505399518978 0.69020118064508851 7.4019500217982568 2.1224780774064129 0.16009082082746318 0.095097146579064429 0.21274322703538928
leaf_count=1821065 154033 503571 169098 21901 1156 46878 5127 5036 24 2691 35236 16065 95 237 291 36 82 26 10394 200 1651 66 21 10873 398 859 686 111 9 12
internal_value=-0.00250322 -0.00978492 -0.0320488 0.00657052 -0.00226067 -0.00324698 -0.0122852 -0.0275882 -0.0124251 0.00258103 -0.0097735 0.00961624 0.00980896 -0.0172041 0.0175913 0.0103606 -0.0460226 0.0651397 0.0136411 -0.0622772 -0.00981591 -0.0285027 -0.0434009 0.00480056 0.0358358 0.06736 0.138369 0.293274 0.732891 0.169031
internal_weight=1800.73 999.018 252.344 801.714 746.674 735.13 288.192 170.264 76.2862 446.938 106.26 41.2111 117.929 26.3758 91.5527 79.4292 16.4669 2.10069 77.7835 14.3662 75.065 32.9453 28.4031 42.1197 16.3202 10.6826 3.28061 1.15813 0.255188 0.902944
internal_count=2807928 2631994 2041464 175934 590530 589374 539805 523317 19746 49569 220399 51301 16488 640 15848 15557 403 121 15521 282 19722 1738 1672 17984 7111 2075 1216 530 120 410
is_linear=0
shrinkage=0.05


Tree=109
num_leaves=31
num_cat=0
split_feature=3 7 4 10 5 10 7 4 4 2 6 2 0 2 8 4 8 2 7 9 8 4 2 7 2 8 2 7 4 4
split_gain=43.5142 63.0257 35.8363 32.3664 17.2977 14.2392 36.1446 12.4348 10.5214 10.4319 9.302 10.8594 8.93085 13.527 8.88443 8.68123 9.13324 21.6282 13.5065 8.55079 8.45544 14.028 12.674 11.6309 12.0907 10.9364 13.5951 8.6863 21.0286 13.3926
threshold=0.89725545048713695 0.12060606107115747 0.62575301527977001 1.0000000180025095e-35 1.0000000180025095e-35 1.0000000180025095e-35 0.48809523880481726 0.6291005313396455 0.91734972596168529 0.53907206654548656 1.0000000180025095e-35 0.68133461475372326 0.080128207802772536 0.8029850721359254 0.45983158051967626 0.68908989429473888 0.50802230834960949 1.0000000180025095e-35 0.82085561752319347 0.64226880669593822 0.8825557827949525 0.68108487129211437 0.20169491320848468 0.94427245855331432 0.81120249629020702 0.84168756008148204 0.080816324800252928 0.56696429848670971 0.36882591247558599 0.29459981620311743
decision_type=2 2 2 2 2 2 2 2 2 2 2 2 2 2 2 2 2 2 2 2 2 2 2 2 2 2 2 2 2 2
left_child=1 2 -1 -2 5 6 7 -3 -9 -7 -4 -12 15 -14 -13 16 17 -8 -19 -5 21 22 25 24 -24 -18 -27 28 29 -22
right_child=3 4 10 19 -6 9 12 8 -10 -11 11 14 13 -15 -16 -17 20 18 -20 -21 27 -23 23 -25 -26 26 -28 -29 -30 -31
leaf_value=-0.048047892812539274 0.0012666015876227955 -0.039364294389416438 -0.021345880062763885 0.012779794097781112 0.059655837986114707 -0.00043989575754501038 1.3004629788480848 -0.0094939575892065003 -0.15216804099518533 0.022632998497208956 -0.035243510389332017 0.016862537689065697 -0.032871993137170603 0.061488919481924247 0.12537341846913416 0.049501260895020736 0.027191475466189375 0.052943325614800134 0.50420414732316654 0.036358236890192144 0.18690858272010069 -0.40629821668083921 -0.028959050991535534 0.067149374590385322 0.57699887030545038 0.65090522314365895 0.12994681108192305 0.021506811070766886 0.014103683058348873 0.77558303089203595
leaf_weight=139.53404973234831 640.6189345095554 90.573174714202565 63.887066937917552 65.965088982411544 11.141091494500868 390.34818628327048 0.037014361645560157 74.88053186413228 1.3148761366028328 56.019869099050993 10.341438404349899 28.902990779773976 21.721537034289216 4.602840796345844 2.0180622080224557 16.507075431058183 6.4240659740025867 2.458919839256851 0.17780679464340199 92.190549253078643 0.20704563386971375 0.21956180781125922 32.479369948385283 3.6116363720502696 0.082529246807097389 0.14221681946946763 1.0486063202260991 27.472929627299891 0.81081066260230727 0.1811503937933594
leaf_count=1821065 154033 503571 169098 2633 1156 46878 20 19722 24 2691 35236 15488 487 153 577 377 2068 1477 8 19268 28 6 10385 126 3 21 142 1131 32 24
internal_value=-0.00240878 -0.00942941 -0.031437 0.00626749 -0.00217665 -0.00311862 -0.0118507 -0.0268416 -0.011956 0.00245579 -0.00939429 0.00911047 0.00930272 -0.0163729 0.0239445 0.0166605 0.0094664 0.100223 0.083374 0.0265239 0.00612766 -0.00763789 -0.00563895 -0.0179809 -0.0274232 0.0529899 0.192163 0.0272561 0.158991 0.461612
internal_weight=1785.92 987.146 244.684 798.775 742.463 731.322 284.954 166.769 76.1954 446.368 105.15 41.2625 118.185 26.3244 30.9211 91.8607 75.3537 2.67374 2.63673 158.156 72.6799 44.008 43.7884 36.1735 32.5619 7.61489 1.19082 28.6719 1.19901 0.388196
internal_count=2807928 2631994 2041464 175934 590530 589374 539805 523317 19746 49569 220399 51301 16488 640 16065 15848 15471 1505 1485 21901 13966 12751 12745 10514 10388 2231 163 1215 84 52
is_linear=0
shrinkage=0.05


Tree=110
num_leaves=31
num_cat=0
split_feature=11 7 4 4 7 8 8 3 9 7 4 2 1 8 7 7 2 3 7 7 9 3 1 4 4 1 0 4 1 1
split_gain=41.2317 41.7471 20.1418 19.4258 16.7776 36.2123 15.8705 14.7883 14.2997 13.9763 12.0726 11.4148 205.646 1068.76 11.0919 13.4842 10.6591 10.4992 9.74874 9.27139 189.429 8.13838 14.0813 10.3552 8.65459 8.05691 8.06659 7.86939 21.4748 14.2347
threshold=1.0000000180025095e-35 0.10435571894049646 0.55848154425621044 0.99315068125724804 0.087595909833908095 0.19530533254146579 0.44865803420543676 0.88067796826362621 0.50133690237998974 0.36939570307731634 0.66287881135940563 0.69282051920890819 0.65166836977005016 0.56536731123924266 0.12060606107115747 0.17752101272344592 0.46247655153274542 0.97014260292053234 0.056349206715822227 0.10620300844311716 0.3215534389019013 0.86729559302330028 0.78629976511001598 0.90366768836975109 0.76506900787353527 0.80350878834724437 0.70833334326744091 0.59675306081771862 0.61633428931236278 0.62418830394744884
decision_type=2 2 2 2 2 2 2 2 2 2 2 2 2 2 2 2 2 2 2 2 2 2 2 2 2 2 2 2 2 2
left_child=3 -2 9 4 5 25 10 21 14 11 -7 -3 13 -13 -5 -16 -9 -18 -12 20 -4 22 -6 24 -23 26 -1 28 -19 -30
right_child=1 2 19 8 7 6 -8 16 -10 -11 18 12 -14 -15 15 -17 17 27 -20 -21 -22 23 -24 -25 -26 -27 -28 -29 29 -31
leaf_value=0.0063155316681019263 -0.047919737449350512 -0.045675104810530116 5.0126938110968871 0.015917070720430724 -0.00093541730622283498 -0.054204270213951515 0.024211167506616046 0.050422907027704605 0.050117424371530134 -0.0031751213081965463 -0.034154514841958999 -0.050024017273425508 -0.052804673063612445 -21.484302159480841 -0.10765009803702603 0.051186990614217436 0.046082562984272851 0.034496243577384365 0.019199184008806786 0.001211396944790068 -0.051539165734925577 -0.090091013166192335 0.03589164107459316 -0.21485499217084728 0.056027347936102881 -0.0055087016552341625 0.053057385529023615 0.012445628560069113 -0.24557827227559731 -0.042200210518805459
leaf_weight=113.95255267552761 87.639889727702212 38.944063945637112 0.019749294202482726 61.041803664993495 618.18031880503622 57.190513863559318 10.933078226174983 19.54861917407834 32.06316998047987 27.383066524409514 29.895426148126717 0.034489629248127041 0.7908569242390513 0.0069952295452821991 4.0408663363195947 1.99625519500114 19.959405840520049 12.014211226603949 11.997687272218171 168.47201141245083 0.28404764327569865 2.4398965792061054 27.094353416890954 0.91836204752326001 1.7333048633881842 247.92866556860099 10.04392380826175 148.17402708693407 0.91098972380860033 15.480216638636191
leaf_count=67164 1273205 501888 21 849 207799 558484 30814 1188 8058 34838 41282 413 1677 32 67 151 2566 1019 4299 50434 1468 134 1975 53 171 2502 55 14375 36 911
internal_value=-0.00231659 -0.0184524 -0.0075065 0.00129032 -0.000280282 -0.00775856 -0.0329585 0.00387931 0.0226515 -0.0306657 -0.0392667 -0.0495909 -0.232806 -3.6643 0.00952295 -0.0551285 0.0152117 0.0117094 -0.0188747 0.00170904 0.277678 0.000114073 0.000610909 -0.062852 -0.029402 -0.000304335 0.0101017 0.00782411 -0.0162836 -0.0535035
internal_weight=1771.11 323.575 235.935 1447.54 1348.4 481.942 110.017 866.454 99.1421 67.1595 99.0836 39.7764 0.832342 0.0414849 67.0789 6.03712 216.087 196.539 41.8931 168.776 0.303797 650.366 645.275 5.09156 4.1732 371.925 123.996 176.579 28.4054 16.3912
internal_count=2807928 1863976 590771 943952 934827 704600 634879 230227 9125 538848 604065 504010 2122 445 1067 218 20095 18907 45581 51923 1489 210132 209774 358 305 69721 67219 16341 1966 947
is_linear=0
shrinkage=0.05


Tree=111
num_leaves=31
num_cat=0
split_feature=11 7 4 7 8 4 5 9 4 7 7 7 5 9 8 8 9 13 9 1 4 7 4 4 1 0 2 7 2 10
split_gain=36.7909 42.1912 17.944 15.2564 27.9217 18.5848 16.223 13.9846 11.6431 9.93457 9.84149 11.4094 9.63788 9.42815 8.47457 8.39968 8.19004 7.94968 7.79341 13.9191 13.6171 10.6343 8.97935 8.56514 7.19781 7.26566 6.81056 6.84119 12.7094 6.78569
threshold=1.0000000180025095e-35 0.13188406080007556 0.99315068125724804 0.10912698507308961 0.19530533254146579 0.62575301527977001 1.0000000180025095e-35 0.50133690237998974 0.88067796826362621 0.056349206715822227 0.12060606107115747 0.17752101272344592 1.0000000180025095e-35 0.53866082429885875 0.3081014752388001 0.44865803420543676 0.57979589700698864 1.0000000180025095e-35 0.73097601532936107 0.91476997733116161 0.65419578552246105 0.59166666865348827 0.89059829711914074 0.85912698507308971 0.80350878834724437 0.70833334326744091 0.77032968401908886 0.22474747896194461 0.74133810400962841 1.0000000180025095e-35
decision_type=2 2 2 2 2 2 2 2 2 2 2 2 2 2 2 2 2 2 2 2 2 2 2 2 2 2 2 2 2 2
left_child=2 8 3 4 24 16 14 10 -2 15 -4 -12 18 -10 -5 -7 -6 -16 20 -20 -3 -22 23 -21 25 -1 27 28 -14 -17
right_child=1 12 7 6 5 9 -8 -9 13 -11 11 -13 26 -15 17 29 -18 -19 19 22 21 -23 -24 -25 -26 -27 -28 -29 -30 -31
leaf_value=0.0059060624239903846 -0.049057367597544276 -0.046460409996720527 0.015281481537182867 0.049421950392913416 -0.051233928894270066 -0.034897848950931266 0.027603438190190913 0.049962269076560761 -0.01943336747172697 0.011323798023154603 -0.095976800649105187 0.051129476871251273 0.10562235683583865 0.096480412112453284 0.00061518135663769205 -0.051946608001239236 0.071476997837510062 0.042871652236759129 0.0070011152891408957 -0.041614589422497072 -0.0035833325383162876 0.3141310960126909 0.019450072353453408 -0.13983365996803088 -0.0052388049018267102 0.050160589432265756 0.0068076830095098644 0.037655731588795816 0.59019605508803219 0.090704526089050719
leaf_weight=114.59079215240467 94.185008088809212 33.398949003413009 60.417917996644974 9.2340439923500508 56.713202424449264 33.894578252853535 66.123841754626483 30.591796532680746 7.0939829716662626 30.631445115650422 4.2985242786817244 1.9009788106195626 1.0385617839492614 2.3306038348528091 758.0409716374852 1.242914059046597 1.3931531371345034 11.296063476009293 80.993882018010481 10.763427734375002 32.192155315430369 0.26554860174655814 4.5283157378435126 2.7962940931320182 248.01862717257609 10.091479182243345 42.487867510702927 5.968622796368436 0.155586817418225 2.5317456964694429
leaf_count=67209 1503724 328512 849 3537 605932 58516 9630 8058 5155 10456 67 151 217 34 173582 1491 666 1000 15256 78 9640 3 99 27 2504 55 1099 112 20 249
internal_value=-0.00216584 -0.0175533 0.00123195 -0.000268709 -0.00719948 -0.0275061 0.0038265 0.0219768 -0.0437553 -0.00982286 0.00912543 -0.050869 -0.00490219 0.00923092 0.00180713 -0.0270187 -0.0482918 0.00123563 -0.010716 -0.00185511 -0.0240472 -0.000983992 -0.0415112 -0.0618694 -0.000312171 0.00948792 0.0144111 0.0595126 0.168758 0.0437326
internal_weight=1759.21 318.199 1441.01 1343.8 499.108 126.407 844.695 97.2092 103.61 68.3007 66.6174 6.1995 214.589 9.42459 778.571 37.6692 58.1064 769.337 164.939 99.0819 65.8567 32.4577 18.088 13.5597 372.701 124.682 49.6506 7.16277 1.19415 3.77466
internal_count=2807928 1863976 943952 934827 747078 677310 187749 9125 1508913 70712 1067 218 355063 5189 178119 60256 606598 174582 353615 15460 338155 9643 204 105 69768 67264 1448 349 237 1740
is_linear=0
shrinkage=0.05


Tree=112
num_leaves=31
num_cat=0
split_feature=3 7 2 10 5 6 2 3 11 9 8 1 9 8 2 1 7 12 7 8 1 8 1 2 1 1 0 1 6 8
split_gain=33.9204 53.917 29.0252 28.1896 15.3539 15.1236 11.4149 21.5152 12.1849 15.6018 8.3496 8.11276 7.70653 7.16421 7.55563 6.9568 12.8983 11.3965 8.84516 10.033 6.96675 9.0947 13.3095 7.08959 6.75092 9.3868 8.18246 9.85617 6.59167 6.58682
threshold=0.89725545048713695 0.12060606107115747 0.68133461475372326 1.0000000180025095e-35 1.0000000180025095e-35 1.0000000180025095e-35 0.77485185861587536 0.77871939539909374 1.0000000180025095e-35 0.81844761967659008 0.45983158051967626 0.86729559302330028 0.64226880669593822 0.44255042076110845 0.70678734779357921 0.55848154425621044 0.36939570307731634 1.0000000180025095e-35 0.11651583760976793 0.3390821665525437 0.62575301527977001 0.7729182541370393 0.61633428931236278 0.61435899138450634 0.34178434312343603 0.43288289010524755 0.29285715520381933 0.32757078111171728 1.0000000180025095e-35 0.44110105931758886
decision_type=2 2 2 2 2 2 2 2 2 2 2 2 2 2 2 2 2 2 2 2 2 2 2 2 2 2 2 2 2 2
left_child=1 2 -1 15 6 -4 7 8 11 -10 -7 13 -5 14 29 16 17 24 -19 -20 21 -17 23 -23 26 -26 27 -2 -11 -3
right_child=3 4 5 12 -6 10 -8 -9 9 28 -12 -13 -14 -15 -16 20 -18 18 19 -21 -22 22 -24 -25 25 -27 -28 -29 -30 -31
leaf_value=-0.041189709279756764 0.24276806756681482 0.010642011269155392 -0.025606713586758069 0.012130840268937805 0.058308841896974863 0.015498762481555559 0.023874020933278881 -0.061655657724925234 -0.037020903053581189 0.01667699572151847 0.11384834336592004 0.20809007230249874 0.035047492305765315 -0.0020687868615482663 0.09748260997593293 -0.014226509425350392 0.071232982217351928 -0.050476011287253042 0.1839122901161272 0.00026180917362096239 0.000698314531479879 -0.11401529852818018 -0.23728665447895711 0.063513904157215986 -0.037928966173496254 0.050773745433286194 0.088709818428681753 1.0811367342858242 -0.037990975753444824 0.1634585262568673
leaf_weight=160.46901656045631 0.17024064963334518 47.795840909901131 32.768373908998939 64.546093557131826 10.466909060676697 30.161520178771752 38.315541041978804 15.898775627753478 53.621687466855747 28.046368951996556 2.3243511188811672 0.46723494131583621 84.992151570040733 529.56437788894982 2.7919978806021382 22.523206921170644 9.5638323495950299 10.433590248860147 0.79589177147135792 11.337328042406607 562.88259806463611 1.1923102359287439 1.1838180748745797 1.0644155009649692 4.1418557840806889 10.655411955143789 1.8073881165473722 0.044148740824311972 6.863416700391098 0.71569878340960613
leaf_count=1911884 103 39291 103296 2633 1156 25238 2894 5485 443782 3827 1046 46 19268 93328 169 20469 223 63030 236 3954 63534 45 18 14 757 1346 286 18 38 514
internal_value=-0.00207604 -0.0083836 -0.0297562 0.00561697 -0.00181589 -0.00163975 -0.00268502 -0.00416894 -0.00280454 -0.0200849 0.0225356 -0.000172924 0.0251558 -0.000340445 0.0174998 0.00103586 0.0191476 0.0065 -0.0167194 0.0123086 -0.000469729 -0.0257924 -0.101507 -0.0302812 0.0376544 0.0259453 0.123353 0.415412 0.00592903 0.0128965
internal_weight=1747.61 960.271 225.723 787.334 734.548 65.2542 724.081 685.765 669.867 88.5315 32.4859 581.335 149.538 580.868 51.3035 637.796 48.9497 39.3859 22.5668 12.1332 588.846 25.9638 3.44054 2.25673 16.819 14.7973 2.02178 0.214389 34.9098 48.5115
internal_count=2807928 2631994 2041464 175934 590530 129580 589374 586480 580995 447647 26284 133348 21901 133302 39974 154033 69953 69730 67220 4190 84080 20546 77 59 2510 2103 407 121 3865 39805
is_linear=0
shrinkage=0.05


Tree=113
num_leaves=31
num_cat=0
split_feature=11 9 9 3 4 3 10 6 0 2 2 9 2 3 4 8 4 4 5 3 2 9 4 8 4 4 10 2 4 2
split_gain=31.6681 37.266 16.2524 18.5566 13.5462 12.6518 17.1179 13.13 36.8562 19.3146 17.5945 11.4712 11.6445 10.7224 10.3761 9.86528 9.47451 9.23595 8.82867 8.63052 8.2095 7.69518 21.415 12.2704 7.98743 11.3857 7.98666 8.98694 9.24753 7.64756
threshold=1.0000000180025095e-35 0.51628047227859508 0.90377491712570202 0.46247655153274542 0.71516755223274242 0.91547620296478283 1.0000000180025095e-35 1.0000000180025095e-35 1.0000000180025095e-35 0.68133461475372326 0.55217784643173229 0.43645593523979193 0.41060766577720648 0.26766170561313635 0.99315068125724804 0.84168756008148204 0.36032786965370184 0.93063354492187511 1.0000000180025095e-35 0.24283374845981601 0.23940297961235049 0.81844761967659008 0.32466214895248419 0.73186674714088451 0.44327485561370855 0.29679679870605474 1.0000000180025095e-35 0.24525599926710132 0.29818989336490637 1.0000000180025095e-35
decision_type=2 2 2 2 2 2 2 2 2 2 2 2 2 2 2 2 2 2 2 2 2 2 2 2 2 2 2 2 2 2
left_child=2 4 5 19 -2 7 -7 8 10 -9 11 12 -1 -10 -3 -15 -12 -11 21 20 -4 23 26 24 25 -13 -23 -28 -29 -24
right_child=1 14 3 -5 -6 6 -8 9 13 17 16 18 -14 15 -16 -17 -18 -19 -20 -21 -22 22 29 -25 -26 -27 27 28 -30 -31
leaf_value=-0.038123950822546021 -0.049026917191157413 -0.0059705974191337201 0.01429176552107965 0.034909648047359791 -0.010196826119132169 0.00035794838267688516 0.022420375556976551 -0.019627198266910388 0.51997495161203433 0.031755163896605966 -0.40458605774955797 -0.00035877162549399663 0.025305111959969602 -0.03789249720431162 0.042360364504069326 0.062371225365151772 0.03525767219902505 -0.11092284686182306 0.073915606360544894 -0.0082795416574833174 0.10342960137660727 0.067426018957518624 0.052014618902415904 0.019148483081294979 0.0048444501840694959 -0.034840891881809555 -0.018830106598273364 0.0064322731637216947 0.085846276999793775 -0.042087217215619727
leaf_weight=42.347002496954019 85.842187735132342 179.80532985354481 41.446169400587678 71.485910435207188 30.419962162544834 480.50393228782923 107.60867857577978 31.43085987014274 0.086940990408037488 57.533688421273837 0.12290992069756868 55.986852171703504 8.7269245086317806 103.71465133349557 11.836192584363742 2.5128042290452859 31.581602704711258 1.157057472039013 3.7886926759092594 71.216911928961053 2.7547302283346644 5.2442604517564169 2.2620190642774096 72.335747792560142 103.07091456208946 41.82167763794132 23.160487450659275 13.612342774868013 5.0168784856796256 47.439863704610616
leaf_count=397085 1510875 284709 365 13518 67904 41148 11991 43846 18 6441 138 53273 27308 232885 488 120 2409 52 270 712 22 151 20 2196 34295 74966 108 70 34 511
internal_value=-0.00199049 -0.0165341 0.00114547 0.0148909 -0.038867 -0.000924585 0.00439477 -0.00571571 -0.00855288 0.0120032 -0.00237837 -0.00505995 -0.0272859 -0.0350665 -0.00298557 -0.0355208 0.0335525 0.0289423 -0.00202263 0.00249196 0.0198471 -0.00280031 -0.0149193 0.00149059 -0.00486794 -0.0151029 0.00926402 0.00196518 0.0278186 -0.0378045
internal_weight=1735.87 307.904 1427.97 186.904 116.262 1241.07 588.113 652.954 562.833 90.1216 456.518 424.814 51.0739 106.314 191.642 106.227 31.7045 58.6907 373.74 115.418 44.2009 369.951 96.7359 273.215 200.879 97.8085 47.034 41.7897 18.6292 49.7019
internal_count=2807928 1863976 943952 14617 1578779 929335 53139 876196 825857 50339 592834 590287 424393 233023 285197 233005 2547 6493 165894 1099 387 165624 894 164730 162534 128239 363 212 104 531
is_linear=0
shrinkage=0.05


Tree=114
num_leaves=31
num_cat=0
split_feature=3 7 4 10 5 10 7 4 2 4 9 0 2 1 1 3 9 3 8 8 7 8 8 2 4 9 1 3 1 9
split_gain=28.4769 48.0867 33.9386 23.9489 13.6134 10.5196 29.0345 9.91249 8.56418 8.41413 7.81331 7.80198 11.8668 11.741 13.7096 8.4352 8.76805 7.543 10.2606 11.4936 13.4911 13.5207 24.6542 7.59422 7.51938 7.38423 15.6686 8.94349 8.74912 9.07963
threshold=0.89725545048713695 0.12060606107115747 0.62575301527977001 1.0000000180025095e-35 1.0000000180025095e-35 1.0000000180025095e-35 0.48809523880481726 0.6291005313396455 0.53907206654548656 0.90366768836975109 0.64226880669593822 0.080128207802772536 0.8029850721359254 0.56635218858718883 0.53248947858810436 0.55848154425621044 0.86319074034690868 0.25158227980136877 0.50802230834960949 0.50641131401062023 0.51666668057441723 0.47643721103668218 0.48157843947410589 0.81120249629020702 0.62575301527977001 0.63069993257522594 0.81016731262207042 0.80350878834724437 0.79118219017982494 0.58705621957778942
decision_type=2 2 2 2 2 2 2 2 2 2 2 2 2 2 2 2 2 2 2 2 2 2 2 2 2 2 2 2 2 2
left_child=1 2 -1 -2 5 6 7 -3 -7 25 -5 13 15 14 17 16 -13 18 19 20 21 -8 -23 -19 -20 27 -27 28 29 -9
right_child=3 4 -4 10 -6 8 11 9 -10 -11 -12 12 -14 -15 -16 -17 -18 23 24 -21 -22 22 -24 -25 -26 26 -28 -29 -30 -31
leaf_value=-0.047128663758331052 0.00099041631229131784 -0.036223772767980854 -0.0072035157312025505 0.010544676561927747 0.056521123812788336 -0.00027614346180708006 0.18193010043778035 -0.0050391460577042801 0.020898278469337325 -0.09392747529801411 0.033987114915399089 -0.030345068976223102 0.060479124492131081 0.062979583093501948 -0.13066482994067166 -0.040763955282543708 0.17681153769104146 -0.00031779444320759599 0.014665554217561647 0.91465246168326952 0.017647571720497156 1.485267511654587 -0.050278297124036586 0.42990399251072137 0.084834326584236244 -0.039896196532748819 0.060879244520784276 -0.040664459434664769 0.11466970688290663 0.057651711314090914
leaf_weight=114.66183303265416 636.52876775730419 82.027539231758425 99.346571644022333 63.959913040525862 9.9243326645519101 389.60382753911836 0.21107105820556415 22.203950847071699 54.423897933411354 2.9440988437272599 80.005492203577887 1.1012708659473056 4.2764148807618758 11.369960247888228 1.726548067643306 19.60499121734756 0.952655829489231 51.700449420437508 21.749996408878363 0.051804546572384425 0.64051966273837024 0.065048006435972638 0.043701813869120087 0.10277817398309608 4.6308872454683288 27.346836856959275 4.4904467776650554 8.0296891578182095 2.1953811045968896 7.8061549061094402
leaf_count=1821065 154033 503571 220399 2633 1156 46878 152 14298 2691 59 19268 95 153 291 36 366 26 10393 4550 12 211 12 69 1 121 1664 66 1989 134 1536
internal_value=-0.00190917 -0.00775515 -0.0285947 0.00515573 -0.00163929 -0.00244174 -0.0101213 -0.0242108 0.00231918 -0.0110752 0.0235723 0.00859396 -0.0156358 0.0154028 0.0087181 -0.0306643 0.0657387 0.0117568 0.0329769 0.189205 0.150072 0.415284 0.868199 0.00053577 0.0269829 -0.00769073 -0.0256825 0.00654576 0.0183165 0.0112678
internal_weight=1723.73 943.233 214.008 780.494 729.224 719.3 275.272 157.044 444.028 75.0166 143.965 118.228 25.9353 92.2928 80.9228 21.6589 2.05393 79.1963 27.393 1.01215 0.960341 0.319821 0.10875 51.8032 26.3809 72.0725 31.8373 40.2352 32.2055 30.0101
internal_count=2807928 2631994 2041464 175934 590530 589374 539805 523317 49569 19746 21901 16488 640 15848 15557 487 121 15521 5127 456 444 233 81 10394 4671 19687 1730 17957 15968 15834
is_linear=0
shrinkage=0.05


Tree=115
num_leaves=31
num_cat=0
split_feature=11 7 4 7 7 13 4 7 8 5 8 10 2 7 1 8 4 1 4 8 8 10 7 10 8 4 1 0 8 8
split_gain=27.4877 38.0991 15.014 12.1067 13.1938 11.9506 10.4068 9.82655 32.1012 12.4299 11.2565 10.7126 9.97212 9.18744 8.45189 8.25491 25.4838 12.5007 8.04889 10.8293 7.22522 11.8723 7.80026 8.34258 10.1411 13.3418 11.3444 11.7952 9.26053 8.50509
threshold=1.0000000180025095e-35 0.12060606107115747 0.99315068125724804 0.21240601688623431 0.12060606107115747 1.0000000180025095e-35 0.55848154425621044 0.075498577207326903 0.17295821756124499 1.0000000180025095e-35 0.44865803420543676 1.0000000180025095e-35 0.91106721758842479 0.36939570307731634 0.65419578552246105 0.84168756008148204 0.16807910054922107 0.4654348641633988 0.94826048612594616 0.48993107676506048 0.97413599491119396 1.0000000180025095e-35 0.82085561752319347 1.0000000180025095e-35 0.8825557827949525 0.59675306081771862 0.57932874560356151 0.46428571641445165 0.7729182541370393 0.51628047227859508
decision_type=2 2 2 2 2 2 2 2 2 2 2 2 2 2 2 2 2 2 2 2 2 2 2 2 2 2 2 2 2 2
left_child=2 18 5 4 -4 7 13 8 -1 20 12 -12 -10 15 -14 -3 -17 -18 -2 -20 22 -22 23 24 25 26 27 -9 -28 -27
right_child=1 6 3 -5 -6 -7 -8 9 10 -11 11 -13 14 -15 -16 16 17 -19 19 -21 21 -23 -24 -25 -26 29 28 -29 -30 -31
leaf_value=-0.0002467314161803785 -0.048515190349567611 -0.047416358634960853 0.016410889364260901 0.050199628529396134 -0.061136016758958592 0.044482118806485033 0.001585836038423157 -0.023298219262015137 -0.047188584807322784 0.024222951094617359 -0.05084454171156455 0.070730462757939747 0.25805849060500208 -0.0028912265445439336 -0.0055545479546399235 1.5399959443642954 -0.050695803397823584 0.69265201781038754 -0.025703942666302982 0.15931555442213186 0.028968457681712807 -0.042246235338117222 0.020547255760543254 0.0042669820461816253 0.030595367324999869 0.014144630256622888 -0.050178510661895319 0.053238316159450717 -0.16716058386398003 -0.010613614185833283
leaf_weight=369.24599626394775 76.891116878715366 27.211240046851746 61.913031860021874 25.063598946522688 6.0182279059663406 14.739922145614399 163.38684071418362 65.051897589855798 67.099902113306598 60.545014414354227 2.9429721608248647 4.7147609729836404 0.31158658754429502 27.064719733716629 12.588331887178356 0.031444289255886271 0.36222717569762608 0.067022222210653126 2.9423795530456109 1.0815802301513029 7.966911802301186 22.050658916821703 51.01950132008642 461.20163573592072 16.598472645040601 58.175562987715239 12.346110986425627 5.4561540909489841 1.9603800126351405 85.917544621159323
leaf_count=66065 1400173 385774 922 7888 315 2140 41219 126756 584521 8593 13213 11735 10 34838 3141 18 219 4 1705 26 189 572 2122 94114 521 10816 5693 657 21 3948
internal_value=-0.0018337 -0.0156054 0.00108101 0.020499 0.00954078 -0.000287071 -0.00473548 -0.000792662 -0.0067041 0.00239134 -0.0339049 0.0240075 -0.0394484 -0.0236044 0.000812801 -0.043863 0.166019 0.0653692 -0.0449076 0.0240265 0.00071339 -0.0233453 0.00166648 0.000303417 -0.00714244 -0.00987887 -0.0256126 -0.0173756 -0.0662082 -0.000617822
internal_weight=1711.97 299.039 1412.93 92.9949 67.9313 1319.93 218.123 1305.19 456.904 848.29 87.6576 7.65773 79.9998 54.7367 12.8999 27.6719 0.460694 0.429249 80.9151 4.02396 787.745 30.0176 757.727 706.708 245.506 228.908 84.8145 70.5081 14.3065 144.093
internal_count=2807928 1863976 943952 9125 1237 934827 462072 932687 678685 254002 612620 24948 587672 420853 3151 386015 241 223 1401904 1731 245409 761 244648 242526 148412 147891 133127 127413 5714 14764
is_linear=0
shrinkage=0.05


Tree=116
num_leaves=31
num_cat=0
split_feature=11 7 4 9 4 13 7 7 9 5 9 4 7 7 0 3 9 4 7 2 9 2 2 4 7 9 9 2 7 4
split_gain=25.3317 36.8679 13.8326 12.9526 12.7404 11.2677 10.2406 8.93445 30.5887 11.3863 10.9908 10.6578 8.18175 8.99763 6.62449 10.397 12.4073 11.7004 9.5197 8.71807 11.276 7.68783 58.513 324.382 1873.88 9.67265 296.043 7.54592 7.77846 44.7138
threshold=1.0000000180025095e-35 0.10435571894049646 0.99315068125724804 0.50133690237998974 0.55848154425621044 1.0000000180025095e-35 0.36939570307731634 0.075498577207326903 0.19456735998392108 1.0000000180025095e-35 0.57979589700698864 0.65030118823051464 0.12060606107115747 0.17752101272344592 0.19090909510850909 0.87226107716560375 0.81844761967659008 0.99315068125724804 0.56696429848670971 0.7103942632675172 0.75249087810516369 0.68801230192184459 0.69028213620185863 0.64051282405853283 0.22902098298072818 0.47643721103668218 0.47089621424674993 0.56294015049934398 0.10620300844311716 0.73286384344100963
decision_type=2 2 2 2 2 2 2 2 2 2 2 2 2 2 2 2 2 2 2 2 2 2 2 2 2 2 2 2 2 2
left_child=2 -2 5 12 6 7 -3 8 -1 -9 11 -10 -4 -14 27 19 18 -18 -17 21 -21 -16 23 24 -23 26 -24 28 29 -6
right_child=1 4 3 -5 14 -7 -8 9 10 -11 -12 -13 13 -15 15 16 17 -19 -20 20 -22 22 25 -25 -26 -27 -28 -29 -30 -31
leaf_value=-0.00024484367164515026 -0.047291255459196449 -0.04463040360987483 0.013786971075832898 0.049676730652472655 -0.050291919502630171 0.044136022016725986 -0.0027531158916911068 0.00067842990721603009 -0.053154012702410061 0.023312889316715102 0.10763987637434431 -0.017150197393528493 -0.082131672024049932 0.051106286850137017 -0.042810414496996595 0.012165561092795381 -0.025734062468904525 0.050885524092646545 0.085489910625394239 -0.056759436427705895 0.04119762899925937 -0.050009128102913913 -0.050029977580501164 -0.050301188407757269 -56.621378973062519 -0.075532760262120205 -15.415180135938634 0.063430594272519944 0.0026806591968580721 2.6774333181010461
leaf_weight=370.35605358368207 68.300714911926036 31.779236233376082 58.968743045115843 26.020748201117385 0.083348368767480419 14.128246993757783 27.002931886076112 787.06957244743535 43.199949959142032 59.782956522074528 1.3531687776849128 39.21195560113847 4.6451744721271089 1.7423898753477258 11.978435832521486 65.608990164790157 40.353285077959299 5.6845631301403037 4.7468308527022591 5.0619740208567219 7.0008574686944485 0.0085200399444137487 0.08643884213597619 0.051873049531423021 0.0017674904811428869 1.8395480096369281 0.003252852628065738 8.5837469743273669 16.083450310299668 0.018327390003832988
leaf_count=69444 1273205 504010 849 8058 565 2140 34838 245409 557622 8593 172 51447 67 151 18690 5938 663 335 52 3698 56 111 693 116 7 448 27 956 19551 17
internal_value=-0.00175982 -0.0151002 0.0010314 0.0198426 -0.00537062 -0.000275658 -0.0253931 -0.000757958 -0.00641628 0.00227629 -0.0337025 -0.0360232 0.00796452 -0.0457872 0.00166885 -0.00248157 0.00390729 -0.0162734 0.0171127 -0.0310466 9.15155e-05 -0.057934 -0.148904 -1.65882 -9.76948 -0.100254 -0.607279 0.0255347 0.00543665 0.44139
internal_weight=1700.76 294.278 1406.48 91.3771 225.977 1315.1 58.7822 1300.97 454.121 846.853 83.7651 82.4119 65.3563 6.38756 167.195 142.426 116.394 46.0378 70.3558 26.0327 12.0628 13.9698 1.9914 0.0621606 0.0102875 1.92924 0.0896917 24.7689 16.1851 0.101676
internal_count=2807928 1863976 943952 9125 590771 934827 538848 932687 678685 254002 609241 609069 1067 218 51923 30834 6988 998 5990 23846 3754 20092 1402 234 118 1168 720 21089 20133 582
is_linear=0
shrinkage=0.05


Tree=117
num_leaves=31
num_cat=0
split_feature=3 7 4 10 5 2 3 4 4 11 1 4 1 1 1 7 11 9 2 1 4 4 10 7 3 4 1 4 7 9
split_gain=22.1789 40.3579 32.5442 20.7193 11.9167 9.30065 17.1165 9.2443 9.12139 8.30667 7.81024 8.14591 12.8271 10.9214 16.0544 10.9967 11.3966 12.1778 11.475 9.67218 9.8806 8.92291 9.40049 8.57703 7.41736 7.36225 7.32507 12.072 8.61949 86.8609
threshold=0.89725545048713695 0.12060606107115747 0.62575301527977001 1.0000000180025095e-35 1.0000000180025095e-35 0.77485185861587536 0.76533168554306041 0.77581480145454418 0.90366768836975109 1.0000000180025095e-35 0.76533168554306041 0.21132376790046695 0.2237871661782265 1.0000000180025095e-35 0.20761494338512423 0.64495798945426952 1.0000000180025095e-35 0.45341086387634283 0.13446328043937686 0.13446328043937686 0.13873296231031421 0.82446312904357921 1.0000000180025095e-35 0.13188406080007556 0.24068965017795566 0.50274726748466503 0.15535445511341098 0.55625879764556896 0.15587044507265094 0.54912123084068309
decision_type=2 2 2 2 2 2 2 2 2 2 2 2 2 2 2 2 2 2 2 2 2 2 2 2 2 2 2 2 2 2
left_child=1 2 -1 -2 5 6 10 25 -9 -4 11 12 19 -13 24 16 17 23 -19 20 -3 -20 -23 -16 26 -7 -15 -28 29 -29
right_child=3 4 9 -5 -6 7 -8 8 -10 -11 -12 13 -14 14 15 -17 -18 18 21 -21 -22 22 -24 -25 -26 -27 27 28 -30 -31
leaf_value=-0.046485844821088092 0.00083635097832288324 0.027073824020309906 -0.00069126994557355229 0.022261611417884342 0.054749606566397518 0.11293693117270726 -0.048337719880709118 0.053948424754817981 -0.033695813604143289 -0.046145403318112364 0.081161646791946818 0.037798679994775847 -0.025299663492834697 -0.042456362175763374 -0.039956468563721086 0.010186764223651482 -0.029643396950342068 0.14742225746678814 -0.0057194302850668097 0.039058140805707769 -0.046216006069786854 -0.030490529185331006 -0.17931532172349285 0.042505204751487932 -0.072934606861514192 -0.022136668674829489 -0.026100785527769718 0.14514309880127382 0.036441130818316493 4.8495573309327771
leaf_weight=102.05324619358007 633.19863421144044 10.562923350680451 85.548943032838025 137.30950545016094 9.3452182384644384 1.0995433731625315 20.562021313988794 20.202410616053388 3.4799768285010932 11.389401584515211 2.8106485746720855 14.964870091283954 16.638168244555303 24.824729484353202 3.7074885222609764 127.13650858371693 47.770554908797862 1.2097031311423041 295.31949472839187 38.142354549221764 8.1445413865003484 3.9294123294530428 1.4535662684356792 21.097801809388329 8.4944182281869853 12.22530294167518 20.15371574518754 0.2547773933656553 7.9597942821965262 0.010204910795437172
leaf_count=1821065 154033 5174 71379 21901 1156 100 7445 1342 276 149020 180 5759 11742 23121 11256 3792 361717 289 73241 21809 4813 72 50 17955 10496 1176 25746 473 1306 44
internal_value=-0.0016043 -0.00684328 -0.0267787 0.00465447 -0.00134504 -0.00208114 -0.00341892 0.0223248 0.0410697 -0.00603173 -0.00200792 -0.00236657 0.0133137 -0.0043592 -0.00547914 -0.00251886 -0.00683235 -0.00349706 -0.006264 0.0246147 -0.00483387 -0.00688227 -0.0706777 0.0301802 -0.0295473 -0.0109906 -0.0226201 -0.00526791 0.0457803 0.326318
internal_weight=1691 920.492 198.992 770.508 721.5 712.155 675.148 37.0072 23.6824 96.9383 654.586 651.775 73.488 578.287 563.322 501.625 374.488 326.717 301.912 56.8498 18.7075 300.702 5.38298 24.8053 61.6976 13.3248 53.2032 28.3785 8.22478 0.264982
internal_count=2807928 2631994 2041464 175934 590530 589374 586480 2894 1618 220399 579035 578855 43538 535317 529558 468372 464580 102863 73652 31796 9987 73363 122 29211 61186 1276 50690 27569 1823 517
is_linear=0
shrinkage=0.05


Tree=118
num_leaves=31
num_cat=0
split_feature=8 4 4 9 10 9 1 2 4 2 1 9 10 3 13 1 9 4 12 6 4 1 8 2 8 1 0 1 3 12
split_gain=21.2977 33.906 24.2908 20.655 13.2507 9.78074 11.3541 17.49 14.6195 13.8855 29.7794 63.0259 15.1126 9.12499 8.89815 8.09023 13.5509 15.058 10.6804 9.06515 8.01904 10.8084 12.215 7.97672 7.95605 9.61561 7.80628 21.3551 20.23 18.304
threshold=0.64418154954910289 0.55036231875419628 0.89059829711914074 0.7807200849056245 1.0000000180025095e-35 0.68013605475425731 0.51222422719001781 0.36788399517536169 0.21132376790046695 0.16807910054922107 0.18957772105932238 0.53171876072883617 1.0000000180025095e-35 0.81365740299224865 1.0000000180025095e-35 0.51899951696395885 0.58705621957778942 0.51668518781661998 1.0000000180025095e-35 1.0000000180025095e-35 0.19292803853750232 0.2152509689331055 0.73186674714088451 0.27334994077682501 0.68863317370414745 0.52240803837776195 0.15476191043853763 0.55217784643173229 0.70678734779357921 1.0000000180025095e-35
decision_type=2 2 2 2 2 2 2 2 2 2 2 2 2 2 2 2 2 2 2 2 2 2 2 2 2 2 2 2 2 2
left_child=1 3 5 4 13 6 8 -8 9 -2 11 -11 -13 -1 -7 16 18 -18 19 -15 -12 22 23 -22 25 -9 27 -3 29 -28
right_child=2 26 -4 -5 -6 14 7 24 -10 10 20 12 -14 15 -16 -17 17 -19 -20 -21 21 -23 -24 -25 -26 -27 28 -29 -30 -31
leaf_value=-0.045282000716921372 -0.020144574168067569 -0.0018886443055117154 0.037330715517482176 0.01546737473552566 -0.013238935672797018 -0.00047528581158460365 0.41867466018135657 0.19871004953377164 -0.012753130271275046 2.3115296667629015 -0.053322829921751538 -0.05027855061115153 0.47361612351496341 -0.0037700974398331339 0.043004275222057749 -0.031870637923204811 0.083642997452528525 0.53224362097444 -0.048452514779594502 0.15095968600823401 0.13818687966423868 -0.050582781207098852 1.1779290109685403 0.7757328803298158 0.081114474100582243 0.011086210839259614 0.037007503636552308 0.04617147592128916 -0.00075481851685053327 -0.051203382987252133
leaf_weight=96.958671032073482 1.5795697688263524 85.810628633749616 56.18361609155545 32.300597391746123 94.304139857937116 474.6978404952394 0.31626346594930765 0.71992478250104319 23.606924676239924 0.042322934983531346 0.85157383748446569 0.1937304709572345 0.47556484071537852 2.0967869980668175 12.066206894116474 18.112539576461195 0.69362336437552663 0.25614194713489269 4.3535729818767033 1.7256536107452123 0.26075130391836865 0.28398550804558909 0.040666453140147496 0.060432143734942656 8.9475977472829964 13.268879935538333 7.0632559429941457 31.634914131371261 678.04563393880539 35.130907902557624
leaf_count=1609299 1312 81026 12829 1572 408381 37771 46 51 37196 55 833 645 28 1047 1673 43908 142 22 41552 511 228 586 33 36 425 907 9488 8875 293178 214273
internal_value=-0.00156995 -0.00572472 0.00604871 -0.0218524 -0.0273693 0.00277834 0.0236896 0.0493857 0.00187929 0.0930546 0.173998 0.4403 0.321973 -0.0380986 0.000602512 -0.0125285 0.0258613 0.204626 0.00509508 0.0660832 0.0474424 0.180308 0.361514 0.258144 0.0442937 0.0207422 -0.000896117 0.0110567 -0.0028452 -0.036437
internal_weight=1682.08 1088.49 593.596 250.802 218.501 537.412 50.6482 23.2527 27.3955 3.7886 2.20903 0.711618 0.669295 124.197 486.764 27.2383 9.12578 0.949765 8.17601 3.82244 1.49741 0.645835 0.36185 0.321183 22.9364 13.9888 837.685 117.446 720.24 42.1942
internal_count=2807928 2713274 94654 2106434 2104862 81825 42381 1429 40952 3756 2444 728 673 1696481 39444 87182 43274 164 43110 1558 1716 883 297 264 1383 958 606840 89901 516939 223761
is_linear=0
shrinkage=0.05


Tree=119
num_leaves=31
num_cat=0
split_feature=5 11 7 7 8 11 13 8 7 4 3 7 9 9 7 4 8 1 9 4 7 3 1 7 7 3 8 1 7 8
split_gain=19.6715 25.0318 30.8597 21.9888 12.3193 12.8975 6.50242 6.33905 5.88945 5.75341 20.4608 12.1847 9.48901 14.9636 27.6479 27.7022 10.9611 10.6307 11.7537 19.5469 49.9127 109.387 12.1518 11.0741 9.99045 13.42 11.7796 8.87571 8.61563 13.9496
threshold=1.0000000180025095e-35 1.0000000180025095e-35 0.19292803853750232 0.36602871119976049 0.8825557827949525 1.0000000180025095e-35 1.0000000180025095e-35 0.60054644942283641 0.14039409160614016 0.44327485561370855 0.27639257907867437 0.12060606107115747 0.90377491712570202 0.81844761967659008 0.55050507187843334 0.45222154259681707 0.8825557827949525 0.81016731262207042 0.86319074034690868 0.78629976511001598 0.61721614003181469 0.99056604504585277 0.29925373196601873 0.73030304908752453 0.63961037993431102 0.58578637242317211 0.80365484952926647 0.39077411592006689 0.43303571641445165 0.73186674714088451
decision_type=2 2 2 2 2 2 2 2 2 2 2 2 2 2 2 2 2 2 2 2 2 2 2 2 2 2 2 2 2 2
left_child=1 6 -3 4 7 -6 9 -2 -9 10 11 -1 13 14 16 -16 -11 18 19 23 -21 -22 -20 24 25 27 -26 -15 29 -13
right_child=3 2 -4 -5 5 -7 -8 8 -10 12 -12 28 -14 17 15 -17 -18 -19 22 20 21 -23 -24 -25 26 -27 -28 -29 -30 -31
leaf_value=-0.042212410218906177 0.0011574968631482632 -0.044486286056551527 -0.005770666150081036 0.034149674793488537 -0.042963849346619225 -0.45371674671562251 0.040638364452178832 0.084265848422532236 0.016847328422726369 -0.0012098582984501143 -0.020977253273424243 0.0050653229045844175 0.019953866088257426 -0.045383873097342764 0.399909822999436 0.041721357699278337 0.16548738720429207 0.026009554691322913 -0.071942284649630941 0.050636815435002175 0.050713059079050417 -1.6205652955981524 0.011863398391590613 0.054143116285017515 -0.027921956873285275 0.052914521625256832 -0.19316018682074904 -0.15084126519625538 -0.0014953955179684876 0.052783750570189816
leaf_weight=13.177592315536456 252.53925571622676 79.647890676953352 145.48987343498709 70.011008924979251 0.53693758230656286 0.29672017320990562 9.2203393782256153 4.0194081426016082 16.691157881308754 622.18055731496315 146.48677730329473 44.449670681387943 59.91087352053728 9.6128090517595499 0.54993352165911602 29.288452196167782 0.98769818036816914 8.2213083499809709 5.8629516931250718 0.47746663726866145 0.21532473876141012 0.17954165441915393 16.494327450636774 2.2107329056598237 1.7645955318585027 2.8726277486421159 2.7743401005864143 2.5177997401915482 101.83866635753657 23.36652530747233
leaf_count=176301 16811 1638706 212109 14966 188 11 1002 178 2101 354329 336582 43786 4834 66 14 778 19 1709 54 73 22 31 720 75 35 253 58 43 1533 541
internal_value=-0.0015146 -0.00427182 -0.0194672 0.00914101 0.00275288 -0.189161 -0.00117488 0.00333839 0.0299316 -0.00152682 -0.00705368 0.00410199 0.000848913 -0.000771843 0.00130562 0.0483229 -0.000945649 -0.02627 -0.0358249 -0.0612316 -0.293307 -0.7092 -0.0101137 -0.0519249 -0.063924 -0.0442605 -0.128921 -0.0672724 0.00769937 0.021507
internal_weight=1673.89 1329.8 225.138 344.094 274.083 0.833658 1104.66 273.25 20.7106 1095.44 329.319 182.832 766.121 706.21 653.007 29.8384 623.168 53.2038 44.9825 22.6252 0.872333 0.394866 22.3573 21.7529 19.5422 15.0032 4.53894 12.1306 169.655 67.8162
internal_count=2807928 2773673 1850815 34255 19289 199 922858 19090 2279 921856 558743 222161 363113 358279 355140 792 354348 3139 1430 656 126 53 774 530 455 362 93 109 45860 44327
is_linear=0
shrinkage=0.05


Tree=120
num_leaves=31
num_cat=0
split_feature=8 4 4 9 10 9 9 4 9 4 4 9 3 3 2 4 9 10 3 4 8 10 7 2 7 1 3 8 1 7
split_gain=18.2302 26.2027 19.282 18.5504 13.5743 12.4182 12.6304 12.2204 10.786 10.7365 17.5453 14.0939 19.1721 25.6956 12.2232 9.71937 10.4454 9.37649 14.7284 16.3434 9.9112 9.35456 9.16394 13.2529 9.97773 8.18045 13.8417 12.8254 10.2268 59.7278
threshold=0.6975214183330537 0.45867486298084265 0.89059829711914074 0.7807200849056245 1.0000000180025095e-35 0.81844761967659008 0.86319074034690868 0.26766170561313635 0.44106067717075353 0.51471862196922313 0.52223318815231334 0.7807200849056245 0.32757078111171728 0.48331478238105779 0.25158227980136877 0.27639257907867437 0.54587543010711681 1.0000000180025095e-35 0.89725545048713695 0.62575301527977001 0.27465948462486273 1.0000000180025095e-35 0.73030304908752453 0.18046133220195773 0.41885964572429663 0.24048192799091342 0.1490740776062012 0.65133896470069896 0.25176055729389196 1.0000000180025095e-35
decision_type=2 2 2 2 2 2 2 2 2 2 2 2 2 2 2 2 2 2 2 2 2 2 2 2 2 2 2 2 2 2
left_child=1 3 5 4 -1 9 7 -7 -6 14 11 12 -11 -14 -2 16 25 18 19 -3 -19 -5 24 -24 -9 26 -10 -28 29 -27
right_child=2 17 -4 21 8 6 -8 22 15 10 -12 -13 13 -15 -16 -17 -18 20 -20 -21 -22 -23 23 -25 -26 28 27 -29 -30 -31
leaf_value=-0.042701994859268594 0.021436099213410224 -0.03816297228303081 0.036254742981491672 0.055588446783610794 -0.044369635107698702 0.019677675033072942 0.002287164744736767 0.00057565857146600499 0.17798711774666237 -0.052432255118781107 0.024385221456292218 -0.060531012282786359 0.85010393349123881 0.04295311119207243 -0.017164651944652391 -0.022294564984930307 0.00074371859790607836 0.053695259774339504 0.0002861349952811115 -0.0068260051134043905 0.0051669961765362423 -0.0034152193746332035 0.40584972284485527 0.013760049739940517 -0.056804983212161424 3.5893002327913672 -0.062667818878626602 0.29013927639993581 0.091700544543628915 0.24778080488922238
leaf_weight=83.272039708317493 39.327535391272292 57.128534616211965 49.228532331064343 8.8096180503925989 21.264564457631423 12.622646409785373 227.60092334466754 9.986040473362662 1.0933951911647479 0.17962054743111266 83.315197625823203 0.2562277700053528 0.27685499720246298 0.15314615709212376 42.857942365375678 30.615525625678856 21.014874203159707 11.077441828434528 533.1560531176292 153.14301441678808 209.63950864735671 28.28584295231849 0.22842286736704309 3.8143243548693135 31.391552843502723 0.01373889084789004 2.7445501375332246 0.2842766506364568 2.4350367686347454 0.50213110549157136
leaf_count=1232504 8465 721877 12033 1627 319808 397 10705 536 1937 73 3813 15 45 19 17015 34753 2531 5533 116476 228971 75577 220 7 251 1746 196 4992 12 5000 794
internal_value=-0.00143395 -0.00486575 0.00653881 -0.0213196 -0.0285726 0.00330245 -0.00302234 -0.0238422 -0.0138594 0.0141618 0.0267123 0.250628 0.38141 0.562635 0.00130665 -0.0028075 0.0184331 -0.00144686 -0.00413355 -0.0153399 0.00760255 0.0105973 -0.0359367 0.0359139 -0.0429568 0.0709899 0.0254948 -0.0295544 0.134544 0.336774
internal_weight=1665.72 1164.48 501.239 200.336 163.24 452.01 285.644 58.043 79.9681 166.367 84.181 0.865849 0.609622 0.430001 82.1855 58.7035 28.088 964.145 743.428 210.272 220.717 37.0955 45.4203 4.04275 41.3776 7.07313 4.12222 3.02883 2.95091 0.51587
internal_count=2807928 2752808 55120 1604374 1602527 43087 13642 2937 370023 29445 3965 152 137 64 25480 50215 15462 1148434 1067324 950848 81110 1847 2540 258 2282 12931 6941 5004 5990 990
is_linear=0
shrinkage=0.05


Tree=121
num_leaves=31
num_cat=0
split_feature=5 7 7 8 8 8 7 9 1 4 4 10 1 1 4 8 9 3 3 8 8 9 9 7 1 4 1 1 4 0
split_gain=16.9993 20.1971 16.0169 32.8195 35.6184 20.6365 15.2262 13.3373 14.8301 13.3219 12.6873 11.6993 11.5223 83.4422 471.256 15.2065 26.989 22.8357 46.5907 9.37255 9.02154 36.5392 87.0333 29.5535 65.8075 215.041 47.4116 7.93588 7.88259 7.89953
threshold=1.0000000180025095e-35 0.36602871119976049 0.16064515709877017 0.19530533254146579 0.48157843947410589 0.47836488485336309 0.24499999731779101 0.47836488485336309 0.41223156452178961 0.62316370010375988 0.89059829711914074 1.0000000180025095e-35 0.46709956228733068 0.46894289553165441 0.73286384344100963 0.48290473222732549 0.50133690237998974 0.83484846353530895 0.8155706822872163 0.8825557827949525 0.48792158067226415 0.46763719618320471 0.46882475912570959 0.12973351776599887 0.15535445511341098 0.51899951696395885 0.44136746227741247 0.81892696022987377 0.94826048612594616 1.0000000180025095e-35
decision_type=2 2 2 2 2 2 2 2 2 2 2 2 2 2 2 2 2 2 2 2 2 2 2 2 2 2 2 2 2 2
left_child=2 19 3 -1 9 7 27 8 -4 -5 -8 12 -6 14 -14 16 -15 18 -18 -2 21 -13 -23 24 25 -24 -26 -7 29 -17
right_child=1 -3 5 4 11 6 10 -9 -10 -11 -12 20 13 15 -16 28 17 -19 -20 -21 -22 22 23 -25 26 -27 -28 -29 -30 -31
leaf_value=0.0019022178821334456 0.0031064500249999849 0.033207083395657574 -0.0022207932240456553 -0.046563596085203073 -0.047042305981402258 -0.019613254016510435 -0.0018954353961927774 0.0061841508935674971 0.063037117204385318 -0.020379339342732047 0.036880663654988398 -0.058881468951399188 -0.050005851658806492 -0.050221463767757296 27.820308779103751 0.17377073408527072 -0.050007441245044026 0.6971581753577365 5.024817894456409 -0.15122559963188931 0.03241418456980507 5.4688346601393594 -0.05000823060227047 -0.050411019551206061 -0.050023869385472423 15.594877013733679 1.8154581046781413 -0.070603174256378839 0.26566285065140688 -0.0036104160995285282
leaf_weight=241.9100357707284 272.46612998012279 66.855091301113134 12.468009730768221 99.570601570633315 11.663762872898507 42.729323564110246 657.70963824526348 58.076092847510154 28.853412416952231 94.850376115960714 21.793997926870361 0.49424218975764489 0.0098137589120587121 0.11467917800109262 0.0017940180841833362 0.659146729638448 0.0083611600930453278 0.066613969360332703 0.0098515944555401802 0.98731692170258512 23.918273044466332 0.0090595803485484794 0.0070230837445706129 0.13404521864140406 0.085982116317609325 0.0031959285697666928 0.056402328191325068 9.289717864168777 0.29594220477156419 13.140552497165912
leaf_count=80104 19090 14966 26722 1895568 163108 77882 166707 50364 6527 257389 3137 1158 176 826 1 2204 127 19 1 199 15333 18 50 206 509 9 19 287 4 25218
internal_value=-0.00139049 0.0085721 -0.00396298 -0.0111628 -0.0240579 0.000256926 -0.00264765 0.0216333 0.0433467 -0.0337893 -0.000651754 0.0132753 -0.0101572 0.0199139 4.25744 0.016473 0.449939 1.12612 2.69505 0.00254923 0.0379048 0.204152 0.643782 0.491286 0.967107 4.84283 0.688944 -0.0287192 0.0103378 0.00486225
internal_weight=1658.24 340.309 1317.93 487.01 245.1 830.92 731.523 99.3975 41.3214 194.421 679.504 50.6787 25.9705 14.3068 0.0116078 14.2951 0.199506 0.0848267 0.0182128 273.453 24.7082 0.78995 0.295708 0.286649 0.152603 0.010219 0.142384 52.019 14.0956 13.7997
internal_count=2807928 34255 2773673 2442047 2361943 331626 248013 83613 33249 2152957 169844 208986 191684 28576 177 28399 973 147 128 19289 17302 1969 811 793 587 59 528 78169 27426 27422
is_linear=0
shrinkage=0.05


Tree=122
num_leaves=31
num_cat=0
split_feature=3 7 6 0 1 8 8 9 8 7 3 1 9 7 2 8 9 5 2 3 8 5 9 7 9 11 2 9 7 0
split_gain=17.8886 38.3849 27.7734 11.4514 10.4437 12.2534 335.407 1577.13 787.269 690.265 271.904 423.473 226.568 10.2532 12.7674 10.4594 9.66316 9.6295 8.02577 18.398 7.68045 9.34997 9.59803 11.8288 9.13348 8.13638 13.1395 17.2288 27.2654 10.1197
threshold=0.89725545048713695 0.14039409160614016 1.0000000180025095e-35 0.29285715520381933 0.13446328043937686 0.48157843947410589 0.48792158067226415 0.48157843947410589 0.48499850928783422 0.12060606107115747 1.0000000180025095e-35 0.11882352828979494 0.48292520642280584 0.26794873178005224 0.4654348641633988 0.71812930703163158 0.71471861004829418 1.0000000180025095e-35 0.77485185861587536 0.77058029174804699 0.48157843947410589 1.0000000180025095e-35 0.81844761967659008 0.56696429848670971 0.47643721103668218 1.0000000180025095e-35 0.85934066772460949 0.86319074034690868 0.61721614003181469 0.63333335518836986
decision_type=2 2 2 2 2 2 2 2 2 2 2 2 2 2 2 2 2 2 2 2 2 2 2 2 2 2 2 2 2 2
left_child=1 2 4 -4 5 -1 7 -7 12 10 -10 -12 -9 15 -15 -2 -6 18 19 -3 -16 22 23 -22 -23 26 27 28 -24 -30
right_child=13 17 3 -5 16 6 -8 8 9 -11 11 -13 -14 14 20 -17 -18 -19 -20 -21 21 24 25 -25 -26 -27 -28 -29 29 -31
leaf_value=-0.051094947401198611 -0.00034919116771389827 -0.0013576762312905338 -0.041261549536044016 0.018068607296761782 -0.035131789583588591 -0.052323447205523767 -0.0068404711616687477 -15.668770218303832 -42.906749110372147 -0.050008790223867186 -12.144895561071168 -34.520161382179786 -0.050005475583085338 0.061196377824383488 0.045662889028204978 0.069771302661794307 0.090399156771514971 0.052874561354957411 0.02232311376837522 -0.054644378035379339 0.0052228426836268098 -0.12018528693001047 0.051216090774956952 0.083053311523354614 0.02321080946096693 -0.036184215158419353 0.028517820514590498 -0.0038234072407181186 -0.18255694201706585 -0.4389512126604011
leaf_weight=3.2862302036629947 540.23723370409493 630.66088236495841 10.1398279466811 41.092527648025047 146.21008528322216 0.11321196372227849 1.5569874401662671 0.0031984323286451408 0.0023313835481530995 0.0028312811191426599 0.0041223393236577976 0.0043417707856860943 0.008472631383483531 13.055349707574349 14.146390662855991 5.3709746406821059 1.5492995297536243 8.2443556666694331 33.638210247034522 16.625449107343798 49.842911623272812 1.1274144307390077 1.0190763268619796 5.4118819371215059 73.826680345635395 27.063761400058866 17.540280852466822 7.3785171157214791 1.0362592113669959 0.61222036764957
leaf_count=51112 150652 433770 125401 98633 1908536 401 6077 37 23 32 43 18 141 563 980 429 99 1127 2416 4128 1733 17 143 324 15557 309 3800 1323 51 53
internal_value=-0.00168379 -0.00647769 -0.0255308 0.00632608 -0.0362162 -0.107421 -0.216592 -2.57441 -13.8611 -22.0241 -27.7872 -23.6226 -4.3303 0.00396727 0.013297 0.000341076 -0.0338156 -0.000838538 -0.00148887 -0.00272634 0.0101547 0.00743743 -0.0018489 0.0128459 0.0210539 -0.0167063 0.00240269 -0.0431939 -0.152094 -0.277778
internal_weight=1650.81 893.142 203.973 51.2324 152.741 4.98173 1.6955 0.13851 0.0252978 0.0136268 0.0107955 0.00846411 0.0116711 757.669 212.061 545.608 147.759 689.169 680.925 647.286 199.005 184.859 109.905 55.2548 74.9541 54.6501 27.5864 10.0461 2.66756 1.64848
internal_count=2807928 2631994 2190553 224034 1966519 57884 6772 695 294 116 84 61 178 175934 24853 151081 1908635 441441 440314 437898 24290 23310 7736 2057 15574 5679 5370 1570 247 104
is_linear=0
shrinkage=0.05


Tree=123
num_leaves=31
num_cat=0
split_feature=11 7 13 2 0 2 8 7 8 1 10 7 0 8 8 3 3 1 3 0 8 2 7 8 7 8 7 7 8 8
split_gain=16.0648 30.7632 9.5633 8.76217 13.6366 14.6478 95.445 9.05333 8.01199 7.9246 20.3853 18.7632 11.474 8.35251 9.84814 7.9792 12.4442 10.6501 7.88767 38.5254 7.76268 8.69824 6.89907 10.1148 22.1622 10.2431 10.7093 10.6751 12.3487 10.6594
threshold=1.0000000180025095e-35 0.10435571894049646 1.0000000180025095e-35 0.53907206654548656 0.10555555671453477 0.54085850715637218 0.71812930703163158 0.26794873178005224 0.4082483053207398 0.40936473011970526 1.0000000180025095e-35 0.12060606107115747 0.26785714924335485 0.27465948462486273 0.63897106051445018 0.22401433438062671 0.23606811463832858 0.55403152108192455 0.55625879764556896 0.46428571641445165 0.97413599491119396 0.25866188108921057 0.55902779102325451 0.17295821756124499 0.075498577207326903 0.51628047227859508 0.16064515709877017 0.14550264924764636 0.59102103114128124 0.51371133327484142
decision_type=2 2 2 2 2 2 2 2 2 2 2 2 2 2 2 2 2 2 2 2 2 2 2 2 2 2 2 2 2 2
left_child=2 -2 9 7 8 6 -6 -3 -5 11 15 -1 20 -12 -15 17 -17 -11 19 -7 -13 -22 23 -18 -25 26 29 28 -27 -26
right_child=1 3 -4 4 5 18 -8 -9 -10 10 13 12 -14 14 -16 16 22 -19 -20 -21 21 -23 -24 24 25 27 -28 -29 -30 -31
leaf_value=-0.03635377811327202 -0.046503692025968109 -0.045711886405660158 0.043363859698051233 -0.28254140676675699 -0.050167981478346148 -0.050070405398246302 5.5490474848175548 -0.006677397834523955 0.06673375536427871 -0.051346359975354042 0.059838544549105005 -0.0013357055676089372 0.04929937177369656 0.0044072634156141757 0.02469130890935943 0.36861677466325504 0.0016315444648914521 -0.98019033995740346 -0.0019318151598658722 2.3633637908319112 0.0026946987811107335 -0.058097821478731784 0.019759658619708326 -0.049489832742024072 -0.011191506227603926 -0.024429606013485428 0.026839910522535398 -0.023079063365963933 0.085498523667840887 0.2981941932312685
leaf_weight=43.145115110684628 53.499562042330666 21.562146412226554 13.064339075353926 0.16712218616521468 0.051531111301300281 0.082053645364765226 0.0089298583443451207 47.74828986893408 9.3559508259403383 0.08513529251649643 10.03509097430833 381.19977382860441 10.738731242854554 136.63725967368919 106.4642173901666 0.22700840058678196 409.90068693699862 0.048408430069684982 137.50276456348834 0.020708696916699409 10.685531628318133 13.094404491595922 35.581742912429036 33.035498970175468 43.229234248718058 5.0382502567767329 39.172981678049837 76.870255661400734 5.1826480988092953 0.28020530895810125
leaf_count=485612 1273205 427850 2618 224 665 1410 5 117428 1101 109 3241 114396 529 36478 17707 43 53770 1 42087 1 60 77 2909 194113 21204 2201 3307 5014 396 167
internal_value=-0.00140261 -0.0125523 0.000788819 -0.00416246 0.00274008 -0.00126269 0.776815 -0.0188208 0.0606043 0.000380033 0.00310195 -0.00496925 -0.00171202 0.0151358 0.0132905 -0.00159426 -0.00151468 -0.388044 -0.00160456 0.436286 -0.00306468 -0.0307807 -0.00164429 -0.00288728 -0.0120203 -0.00472931 0.00787537 -0.0166959 0.031311 -0.00919903
internal_weight=1643.72 269.999 1373.72 216.499 147.189 137.666 0.060461 69.3104 9.52307 1360.65 901.789 458.864 415.718 253.137 243.101 648.652 648.519 0.133544 137.606 0.102762 404.98 23.7799 648.292 612.71 202.809 169.774 82.6824 87.0912 10.2209 43.5094
internal_count=2807928 1863976 943952 590771 45493 44168 670 545278 1325 941334 340660 600674 115062 57426 54185 283234 283124 110 43498 1411 114533 137 283081 280172 226402 32289 24678 7611 2597 21371
is_linear=0
shrinkage=0.05


Tree=124
num_leaves=31
num_cat=0
split_feature=11 7 4 9 4 7 9 1 3 7 7 1 10 1 7 4 3 4 12 7 1 9 0 0 8 4 1 1 9 7
split_gain=15.2856 29.2027 10.4672 11.3556 8.95209 8.9421 7.69121 11.2444 14.1433 7.58561 7.70366 6.40154 6.20362 11.7204 16.5512 11.3087 10.1759 9.65769 10.337 12.3027 11.9487 11.0751 9.15462 9.02675 8.79872 8.67754 9.62904 9.82068 10.3377 40.8144
threshold=1.0000000180025095e-35 0.10435571894049646 0.99315068125724804 0.50133690237998974 0.55848154425621044 0.2788888961076737 0.90377491712570202 0.34724637866020208 0.29217478632926946 0.12060606107115747 0.17752101272344592 0.30860807001590734 1.0000000180025095e-35 0.40936473011970526 0.087595909833908095 0.38757823407649999 0.35585997998714453 0.59491634368896495 1.0000000180025095e-35 0.21980676054954532 0.58919963240623485 0.51075392961502086 0.29285715520381933 0.29285715520381933 0.27465948462486273 0.32466214895248419 1.0000000180025095e-35 0.31139971315860754 0.59384471178054821 0.39444445073604589
decision_type=2 2 2 2 2 2 2 2 2 2 2 2 2 2 2 2 2 2 2 2 2 2 2 2 2 2 2 2 2 2
left_child=2 -2 6 9 5 -3 12 8 11 -4 -11 -8 17 14 -14 -15 -17 18 -1 -20 23 -22 25 -21 -18 -16 -27 28 29 -28
right_child=1 4 3 -5 -6 -7 7 -9 -10 10 -12 -13 13 15 22 16 24 -19 19 20 21 -23 -24 -25 -26 26 27 -29 -30 -31
leaf_value=0.0084093227296190946 -0.04631969989124738 -0.051191526174021312 0.012908388152499615 0.049324946253646085 0.0014451375572110919 -0.0074728815039900691 0.015161366045224023 0.024339391656988955 -0.031986028463065412 -0.075982776248765482 0.051022272779018309 -0.049479554658165718 -0.049038290541570273 -0.055392359308584382 0.0070996358652333467 0.069270329786568427 0.059666336690006497 -0.0021003392271460586 -0.051364740859752428 -0.010431791169913655 0.081049840619762073 -0.077554340092708632 0.060301563102387989 0.054004690836165964 0.0090198277123594659 0.041134780893110859 -0.014266339550560414 0.00024277081180539676 -0.04170568642568151 0.330601360738282
leaf_weight=28.827663074007432 51.087476500721181 17.724231126630166 57.913068793830462 21.296246137688286 164.11845076113056 34.390707053444665 59.236311857122928 73.064899697550572 27.453563449555077 4.810574701987206 1.5881492024054749 4.0948611441999665 19.156495866786599 6.0750439733856174 122.60468834650298 7.9530572997755362 9.0176752178704174 528.19574864426397 31.327975468003956 44.000432838671259 1.239177520823431 9.8471943253098271 5.9795199063701139 6.201085453722043 174.89721390616614 8.0593032181244819 15.993300332986266 53.564276333032467 44.472844342868484 0.90655216993764121
leaf_count=46711 1273205 430060 849 8058 51923 108788 485 10351 259 67 151 30 341448 10104 35014 4800 1879 104335 288849 27587 119 329 121 260 27230 699 16532 16058 1597 30
internal_value=-0.00138516 -0.0123204 0.000752052 0.0176795 -0.00428775 -0.0223415 -0.000378165 0.00973891 -0.00201178 0.00720046 -0.0444604 0.0109818 -0.00186046 0.00252391 -0.0042369 0.011771 0.0138976 -0.00502355 -0.0177375 -0.025876 -0.0128471 -0.0598264 -0.000825519 -0.00247235 0.0115031 -0.00231375 -0.0116972 -0.0154017 -0.0290557 0.00423326
internal_weight=1635.1 267.321 1367.78 85.608 216.233 52.1149 1282.17 163.85 90.7847 64.3118 6.39872 63.3312 1118.32 468.68 270.737 197.943 191.868 649.639 121.444 92.6159 61.2879 11.0864 251.58 50.2015 183.915 245.601 122.996 114.937 61.3727 16.8999
internal_count=2807928 1863976 943952 9125 590771 538848 934827 11125 774 1067 218 515 923702 455512 411499 44013 33909 468190 363855 317144 28295 448 70051 27847 29109 69930 34916 34217 18159 16562
is_linear=0
shrinkage=0.05


Tree=125
num_leaves=31
num_cat=0
split_feature=4 7 8 7 9 2 8 4 3 1 2 9 4 8 7 7 4 4 1 1 4 1 1 8 9 9 4 1 4 8
split_gain=14.0233 15.538 34.9966 15.2474 13.8018 11.3669 10.6521 11.7158 10.4676 71.5353 9.17499 8.30453 13.6941 12.1744 8.72509 8.23212 9.97599 7.61465 9.83207 8.18491 9.0441 7.89209 16.5965 10.062 9.72047 8.415 9.99757 13.7922 12.6871 9.0762
threshold=0.84292763471603405 0.12060606107115747 0.27465948462486273 0.36602871119976049 0.47089621424674993 0.39736843109130865 0.55891487002372753 0.25176055729389196 0.40212766826152807 0.49691358208656317 0.79118219017982494 0.45622551441192633 0.4901809841394425 0.46882475912570959 0.15587044507265094 0.21583850681781772 0.53410854935646068 0.21132376790046695 0.23606811463832858 0.13446328043937686 0.13873296231031421 1.0000000180025095e-35 0.20761494338512423 0.6975214183330537 0.81844761967659008 0.86319074034690868 0.32049381732940679 0.64346247911453258 0.73746865987777721 0.84168756008148204
decision_type=2 2 2 2 2 2 2 2 2 2 2 2 2 2 2 2 2 2 2 2 2 2 2 2 2 2 2 2 2 2
left_child=1 2 -1 -2 6 -6 -4 -8 9 -7 -9 12 -3 14 -14 -16 -17 18 19 20 -13 -19 -23 -24 -25 26 -26 28 29 -28
right_child=3 11 4 -5 5 8 7 10 -10 -11 -12 17 13 -15 15 16 -18 21 -20 -21 -22 22 23 24 25 -27 27 -29 -30 -31
leaf_value=-0.001449740958380517 0.0023114411693037711 -0.026275725823019003 -0.040954590446078465 0.028332450678935084 -0.043322039623743674 0.16071517274171346 0.93527736641709469 -0.050618577427272771 0.021868713734647147 4.03202137893798 0.5552523013277656 0.025644992544570706 0.01152663312529676 -0.029513606892001765 0.089556873991464891 0.16561222973278136 0.016328920677039404 0.034287495199650603 -0.028930332129276745 0.034533307626966825 -0.04563106816228843 -0.029115763282612974 -0.0075531294260497445 0.015864164525747394 0.021112543699526833 0.0033071094170392997 -0.072292243830777619 0.016152034493591372 -0.22651666980916071 -0.0076182740186450789
leaf_weight=266.09038485491527 284.01078973470862 13.539113201755766 110.69492432485778 70.21568537344865 8.4518206331490457 0.46403997114794115 0.050674775082363899 0.22737391801600498 13.846905451767363 0.012247837314134813 0.086166420762310736 10.096050469869722 14.808558321085 7.0650372944001978 12.056366687042102 1.2450435208047554 11.064329031749365 14.029739725594139 11.087582320300497 41.634709466823551 7.9592252458661674 58.481228576510603 329.93466595581498 123.95446582819949 10.594500816368962 170.60568357491866 13.980904230411403 9.5514862107811478 1.030900232028215 8.8643158317427133
leaf_count=238717 20064 118406 1778052 15555 108862 2688 356 1498 36880 30 4 4173 19826 6618 4245 275 679 4647 7167 19374 3856 48507 334084 23015 520 8118 558 764 39 351
internal_value=-0.00132871 -0.00377975 -0.0119394 0.00746939 -0.0327951 0.00266194 -0.0400664 0.229891 0.0297961 0.260267 0.115885 -3.57005e-05 0.01795 0.0308995 0.0417949 0.0601908 0.0314283 -0.0013601 0.0143088 0.0223406 -0.00577531 -0.00285668 -0.00357349 -0.00133908 0.00471626 -0.00172202 -0.0212122 -0.0346265 -0.0549402 -0.0471977
internal_weight=1625.73 1271.51 399.925 354.226 133.834 22.775 111.059 0.364215 14.3232 0.476288 0.31354 871.584 59.7784 46.2393 39.1743 24.3657 12.3094 811.805 70.7776 59.69 18.0553 741.028 726.998 668.517 338.582 214.628 44.0221 33.4276 23.8761 22.8452
internal_count=2807928 2772309 2167087 35619 1928370 148460 1779910 1858 39598 2718 1502 605222 150049 31643 25025 5199 954 455173 34570 27403 8029 420603 415956 367449 33365 10350 2232 1712 948 909
is_linear=0
shrinkage=0.05


Tree=126
num_leaves=31
num_cat=0
split_feature=11 7 4 9 13 4 7 7 0 1 9 3 1 4 7 9 1 1 4 7 4 1 7 7 9 9 4 10 4 4
split_gain=13.7751 27.0205 9.27998 10.8927 8.28824 7.96304 8.69287 7.68303 5.76995 8.60402 7.97871 9.98168 9.48668 9.28597 5.74067 5.69822 15.3584 5.65866 6.14896 5.28456 11.1839 5.8836 5.57276 5.11477 22.9509 9.6919 10.4411 7.79683 7.49065 8.58038
threshold=1.0000000180025095e-35 0.10435571894049646 0.99315068125724804 0.53371214866638195 1.0000000180025095e-35 0.55848154425621044 0.2788888961076737 0.12060606107115747 0.19090909510850909 0.56294015049934398 0.81844761967659008 0.87226107716560375 0.91476997733116161 0.99315068125724804 0.21240601688623431 0.75249087810516369 0.68801230192184459 0.42179392278194433 0.68908989429473888 0.14039409160614016 0.90366768836975109 0.69309264421463024 0.36939570307731634 0.075498577207326903 0.19456735998392108 0.57979589700698864 0.65030118823051464 1.0000000180025095e-35 0.90366768836975109 0.77032968401908886
decision_type=2 2 2 2 2 2 2 2 2 2 2 2 2 2 2 2 2 2 2 2 2 2 2 2 2 2 2 2 2 2
left_child=2 -2 4 7 23 6 -3 -4 9 17 11 -10 15 -12 -9 16 -13 18 -7 -18 21 -21 -23 24 -1 26 -26 -28 29 -29
right_child=1 5 3 -5 -6 8 -8 14 10 -11 13 12 -14 -15 -16 -17 19 -19 -20 20 -22 22 -24 -25 25 -27 27 28 -30 -31
leaf_value=-5.3569619982504424e-05 -0.04600223105015161 -0.05120331566213026 0.013238654906363143 0.050912072635214814 0.042241144042353865 -0.012740129403147966 -0.0071094143891971525 -0.064308611745656177 -0.032341910880320839 0.058606852845604018 -0.023313661933629871 -0.047094681710317443 -0.0015323469518305111 0.050725693799780314 0.050588869443898399 0.06201173595561657 -0.074256176387563072 -0.052306273557687633 0.068147576251493758 0.24971470162461348 0.20576484965132194 0.0096184543631917807 0.091469751412482078 0.0016170288142897443 -0.05406257879518292 0.10660248669174964 -0.039200382041421511 -0.0074676601600659129 -0.054505824164125839 0.069830519998925297
leaf_weight=368.08939021135996 47.291457742765886 16.613063154690813 58.461753450334072 18.339119791562553 11.335254367906598 6.121395966942119 34.162838092314367 5.6505642945412538 13.430427830870256 10.196960459699765 51.853738731238991 6.0467530483874787 39.052686811206513 4.6115105273202053 1.3461123472079632 12.283473834395407 0.79019797156070026 3.9714336108481794 3.8130116306710988 0.33092484256485377 1.1705731744877983 6.6263129127219127 3.0305676161951851 823.97210353244714 32.9241371515933 1.2541649923514331 17.599583731956955 9.0807537865475769 3.9221530538052312 5.9375471722742068
leaf_count=69444 1273205 430060 868 7968 2140 15837 108788 111 23768 1445 741 2888 1128 335 178 70 977 2301 1506 48 24 820 35 254002 557622 172 44552 6472 29 394
internal_value=-0.0012864 -0.0117972 0.000736933 0.0168544 -0.000323099 -0.00424208 -0.0215362 0.00731263 0.00113431 0.0237209 -0.00277585 0.00711081 0.0147533 -0.0172669 -0.0422031 0.0357581 0.0178376 -0.00186042 0.0183061 0.0506975 0.0595463 0.0424094 0.0353054 -0.000705174 -0.00506569 -0.0311538 -0.033641 -0.0152403 0.00702358 0.0230925
internal_weight=1619.31 261.397 1357.91 83.7975 1274.12 214.106 50.7759 65.4584 163.33 24.1028 139.227 82.7619 69.3315 56.4652 6.99668 30.2788 17.9953 13.9058 9.93441 11.9486 11.1584 9.98781 9.65688 1262.78 438.808 70.7183 69.4642 36.54 18.9405 15.0183
internal_count=2807928 1863976 943952 9125 934827 590771 538848 1157 51923 21089 30834 29758 5990 1076 289 4862 4792 19644 17343 1904 927 903 855 932687 678685 609241 609069 51447 6895 6866
is_linear=0
shrinkage=0.05


Tree=127
num_leaves=31
num_cat=0
split_feature=11 7 2 9 8 0 1 5 13 9 7 8 8 8 8 1 10 7 9 9 2 8 0 0 0 7 2 7 1 9
split_gain=12.6182 26.0383 9.06873 13.5251 12.1273 10.7286 10.4764 9.49126 8.2422 7.19661 7.33197 6.64686 14.3186 6.64163 12.0826 6.11426 15.9658 15.2501 10.0967 10.5363 12.2111 11.9697 9.91457 9.32683 8.99865 10.4186 18.7872 45.4309 86.6194 13.9631
threshold=1.0000000180025095e-35 0.075498577207326903 0.60943254828453075 0.70139563083648693 0.25547912716865545 0.11805555596947671 0.56440424919128429 1.0000000180025095e-35 1.0000000180025095e-35 0.81844761967659008 0.56696429848670971 0.75093984603881847 0.70782846212387096 0.45983158051967626 0.48290473222732549 0.40936473011970526 1.0000000180025095e-35 0.12060606107115747 0.90377491712570202 0.68013605475425731 0.85934066772460949 0.68863317370414745 0.26785714924335485 0.23611111193895343 0.080128207802772536 0.26794873178005224 0.33549784123897558 0.35388994216918951 0.45222154259681707 0.44838035106658941
decision_type=2 2 2 2 2 2 2 2 2 2 2 2 2 2 2 2 2 2 2 2 2 2 2 2 2 2 2 2 2 2
left_child=8 -2 3 -3 7 6 -6 -4 15 10 -7 12 -11 -8 -15 17 18 -1 19 21 23 24 -19 -21 25 -17 27 -27 -29 -28
right_child=1 2 4 -5 5 9 13 -9 -10 11 -12 -13 -14 14 -16 16 -18 22 -20 20 -22 -23 -24 -25 -26 26 29 28 -30 -31
leaf_value=-0.034393752081770153 -0.048925847991551322 -0.040227121932426536 -0.05236431009970232 0.00083572524920486578 0.40726554381349622 0.004901655042290105 -0.14061315731592666 0.4117826871989354 0.042429589832516781 -0.02829447281171607 0.069423352350853049 -0.0064916875654065335 -0.20359066735577322 0.33909051980693172 0.047281831899432192 0.00043568050922945231 0.013519942803643457 -0.002832454936603849 0.036823806947946104 -0.0074104809272689367 0.030277714580456902 0.089352405096578505 0.046496087649867394 -0.053629964348284875 -0.0021191629229140906 -0.050175704534246315 0.30800787137945984 3.9493985047629141 -0.050700791016179227 0.048419328568521214
leaf_weight=38.738567436876849 39.133837698435514 36.983166105181482 0.16798104645567846 43.805520890091429 0.21409188719189742 72.53644832041968 0.41969920365045243 0.31988379854010418 11.731277996092102 8.8786645187064988 4.6875433293753295 43.587773327715695 1.3408436027821142 0.37743323424001562 5.8982512217301064 9.1206756850270967 247.93044574186206 403.41678454967615 16.808152687270194 18.822794748819433 8.7784230494871718 3.6859521392034358 10.450193755343205 25.980790186440572 551.91121986199141 0.08863616552844078 0.56408998824190337 0.025003356800880283 0.029502424062229693 6.3432463277422357
leaf_count=485612 1095051 708379 356 24083 66 34435 186 7 2618 154 65 875 26 39 254 10474 57426 114533 1966 544 1297 217 529 406 267460 126 34 30 11 669
internal_value=-0.00123021 -0.0113566 -0.00464988 -0.0179619 0.00311917 0.00223905 0.062963 0.251968 0.000701361 -0.000963014 0.00881816 -0.0150009 -0.0512941 0.0519535 0.0648318 0.000336776 0.00274278 -0.00439485 -0.00141816 -0.00244603 -0.0236468 -0.000459246 -0.0015869 -0.0342123 -0.00104198 0.0357215 0.0813682 0.648343 1.78426 0.0696187
internal_weight=1612.78 258.351 219.217 80.7887 138.429 137.941 6.90948 0.487865 1354.43 131.031 77.224 53.8073 10.2195 6.69538 6.27568 1342.69 890.089 452.606 642.158 625.35 53.582 571.768 413.867 44.8036 568.082 16.1712 7.05048 0.143142 0.0545058 6.90734
internal_count=2807928 1863976 768925 732462 36463 36100 545 363 943952 35555 34500 1055 180 479 293 941334 340660 600674 283234 281268 2247 279021 115062 950 278804 11344 870 167 41 703
is_linear=0
shrinkage=0.05


Tree=128
num_leaves=31
num_cat=0
split_feature=4 9 11 9 4 13 8 9 4 1 3 4 8 4 9 4 9 8 8 9 1 8 3 1 4 4 9 1 9 9
split_gain=12.0847 13.4892 12.188 18.3828 7.54701 7.36028 5.69636 10.3758 7.00849 6.52981 10.1935 6.09508 5.30613 5.059 8.8225 6.40859 40.3253 9.40847 11.289 7.15355 12.6724 21.6519 8.54944 7.93254 27.0026 95.3986 73.4433 8.26473 9.40387 6.78051
threshold=0.99315068125724804 0.53371214866638195 1.0000000180025095e-35 0.44392034411430364 0.81661397218704235 1.0000000180025095e-35 0.97413599491119396 0.90377491712570202 0.51113310456275951 0.35948719084262853 0.2930081188678742 0.15504807978868487 0.33064357936382299 0.43534001708030706 0.81844761967659008 0.45748709142208105 0.90377491712570202 0.84168756008148204 0.8825557827949525 0.81844761967659008 0.34330357611179357 0.97413599491119396 0.87226107716560375 0.13446328043937686 0.47140522301197058 0.46841755509376531 0.73097601532936107 0.12632978707551959 0.73097601532936107 0.44973245263099676
decision_type=2 2 2 2 2 2 2 2 2 2 2 2 2 2 2 2 2 2 2 2 2 2 2 2 2 2 2 2 2 2
left_child=2 12 5 4 -4 6 7 -1 11 10 -9 -8 -2 14 -5 16 17 -15 -19 22 21 -21 23 24 25 -17 -27 -26 -29 -25
right_child=1 -3 3 13 -6 -7 8 9 -10 -11 -12 -13 -14 15 -16 19 -18 18 -20 20 -22 -23 -24 29 27 26 -28 28 -30 -31
leaf_value=-0.001691128043385434 0.012692151611349317 0.046390748448292718 -0.047996626993631164 -0.041130198021430163 0.0083998039304364006 0.041410540933637954 0.053394979958085113 0.017098174031619517 0.017576939823955293 0.02772207938582541 -0.024162264077362428 -0.043441958506210437 -0.017731027450949014 -0.018117791137116635 0.016108476669619436 -0.050031273611363475 0.81930530273458302 1.0760848631729487 -0.050213152053258131 0.0082750942719487137 -0.018175462533293409 0.36672714417510432 0.01826804955359386 0.16895574574950659 0.0077655472239017941 -0.050002586950952881 9.99492488275299 -0.050445018718692593 0.55100028798197298 -0.025477931348865793
leaf_weight=1109.3726718093949 54.320404124970082 26.263838679966284 42.00255012246825 22.235609263904824 6.9077402512630206 10.449633476557208 1.7597192376852095 46.867392561398447 8.3017082611331698 49.546717103337869 21.993643015157431 21.215520435012877 19.468775515182642 1.438092969818938 9.6554485025117156 0.023350733461481643 0.17247590539045621 0.044395139004336559 0.044597247935598716 1.5509985878597938 70.126646187389269 0.57838302524760354 55.628574192688248 0.4563473791640672 1.1638095364636893 0.0028682849460892612 0.0049775380757637322 0.1073021337579122 0.16482005181023851 25.726983603310071
leaf_count=923685 1258 8447 1283562 423270 13290 2140 9 316 1131 7224 201 121 1496 20099 3226 299 29 24 16 257 1018 13 9676 10217 3130 67 2 325 9 93371
internal_value=-0.00120933 0.0156181 -0.00232614 -0.0127086 -0.0400316 -0.000379409 -0.000726248 -0.000189466 -0.0217977 0.0138797 0.00391993 -0.036025 0.0046652 -0.00564247 -0.0238004 -0.00195959 0.0946061 0.0127553 0.511657 -0.00301478 -0.0145267 0.105638 0.00697339 -0.0157498 0.0973869 1.55269 6.32269 0.0657696 0.313841 -0.0220892
internal_weight=1607.6 100.053 1507.54 238.036 48.9103 1269.51 1259.06 1227.78 31.2769 118.408 68.861 22.9752 73.7892 189.126 31.8911 157.235 1.69956 1.52709 0.0889924 155.535 72.256 2.12938 83.279 27.6505 1.46713 0.0311966 0.00784582 1.43593 0.272122 26.1833
internal_count=2807928 11201 2796727 1861900 1296852 934827 932687 931426 1261 7741 517 130 2754 565048 426496 138552 20168 20139 40 118384 1288 270 117096 107420 3832 368 69 3464 334 103588
is_linear=0
shrinkage=0.05


Tree=129
num_leaves=31
num_cat=0
split_feature=3 7 4 10 5 2 3 1 7 8 4 4 7 8 1 4 11 8 4 3 8 4 1 4 1 4 4 3 0 2
split_gain=11.5958 22.4209 25.2135 11.8974 8.9796 8.97635 13.8763 8.58904 8.78365 7.9907 7.71678 10.051 6.67676 7.86985 6.64306 6.63032 6.57041 9.48932 6.34626 8.2989 6.17892 9.06832 6.09956 8.33551 11.2353 8.98391 5.96777 12.5532 10.2331 7.3109
threshold=0.89725545048713695 0.10912698507308961 0.62575301527977001 1.0000000180025095e-35 1.0000000180025095e-35 0.78629976511001598 0.77871939539909374 0.55848154425621044 0.36939570307731634 1.0000000180025095e-35 0.77581480145454418 0.50878274440765392 0.11651583760976793 0.3390821665525437 0.77459675073623668 0.90366768836975109 1.0000000180025095e-35 0.84168756008148204 0.85912698507308971 0.86729559302330028 0.26246066391468054 0.90366768836975109 0.34178434312343603 0.7228132188320161 0.44136746227741247 0.69416099786758434 0.83457711338996898 0.8155706822872163 0.58571431040763866 0.65599384903907787
decision_type=2 2 2 2 2 2 2 2 2 2 2 2 2 2 2 2 2 2 2 2 2 2 2 2 2 2 2 2 2 2
left_child=1 2 -1 7 5 6 14 8 9 22 11 -7 -11 -14 16 -12 -3 -18 -8 -20 21 26 -2 24 -24 -26 27 28 29 -4
right_child=3 4 20 -5 -6 10 18 -9 -10 12 15 -13 13 -15 -16 -17 17 -19 19 -21 -22 -23 23 -25 25 -27 -28 -29 -30 -31
leaf_value=-0.047445449690448477 0.11453326590445188 -0.00081374979744657384 -0.0078498406357767475 0.017702177086644379 0.050217731144341742 0.13021608989509278 -0.038443895424778024 -0.0010914307299167128 0.065373870708086076 -0.050367566217573503 0.05098154322703196 -0.023556207970646958 0.15517548379940746 -0.00043383689444750629 0.071700573447086552 -0.025466609214220778 -0.027926852650377337 0.010437066421088652 -0.080330604547527371 -0.34729088300004007 -0.023892967194146544 -0.040594307097104522 -0.050400643056285402 -0.025513337216484216 0.063571234370517635 0.25865011645756475 0.047890236222885962 -0.034645509362266291 0.6057237522437412 0.050584276600209324
leaf_weight=61.349806469279343 2.1238578733172977 577.97479666133017 9.4268527627246126 121.15825645760196 8.2823794623836857 1.1728014545044505 14.861153534269649 573.53926946219872 9.1093722455989319 7.0578715164992945 19.407816345861651 11.315245756659349 0.87544544139018121 11.304504790689544 3.0191016009921432 3.3216429069288997 53.610937191723451 23.048386922026111 1.2549912602407847 0.37904226960381482 28.759826121943732 9.149022324694668 2.105456974153638 5.4370240531861773 6.9579935681540519 0.64487959444522847 10.085153119591267 13.023044154750094 0.076211234118089943 12.385511043667064
leaf_count=1674443 407 164723 12854 21901 1171 85 7507 84080 223 63030 1331 1141 236 3954 284 283 563161 2362 125 25 192180 98 771 109 1188 35 879 3273 32 6037
internal_value=-0.00121636 -0.00515855 -0.0231455 0.0033733 -0.00154297 -0.00214732 -0.00343286 0.000569385 0.021451 0.0104912 0.0224611 -0.00911485 -0.011672 0.0107507 -0.00229678 0.0398095 -0.00263804 -0.0163924 -0.0487277 -0.142257 -0.00516358 0.00478464 0.0351809 0.0240531 0.0518122 0.0801179 0.0140114 0.00422455 0.0273511 0.0253303
internal_weight=1602.22 861.904 144.255 740.314 717.648 709.366 674.148 619.156 45.6164 36.507 35.2175 12.488 19.2378 12.18 657.653 22.7295 654.634 76.6593 16.4952 1.63403 82.9056 54.1458 17.2692 15.1454 9.70833 7.60287 44.9968 34.9116 21.8886 21.8124
internal_count=2807928 2631994 1889796 175934 742198 741027 738187 154033 69953 69730 2840 1226 67220 4190 730530 1614 730246 565523 7657 150 215353 23173 2510 2103 1994 1223 23075 22196 18923 18891
is_linear=0
shrinkage=0.05


Tree=130
num_leaves=31
num_cat=0
split_feature=4 9 11 7 13 9 4 4 7 7 8 9 10 4 2 3 3 4 9 8 7 4 3 2 3 4 7 4 4 3
split_gain=10.9146 12.832 11.0958 23.3081 6.85407 6.09751 10.7776 5.97047 5.80743 6.76247 5.18917 9.28889 8.96269 6.51291 5.28708 6.33277 5.84648 5.04589 6.23743 7.93165 8.70893 13.7197 10.6724 5.98217 11.8058 9.26051 5.52197 6.42804 12.6765 12.895
threshold=0.99315068125724804 0.53371214866638195 1.0000000180025095e-35 0.12060606107115747 1.0000000180025095e-35 0.2904126793146134 0.93063354492187511 0.94826048612594616 0.12060606107115747 0.17752101272344592 0.97413599491119396 0.90377491712570202 1.0000000180025095e-35 0.51191151142120372 0.37884436547756201 0.2930081188678742 0.38507877290248876 0.55848154425621044 0.86319074034690868 0.67936623096466076 0.64495798945426952 0.25866188108921057 0.42179392278194433 0.40212766826152807 0.39250700175762182 0.4530817717313767 0.51666668057441723 0.29818989336490637 0.24525599926710132 0.32049381732940679
decision_type=2 2 2 2 2 2 2 2 2 2 2 2 2 2 2 2 2 2 2 2 2 2 2 2 2 2 2 2 2 2
left_child=2 8 4 7 10 6 -5 -4 -2 -10 11 -1 -12 -14 15 -13 -16 18 -7 20 -20 -22 -23 24 26 -26 27 28 -21 -30
right_child=1 -3 3 5 -6 17 -8 -9 9 -11 12 14 13 -15 16 -17 -18 -19 19 23 21 22 -24 -25 25 -27 -28 -29 29 -31
leaf_value=-0.0016051205185709208 0.0111013000690967 0.045908708393567033 -0.047285402332285564 -0.050488087968745501 0.040918387700024705 -0.033165501813536717 0.4586211583637953 0.12208384566243716 -0.059604489838332012 0.011301687082642717 0.024214804514447984 0.016231966457340426 -0.052008267310993797 0.0098014547483814378 0.14408719493840338 -0.014036073440554426 0.024396423304364701 -0.00055932551799085903 -0.052735702123098707 0.0737676376835881 0.47276724922201585 -0.052427383583817433 0.24320658113527127 -0.048925074801117699 -0.050438235595826324 0.32930156871645266 -0.017947991150898873 -0.050149040126574687 0.93453305996452873 -0.050115460575535391
leaf_weight=1106.5401407329116 59.833843863423681 24.999866497164476 43.007718272571566 0.22369176905198074 9.970295434468424 29.542702322104816 0.19420496374368668 0.52670284858322602 6.9392217330168915 6.5240434587467462 8.1447014404693636 47.508647219277918 17.345949387177829 5.6501033626263952 1.0462040547281493 27.160116356797516 41.150722347199917 144.78886581341817 0.69347686885157545 0.39625881286337783 0.28649188857525576 0.6409079066943375 0.58294528629630804 5.3938212076900527 0.23474966909270722 0.50791277014650404 5.9881400180747733 0.35813400708138943 0.1015577157959342 0.049436035216785967
leaf_count=923685 2373 8447 1400173 2220 2140 417029 2 219 146 235 315 330 95 851 12 282 7117 40241 178 68 34 113 9 153 51 11 1150 178 47 24
internal_value=-0.00116427 0.0149757 -0.00222333 -0.012237 -0.00037412 -0.00467521 0.186105 -0.0452363 0.00442524 -0.0252447 -0.000702285 -0.00018924 -0.0208579 -0.0368217 0.013217 0.00522223 0.027364 -0.00509578 -0.0197648 0.00622289 0.0939495 0.1613 0.0883889 -0.00861469 0.0198585 0.209269 -0.00054726 0.11454 0.222315 0.612155
internal_weight=1596.33 98.297 1498.03 233.518 1264.52 189.983 0.417897 43.5344 73.2971 13.4633 1254.55 1223.41 31.1408 22.9961 116.866 74.6688 42.1969 189.565 44.7765 15.2338 2.20382 1.51035 1.22385 13.03 7.63619 0.742662 6.89353 0.905387 0.547253 0.150994
internal_count=2807928 11201 2796727 1861900 934827 461508 2222 1400392 2754 381 932687 931426 1261 946 7741 612 7129 459286 419045 2016 334 156 122 1682 1529 62 1467 317 139 71
is_linear=0
shrinkage=0.05


Tree=131
num_leaves=31
num_cat=0
split_feature=4 7 7 8 8 4 9 4 8 7 9 9 4 7 7 9 9 0 7 8 4 9 4 9 4 9 8 8 2 3
split_gain=9.9987 12.3936 10.1673 28.4502 12.8734 9.22539 7.86646 11.1586 10.664 7.6886 7.50434 17.0466 11.4933 9.43859 7.44009 9.15566 71.3473 162.888 8.20903 10.8876 13.5449 8.05996 7.13031 7.09306 6.80591 7.57169 8.32923 25.8152 23.4715 12.1115
threshold=0.84292763471603405 0.36602871119976049 0.12060606107115747 0.27465948462486273 0.55891487002372753 0.60421237349510204 0.45622551441192633 0.4901809841394425 0.46882475912570959 0.13188406080007556 0.53601509332656871 0.53371214866638195 0.78086888790130626 0.10912698507308961 0.056349206715822227 0.38307815790176397 0.38243331015110021 0.63333335518836986 0.080540537834167494 0.27924077212810522 0.79205974936485302 0.47089621424674993 0.67826876044273388 0.46628944575786596 0.21132376790046695 0.54416766762733471 0.47466187179088598 0.47643721103668218 0.24068965017795566 0.1490740776062012
decision_type=2 2 2 2 2 2 2 2 2 2 2 2 2 2 2 2 2 2 2 2 2 2 2 2 2 2 2 2 2 2
left_child=2 -2 3 -1 5 -5 7 -4 9 -9 11 13 -13 -6 -7 16 18 -18 19 20 -16 -17 -11 -8 25 26 -25 28 -28 -29
right_child=1 -3 6 4 10 14 23 8 -10 22 -12 12 -14 -15 15 21 17 -19 -20 -21 -22 -23 -24 24 -26 -27 27 29 -30 -31
leaf_value=-0.00087858055247115184 0.0018760084740836699 0.026182178384292099 -0.024295445788549141 -0.049273100183919838 -0.03847276198773894 -0.038913969162088523 -0.050827291235461938 -0.012634865667236733 -0.028553967759219902 0.076108706294473222 0.0054186565984076437 -0.050044329446224833 1.6801363632521795 0.1996287399601091 -0.050798488539857391 -0.052053633754680376 -0.050048129096007178 5.9638333474097891 0.055646168438460077 -0.026017156782337954 -1.3330492357567225 0.014890270389837472 0.029067032454432908 -0.050235806620286351 -0.0024815012091544053 0.010249960617995667 -0.050081357519528372 0.28374991029712654 2.7497546604000602 0.039598718177737163
leaf_weight=264.11428629241561 281.45683207203433 64.455548677637125 12.605975445372044 54.448035355495179 0.7163281637642559 27.676216243353338 7.2198492638308371 6.1418446340339861 6.9096707924533751 13.597219217985183 5.3299225989521801 0.01437807832371607 0.028873862698674202 0.99347435949407548 0.047819910239926933 10.611463671846861 0.034875721641584145 0.016627706310828216 7.0960569098242559 3.0557955109961767 0.03617557911638869 7.8021609808997985 19.76399493466306 0.79897393047745779 726.31167371726792 67.080909357453493 0.012889361520138087 0.74608345730633518 0.017853956172984908 1.5914154803211948
leaf_count=238717 20064 15555 118406 1634102 2839 237055 20049 10294 6618 12569 7018 227 1 3364 79 22779 189 7 5445 8609 7 6649 2162 5155 401949 19617 73 2204 21 6105
internal_value=-0.00111483 0.0064051 -0.00320448 -0.00999543 -0.0304172 -0.0345939 -0.000197638 0.0174213 0.0287518 0.0387754 0.0349345 0.124673 1.10498 0.0998752 -0.0204169 -0.00258031 0.0352016 1.89151 0.0258613 -0.0414538 -0.603044 -0.0236884 0.0482401 -0.00149133 -0.00104416 0.0138168 0.0893625 0.136459 1.5759 0.117527
internal_weight=1590.73 345.912 1244.82 382.022 117.908 110.825 862.798 59.0187 46.4127 39.5031 7.08298 1.75305 0.0432519 1.7098 56.3772 28.701 10.2874 0.0515034 10.2358 3.13979 0.0839955 18.4136 33.3612 803.78 796.56 70.2481 3.16722 2.36824 0.0307433 2.3375
internal_count=2807928 35619 2772309 2167087 1928370 1914921 605222 150049 31643 25025 13449 6431 228 6203 280819 43764 14336 196 14140 8695 86 29428 14731 455173 435124 33175 13558 8403 94 8309
is_linear=0
shrinkage=0.05


Tree=132
num_leaves=31
num_cat=0
split_feature=4 9 11 7 13 7 4 7 4 0 9 0 1 9 6 9 7 4 4 9 9 1 7 2 4 1 3 2 2 2
split_gain=9.70195 12.2715 9.80814 21.5972 6.4299 5.55963 5.3412 4.9434 4.91308 6.19461 9.55273 8.74858 12.228 10.5355 8.00227 6.32652 6.12841 5.73165 5.42533 11.2001 8.95266 8.14044 13.9358 24.5559 5.77343 9.14581 6.36699 6.24431 6.02543 10.3089
threshold=0.99315068125724804 0.64882761240005504 1.0000000180025095e-35 0.12060606107115747 1.0000000180025095e-35 0.12060606107115747 0.94826048612594616 0.17752101272344592 0.55848154425621044 0.70833334326744091 0.66828480362892162 0.81666666269302379 0.99056604504585277 0.86319074034690868 1.0000000180025095e-35 0.64882761240005504 0.2788888961076737 0.25866188108921057 0.84292763471603405 0.48724456131458288 0.6546536684036256 0.80350878834724437 0.18898809701204303 0.76277056336402904 0.73746865987777721 0.97014260292053234 0.4403389841318131 0.56294015049934398 0.79118219017982494 0.77032968401908886
decision_type=2 2 2 2 2 2 2 2 2 2 2 2 2 2 2 2 2 2 2 2 2 2 2 2 2 2 2 2 2 2
left_child=2 5 4 6 -1 -2 -4 -7 16 18 14 13 -13 -12 -11 -16 -5 -18 24 21 -21 22 23 -20 25 27 -26 -10 29 -28
right_child=1 -3 3 8 -6 7 -8 -9 9 10 11 12 -14 -15 15 -17 17 -19 19 20 -22 -23 -24 -25 26 -27 28 -29 -30 -31
leaf_value=-0.00072676308740037129 0.012413952115400072 0.050367096072855888 -0.047049026425525296 -0.05159471387377277 0.040448220910308252 -0.048999953455108561 0.10765925053604895 0.0055797501020160558 -0.013997237029132381 0.13048026832270937 -0.01840802239381507 0.052751150880051681 -0.032364184965452882 -0.17203937241012357 -0.0026339003453327184 0.11499096476048498 0.033593541478770084 -0.018764358855547496 -0.050050343057482238 -0.051690514908242106 0.039756335956576794 0.097307042515990511 0.14680234893111269 1.426938884978 0.075498934475601298 0.5284186947437558 -0.028824060711744971 0.024142041955677207 0.0091099255266574222 -0.16657308206306626
leaf_weight=1251.9100808277185 60.965058721572859 18.88099988992326 39.754717265544627 10.961700534947431 9.5538572562509199 7.8591843205504146 0.56583423938718524 8.7870071423822065 16.154271978864919 1.4332432742085082 2.2772268485277882 5.0088082440197494 26.782942587509751 2.1882387660443783 14.063021434194523 1.2443067450076348 6.5090379027897134 26.538886262482684 0.048194915251687287 3.4801100695040068 11.589362939354031 1.5853084206901256 0.24503254506271333 0.067630779478349723 1.747889983402273 0.085668623447417214 14.260637429199113 31.973031296156798 9.1251199621547112 1.5012123677515763
leaf_count=932687 2415 8010 1400173 312065 2140 191 219 585 23622 55 25 51 419 32 515 13 24436 84352 105 209 245 90 21 22 263 1 2234 12200 396 137
internal_value=-0.00114909 0.0142159 -0.00214369 -0.0116588 -0.000414919 0.00542121 -0.0448779 -0.020189 -0.00456708 -0.000122179 -0.0137349 -0.0281591 -0.0189542 -0.0936929 0.0175056 0.00692763 -0.0191978 -0.00845208 0.00773123 0.0332158 0.0186378 0.146095 0.36043 0.812366 0.00193766 0.0122591 -0.0167457 0.0113403 -0.0232243 -0.0419437
internal_weight=1587.15 96.4923 1490.66 229.191 1261.46 77.6113 40.3206 16.6462 188.871 144.861 52.9978 36.2572 31.7918 4.46547 16.7406 15.3073 44.0096 33.0479 91.8635 17.0156 15.0695 1.94617 0.360858 0.115826 74.8478 48.213 26.6349 48.1273 24.887 15.7618
internal_count=2807928 11201 2796727 1861900 934827 3191 1400392 776 461508 40655 1110 527 470 57 583 528 420853 108788 39545 692 454 238 148 127 38853 35823 3030 35822 2767 2371
is_linear=0
shrinkage=0.05


Tree=133
num_leaves=31
num_cat=0
split_feature=4 9 10 1 7 4 9 3 4 1 0 2 7 1 9 8 9 7 7 4 2 8 4 1 1 7 0 1 4 4
split_gain=8.87765 11.8949 7.65879 12.3482 10.4775 9.62581 25.4542 17.2254 12.8959 10.8678 8.8972 9.10532 11.1303 11.4055 8.5193 11.7073 11.3739 10.2273 8.4324 11.6417 10.1586 8.02199 10.9805 7.95541 9.40001 7.93978 7.88884 7.88545 7.85166 8.58975
threshold=0.99315068125724804 0.64882761240005504 1.0000000180025095e-35 0.35767590999603277 0.087595909833908095 0.61311829090118419 0.86319074034690868 0.89725545048713695 0.50274726748466503 0.58123165369033825 0.19090909510850909 0.36266924440860754 0.55050507187843334 0.31139971315860754 0.60625612735748302 0.6975214183330537 0.58705621957778942 0.38278388977050787 0.51666668057441723 0.31662489473819738 0.33549784123897558 0.73186674714088451 0.29818989336490637 0.36882591247558599 0.41612553596496588 0.21980676054954532 0.46428571641445165 1.0000000180025095e-35 0.54653680324554454 0.52223318815231334
decision_type=2 2 2 2 2 2 2 2 2 2 2 2 2 2 2 2 2 2 2 2 2 2 2 2 2 2 2 2 2 2
left_child=2 -2 5 4 -4 6 7 25 -8 26 11 12 -7 -14 15 16 -13 -16 19 20 21 -6 -23 -19 -25 -1 -9 -21 29 -20
right_child=1 -3 3 -5 18 10 8 9 -10 -11 -12 14 13 -15 17 -17 -18 23 28 27 -22 22 -24 24 -26 -27 -28 -29 -30 -31
leaf_value=-0.045969808059047212 0.0051799332557412427 0.050350689885062631 -0.048124318175106998 0.010163188476585063 0.0090772635569321154 -0.033851355301291408 0.031006114060270342 -0.030019696590797298 -0.021874652791091923 -0.016383589263574937 -0.003756742458739934 0.037739818350307798 0.084368115326279969 -0.038147589076542726 -0.030421838935455033 0.73214773497686192 0.15836101170648773 0.12586460568273902 -0.014935127194600807 0.045629764586324069 -0.047176028805909688 0.032214640452878758 0.12886709423002699 -0.074549093695408283 0.035781720645010444 -0.020830862944242204 0.044176665057620634 -0.013814022011023309 0.0149514681586694 -0.10263844980913753
leaf_weight=60.371306159273558 77.200383804287412 17.96586711180862 13.159004680196174 273.69114049619748 43.453819785988259 15.879608694928743 40.347496908914763 4.5530549852519782 16.141527294763364 37.215402869509489 602.3771305748445 12.357433151454957 5.041471219272351 3.0482227990869433 9.2262734300857137 0.064456318854355099 2.3214987475839743 2.0734632992534925 108.26725309551693 6.0769819945890182 5.5044880887580794 29.474642428802326 3.2639958614017806 2.1944885923003339 16.049392608721973 65.471434655327016 16.80650946681871 68.076415933836827 22.907796323765069 2.8657242096960536
leaf_count=1710751 3191 8010 296826 106154 26771 16861 2216 38485 294 31123 290514 13972 104 58 594 9 212 79 870 712 3749 198 34 73 572 203594 22468 29102 307 25
internal_value=-0.00109788 0.0137075 -0.00204459 0.00246466 -0.00448804 -0.00489765 -0.0134704 -0.0224655 0.0158956 -6.73951e-05 -0.00181813 0.0152906 -0.00953258 0.0382038 0.0287255 0.0597687 0.0568163 0.0132338 -0.00250726 0.00540121 0.0184205 0.0231595 0.0418508 0.0330581 0.0225104 -0.0328909 0.0283608 -0.00894251 -0.0117025 -0.0171967
internal_weight=1583.45 95.1663 1488.28 576.741 303.05 911.54 240.907 184.418 56.489 58.575 670.633 68.2563 23.9693 8.08969 44.287 14.7434 14.6789 29.5436 289.891 155.85 81.6969 76.1925 32.7386 20.3173 18.2439 125.843 21.3596 74.1534 134.041 111.133
internal_count=2807928 11201 2796727 464748 358594 2331979 2008931 2006421 2510 92076 323048 32534 17023 162 15511 14193 14184 1318 61768 60566 30752 27003 232 724 645 1914345 60953 29814 1202 895
is_linear=0
shrinkage=0.05


Tree=134
num_leaves=31
num_cat=0
split_feature=3 0 1 6 2 2 8 1 2 3 8 10 9 3 3 3 9 2 8 8 3 3 3 2 2 0 1 2 3 0
split_gain=8.44052 13.4574 37.013 35.068 19.3169 12.9612 12.7656 10.1656 8.17159 7.77494 7.72537 7.32748 7.07059 9.71632 6.65464 6.34092 11.0541 27.2405 27.3816 62.2397 13.7399 421.975 6.01677 60.1816 12.7868 15.1281 8.06602 6.05673 83.8328 131.867
threshold=0.89725545048713695 1.0000000180025095e-35 0.55217784643173229 1.0000000180025095e-35 0.68133461475372326 0.68133461475372326 0.84168756008148204 0.47413024306297308 0.23940297961235049 0.45748709142208105 0.19530533254146579 1.0000000180025095e-35 0.47836488485336309 0.51316702365875255 0.26766170561313635 0.25158227980136877 0.48022346198558813 0.24525599926710132 0.47836488485336309 0.48993107676506048 0.1490740776062012 0.14415584504604342 0.68457102775573742 0.6832355558872224 0.65599384903907787 0.29285715520381933 0.65419578552246105 0.56070175766944896 0.56294015049934398 0.23611111193895343
decision_type=2 2 2 2 2 2 2 2 2 2 2 2 2 2 2 2 2 2 2 2 2 2 2 2 2 2 2 2 2 2
left_child=1 2 5 6 -5 12 10 -2 -4 -10 22 -9 13 -1 -12 16 17 20 -19 -20 21 -14 23 24 27 -26 -27 -3 29 -29
right_child=7 3 8 4 -6 -7 -8 11 9 -11 14 -13 15 -15 -16 -17 -18 18 19 -21 -22 -23 -24 -25 25 26 -28 28 -30 -31
leaf_value=-0.024359443661151111 0.029602211408827545 -0.024907148712577681 -0.38619907133186665 -0.020409513837793734 0.023064809425333982 0.15456808133805688 0.025362727392779311 -0.0005846245630704124 0.090662968144182857 0.032822466923569896 0.30154304582558938 0.013700317212209032 -0.050024514449349078 0.081707446911598203 -0.045292525307085461 -0.0074338337024685511 0.0036377180886780882 -0.050031017668839967 6.337143196455183 -0.050020036721192797 -0.05011669856145097 21.944435020753826 -0.025791673186556882 3.1154767788879334 -0.050066805713887642 -0.050112385779404002 0.97239719119600765 -0.050010241257962801 0.062766981184935441 10.993134032541068
leaf_weight=60.490337492577908 33.925393613592519 3.7039164194575731 0.11270523071288963 41.932967757671719 65.404229958152285 1.2794304029066541 8.6847886971081589 593.4754036189388 6.6325357777441232 46.846186535967263 0.13851882999006093 105.77065289365419 0.053546767727197131 2.2390692525132172 86.950101639427956 295.00243503017555 201.8986421729648 0.010965565526930732 0.0078281062815221958 0.0074382377661095242 0.18354952454319573 0.002273301144668948 21.410677102598129 0.015795095463545183 0.10410188928653941 0.024024798114623991 0.097801570020237705 0.0067088486448482199 1.3296727941560673 0.004527691404291545
leaf_count=800013 45139 30082 1 206100 29790 30 392 109594 1701 7693 138 21201 554 3411 1065973 305111 153312 141 50 83 1797 35 18094 35 317 89 228 61 6729 34
internal_value=-0.00105212 -0.00445949 -0.000600634 -0.0147825 0.00608088 -0.00439195 -0.0330678 0.00287299 0.0390997 0.039996 -0.0375275 0.00157617 -0.0047552 -0.0205735 -0.0447409 -0.00275934 0.00406178 0.326413 1.85603 3.22512 0.158787 0.845711 -0.0139969 0.0337723 0.0245372 0.39254 0.770753 0.00805648 0.09911 4.39975
internal_weight=1577.75 844.575 614.767 229.808 107.337 561.176 122.471 733.171 53.5914 53.4787 113.786 699.246 559.896 62.7294 87.0886 497.167 202.164 0.265602 0.0262319 0.0152663 0.23937 0.0558201 26.6972 5.28655 5.27075 0.225928 0.121826 5.04483 1.34091 0.0112365
internal_count=2807928 2631994 1273932 1358062 235890 1264537 1122172 175934 9395 9394 1121780 130795 1264507 803424 1066111 461083 155972 2660 274 133 2386 589 55669 37575 37540 634 317 36906 6824 95
is_linear=0
shrinkage=0.05


Tree=135
num_leaves=31
num_cat=0
split_feature=4 9 9 3 3 4 3 12 3 0 10 5 7 0 9 4 1 1 1 0 4 3 9 8 7 3 9 0 8 7
split_gain=23.7194 85.4322 324.186 13646.1 517390 5298.98 15.4894 44.6189 25.0807 19.0525 11.1092 10.7782 8.004 11.9979 37.2349 7.45766 11.9765 12.2468 10.1891 14.0787 9.43259 13.4974 10.3845 18.6288 10.6344 91.3659 231.121 8.13982 8.01289 10.3725
threshold=0.55351883172988903 0.48157843947410589 0.47836488485336309 0.1490740776062012 0.14415584504604342 0.28759399056434637 0.74464204907417308 1.0000000180025095e-35 0.56294015049934398 0.23611111193895343 1.0000000180025095e-35 1.0000000180025095e-35 0.13188406080007556 0.29285715520381933 0.47643721103668218 0.30068494379520422 0.32757078111171728 1.0000000180025095e-35 0.62115561962127697 0.29285715520381933 0.44327485561370855 0.33549784123897558 0.7807200849056245 0.58355855941772472 0.1695402339100838 0.270728349685669 0.70139563083648693 0.13392857462167743 0.58790296316146862 0.4220647811889649
decision_type=2 2 2 2 2 2 2 2 2 2 2 2 2 2 2 2 2 2 2 2 2 2 2 2 2 2 2 2 2 2
left_child=1 2 6 4 -4 -6 7 8 9 -1 -2 -12 -9 -14 -15 -3 17 -17 19 20 -18 22 23 -22 25 26 -25 -20 -26 -30
right_child=10 15 3 -5 5 -7 -8 12 -10 -11 11 -13 13 14 -16 16 18 -19 27 -21 21 -23 -24 24 28 -27 -28 -29 29 -31
leaf_value=-0.050004859842104045 -0.0018023577355008296 0.0049567019420101825 -0.050022966385581152 -0.032957557851375649 -886.2731052835511 -725.46757439503006 -0.0052212062625064583 -0.04843253291134697 -0.025575359247489007 -0.28876163413325756 0.0055556913536938222 0.032850306616614318 -0.014394087615669899 0.14133613994787236 2.259098978413618 0.037973376386143259 -0.016423792717976171 -0.028599335203389233 0.043414165159035831 0.044962989660522285 -0.011771364276166424 0.001870342724333696 0.026671897148992249 -0.050015104922272291 0.76311156913078659 0.31955896815333212 17.096504178064446 -0.055425565010355053 0.058602973568789053 0.29252287607778665
leaf_weight=1.0796458591867111 808.03419592784257 189.36435727729804 0.075922432977675647 3.1074280917315642 0.0010155256956068106 0.0010338654323049923 25.688714886842703 39.789806488454346 2.0464416146132862 3.6960120564544923 224.95379280060797 43.098169321077876 15.122304343180252 0.50501065744726403 0.021645219641868607 7.5571306002249647 52.705336331142476 80.457335702765121 2.5136587723592294 19.13899554794429 1.2711721944724543 39.489332033314184 5.1808122985530645 0.0060278283253868414 0.061294116856515646 0.13293547136527195 0.0029160251724533737 12.15837699567432 0.89625776364118781 1.0056403307462458
leaf_count=12666 560701 174289 871 14619 35 27 140589 1432940 18211 3542 43494 15057 101117 2275 43 2801 106164 136815 194 6178 4210 24662 121 63 49 237 2 4635 1131 190
internal_value=-0.00306619 -0.0120284 -0.0558349 -0.551353 -21.2111 -805.151 -0.037888 -0.0513663 -0.172028 -0.234785 0.0011237 0.0099442 -0.0365181 -0.00622385 0.228375 -0.00233694 -0.00854224 -0.0228832 0.000837893 0.00565103 -0.00181675 0.0142067 0.0711369 0.139368 0.230635 0.648672 5.54038 -0.038492 0.200424 0.18229
internal_weight=1579.16 503.077 91.135 3.1854 0.0779718 0.00204939 87.9496 62.2609 6.8221 4.77566 1076.09 268.052 55.4388 15.649 0.526656 411.942 222.577 88.0145 134.563 119.891 100.752 48.0464 8.55706 3.37624 2.10507 0.141879 0.00894385 14.672 1.96319 1.9019
internal_count=2807928 2188676 1726935 15552 933 62 1711383 1570794 34419 16208 619252 58551 1536375 103435 2318 461741 287452 139616 147836 143007 136829 30665 6003 5882 1672 302 65 4829 1370 1321
is_linear=0
shrinkage=0.05


Tree=136
num_leaves=31
num_cat=0
split_feature=4 7 3 9 3 2 10 2 4 1 9 9 2 1 3 4 9 1 4 3 2 1 1 3 3 9 8 7 2 1
split_gain=12.4213 43.0476 16.5617 28.1569 17.0693 17.5166 10.0814 7.5265 7.46277 9.51335 12.5987 183.403 296.753 11.3525 8.29336 6.64291 8.09764 8.0479 6.92469 8.01173 17.7557 14.1912 48.6452 6.43337 11.2273 8.58166 9.91093 12.3737 6.25773 6.25342
threshold=0.55351883172988903 0.12060606107115747 0.79655173420906078 0.19456735998392108 0.56294015049934398 0.56070175766944896 1.0000000180025095e-35 0.90098038315773021 0.28759399056434637 0.29459981620311743 0.28493365645408636 0.27924077212810522 0.27334994077682501 1.0000000180025095e-35 0.28759399056434637 0.44327485561370855 0.7807200849056245 0.62115561962127697 0.44575163722038275 0.32757078111171728 0.33549784123897558 0.56070175766944896 0.56294015049934398 0.70678734779357921 0.38507877290248876 0.90377491712570202 0.8825557827949525 0.51666668057441723 0.32305502891540533 0.54653680324554454
decision_type=2 2 2 2 2 2 2 2 2 2 2 2 2 2 2 2 2 2 2 2 2 2 2 2 2 2 2 2 2 2
left_child=1 2 3 4 5 -1 -2 -8 14 10 11 -10 -13 -12 28 16 -11 18 -17 -20 21 -21 -23 24 25 26 -18 -28 -3 -4
right_child=6 8 29 -5 -6 -7 7 -9 9 15 13 12 -14 -15 -16 17 23 -19 19 20 -22 22 -24 -25 -26 -27 27 -29 -30 -31
leaf_value=-0.05039366921727078 -0.0017125574409714809 0.010455660673438201 0.026272170950374707 -0.043066951453914037 -0.029049414096917137 -0.23866700698385987 0.005224877551693867 0.026006177808508057 -0.050412169255193796 -0.028875603692768488 0.031948915934385189 -0.050008897749122733 24.640812235184235 -0.029891862225244786 -0.016271775860379218 0.08356904375682947 0.019853935402159247 -0.026219904530156393 -0.03412190058782686 0.10520292141961674 0.010354586753709545 3.3999504905357734 0.025834280413981843 0.067292942966867095 -0.05260849323163206 -0.013672672835569548 0.35748834168739196 0.072250439391913654 0.38024306300809979 -0.029237108386385005
leaf_weight=1.7084053880841645 807.88815852772063 142.19364107143994 8.3767611797520676 41.758371300213334 2.3855831212822523 4.4621645127481315 211.83253563005337 54.85204741882626 0.06805164551769749 37.381789494602302 8.3164959692300027 0.0030494690017803796 0.0020250424640835263 68.946403314498497 35.462619401356193 3.5006532696747419 15.158256800350502 14.177907137527425 8.4518582621867235 4.2673691059335388 56.442499020823028 0.01448991930737964 0.040649712416779948 3.5011527712340458 9.1435219864652009 19.330816593719646 0.47734941041562651 1.8684248248464426 0.1144991572618882 12.867316426132673
leaf_count=23360 560701 118026 52593 1505175 24438 107 42346 16205 275 184926 3513 34 14 119277 51509 3777 1523 5197 9206 2535 37810 6 85 121 632 400 35 63 70 43969
internal_value=-0.0019602 -0.00846694 -0.0443678 -0.059998 -0.14263 -0.186541 0.00106995 0.0094992 -0.00247665 -0.0080264 -0.0226145 0.633365 9.80315 -0.0232354 0.00536211 -0.00153349 -0.0113118 0.00824097 0.0149599 0.01149 0.0178342 0.115501 0.912505 0.00195767 -0.00301747 0.00929252 0.0346544 0.130294 0.0107532 -0.00734922
internal_weight=1574.99 500.422 71.5586 50.3145 8.55615 6.17057 1074.57 266.685 428.864 251.093 77.336 0.0731262 0.00507451 77.2629 177.771 173.757 86.8613 86.8954 72.7175 69.2169 60.765 4.32251 0.0551396 49.4795 45.9784 36.8348 17.504 2.34577 142.308 21.2441
internal_count=2807928 2188676 1649642 1553080 47905 23467 619252 58551 539034 369429 123113 323 48 122790 169605 246316 187700 58616 53419 49642 40436 2626 91 2774 2653 2021 1621 98 118096 96562
is_linear=0
shrinkage=0.05


Tree=137
num_leaves=31
num_cat=0
split_feature=3 7 2 9 7 9 9 3 2 2 2 2 2 2 3 8 9 6 3 8 2 9 8 3 2 6 0 0 2 0
split_gain=13.5886 41.1323 33.2771 34.2329 193.381 683.203 8047.2 3961.13 10959.2 3262.92 3552.42 309.346 528.277 25.743 41.9211 12.9975 11.3825 10.0379 16.599 70.8316 8.67514 8.0485 7.93688 31.8665 63.7898 15.9684 84.0398 81.4869 8.96319 42.321
threshold=0.89725545048713695 0.16064515709877017 0.63453349471092235 0.30722039937973028 0.12060606107115747 0.27924077212810522 0.28493365645408636 0.38165266811847692 0.27334994077682501 0.3483316451311112 0.32049381732940679 0.49719101190567022 0.55625879764556896 0.55403152108192455 0.57321429252624523 0.56765475869178783 0.70139563083648693 1.0000000180025095e-35 0.63702240586280834 1.0000000180025095e-35 0.47140522301197058 0.45476087927818304 0.21833460777997973 0.61633428931236278 0.61435899138450634 1.0000000180025095e-35 0.29285715520381933 0.23611111193895343 0.60660174489021312 0.29285715520381933
decision_type=2 2 2 2 2 2 2 2 2 2 2 2 2 2 2 2 2 2 2 2 2 2 2 2 2 2 2 2 2 2
left_child=1 2 3 4 13 -6 7 8 -7 10 -10 -9 -13 -1 -15 16 -5 -4 19 -19 -2 -3 23 24 28 27 -27 -26 -16 -30
right_child=20 21 17 15 5 6 -8 11 9 -11 -12 12 -14 14 22 -17 -18 18 -20 -21 -22 -23 -24 -25 25 26 -28 -29 29 -31
leaf_value=-0.024558883997572653 0.027493089794970855 0.026893952809306999 -0.019553124777244621 -0.036903793578836747 -0.018278876437922705 -0.050006224548427514 -0.050071455698711721 -0.050022296529196403 -115.63860827759741 -161.56987707809287 -26.011120173482496 -48.483572074267556 -0.050012544188571567 -0.19529583270896045 0.12986540751900005 0.019258886204387558 0.17034519434960724 4.4491667243650976 0.015474601030912936 -0.05035279966733372 0.0014753014959671259 -0.0017149417336681861 -0.10197811591752262 -0.053562772834621512 5.5298435770618459 -0.050027918310717304 7.6578309598890417 -0.05005104981989076 -0.050031918191782987 2.8681920658579823
leaf_weight=16.570228345012211 33.584529352878235 25.597616906222584 37.54692242199291 71.629832395025488 0.58095628136914279 0.0052096859672018936 0.17099381485503945 0.0053602377647621316 0.0025954095604294736 0.0015477955858855807 0.0019259537180005282 0.0010323398475975409 0.0012383558623696445 7.8690466292773618 0.80924100342781446 13.033101665264722 0.66869691950705501 0.011112950967798407 38.933156658304817 0.041074174423556542 696.1015023310689 620.85693583567934 2.6269308249957248 4.1849512179960584 0.008960798688349314 0.0077749301544827176 0.0064868783592828549 0.024249272022643709 0.045198967933174572 0.017133396075223573
leaf_count=292866 44771 35387 181464 1674744 1518 69 2317 87 38 21 25 30 26 6976 3298 40398 133 29 48955 595 131163 285827 45493 11082 68 33 33 108 291 83
internal_value=-0.00232034 -0.00665126 -0.0267915 -0.043415 -0.0867098 -0.869323 -3.47285 -34.4237 -53.2469 -98.9104 -77.4602 -6.60228 -22.0696 -0.0679569 -0.114054 -0.0267017 -0.0349869 -0.00110162 0.0166691 0.907794 0.0026728 -0.000582117 -0.031361 0.0049843 0.271583 2.05647 3.45583 1.45553 0.174366 0.752105
internal_weight=1570.95 841.26 194.805 118.273 32.9411 0.77086 0.189904 0.0189098 0.0112788 0.00606916 0.00452136 0.00763093 0.0022707 32.1702 15.6 85.3316 72.2985 76.5323 38.9853 0.0521871 729.686 646.455 7.73093 5.104 0.919045 0.0474719 0.0142618 0.0332101 0.871573 0.0623324
internal_count=2807928 2631994 2310780 2079737 364462 4131 2613 296 153 84 63 143 56 360331 67465 1715275 1674877 231043 49579 624 175934 321214 60489 14996 3914 242 66 176 3672 374
is_linear=0
shrinkage=0.05


Tree=138
num_leaves=31
num_cat=0
split_feature=7 3 8 2 3 1 0 4 4 3 8 4 1 10 10 10 12 1 7 2 2 8 8 7 7 4 8 7 11 11
split_gain=11.9136 63.7717 21.7011 11.0273 28.5716 15.5098 20.5642 11.9666 56.905 85.6818 10.6877 9.36589 7.43578 10.2928 6.59417 6.5066 7.48727 7.84329 6.49083 11.9595 11.7996 9.41474 8.73998 6.15765 7.78725 6.64647 9.39667 9.29982 6.38017 6.00667
threshold=0.075498577207326903 0.66210046410560619 0.29426695406436926 0.55403152108192455 0.57321429252624523 0.68614074587821972 0.23611111193895343 0.84292763471603405 0.85145786404609691 0.59675306081771862 0.44255042076110845 0.85145786404609691 0.62575301527977001 1.0000000180025095e-35 1.0000000180025095e-35 1.0000000180025095e-35 1.0000000180025095e-35 0.34178434312343603 0.084523811936378493 0.72871574759483349 0.58102023601531994 0.30517394840717321 0.25068305432796484 0.36602871119976049 0.11269841343164445 0.90366768836975109 0.80365484952926647 0.19292803853750232 1.0000000180025095e-35 1.0000000180025095e-35
decision_type=2 2 2 2 2 2 2 2 2 2 2 2 2 2 2 2 2 2 2 2 2 2 2 2 2 2 2 2 2 2
left_child=1 3 15 12 5 -5 -7 -6 9 -9 -4 -2 -1 -14 -12 16 17 -3 19 20 -13 -21 -20 24 -24 26 -26 29 -28 -27
right_child=11 2 10 4 7 6 -8 8 -10 -11 14 18 13 -15 -16 -17 -18 -19 22 21 -22 -23 23 -25 25 27 28 -29 -30 -31
leaf_value=-0.045480378497232105 -0.00089938616670719542 0.091138849837597749 -0.042910143533974078 -0.15503123058976875 -0.046300846852117168 -0.050146731549269963 -2.1426226509938728 7.6888853293004304 -0.050156799012947818 -0.050072847670207601 -0.027889163381655729 0.760238059890191 -0.050051247545975786 0.26559028811475555 0.075208357146225105 0.051059835950651535 -0.041285669067474329 0.0010412570194194336 -0.15005493615424348 0.17598753493028638 -0.050504497275739246 -0.0086740517966495522 0.038289399016644007 0.024964447700410324 0.021276927925502055 -0.065636826130939463 0.050205426389694247 0.0041403487774942498 -0.16918092774175178 -0.00021114856509816317
leaf_weight=30.654726374900072 910.39383844134272 2.43011026973545 42.536710705332553 8.2681362758239629 13.60662429732292 0.024189737818233747 0.022817044257863017 0.0064606837840991424 0.067545992344093975 0.0080117272555071395 2.9028500505573893 0.12299157738016164 0.58180352538874547 0.46446337655288517 3.3303579370058287 6.4632429881803537 10.448864212631632 402.48734280421195 0.83420717743137984 1.0884915657516105 0.070662998608895577 1.886487916613987 13.410831994675375 56.442025271520833 27.780515602424902 11.396480229333976 0.47184339421801147 22.104716283967718 1.1134014539420605 5.0683069243968921
leaf_count=997452 1012755 628 470213 25565 119164 111 17 6 80 38 22456 37 10553 82 198 419 98229 29317 32 27 81 153 677 15063 1106 465 153 2649 18 184
internal_value=-0.00210595 -0.0082634 -0.00237261 -0.0598826 -0.0870774 -0.16018 -1.06583 -0.0426713 0.559465 3.4047 -0.0339501 0.000962307 -0.0410067 0.0900697 0.0271951 0.00127823 0.000503608 0.00158198 0.0129156 0.0836738 0.464405 0.0588903 0.0112982 0.0122751 0.00347063 -0.00340281 0.0145205 -0.0170492 -0.103881 -0.045497
internal_weight=1576.49 524.304 470.599 53.7048 22.0038 8.31514 0.0470068 13.6886 0.0820184 0.0144724 48.7699 1052.18 31.701 1.04627 6.23321 421.83 415.366 404.917 141.791 3.16863 0.193655 2.97498 138.622 137.788 81.3461 67.9353 29.3658 38.5695 1.58524 16.4648
internal_count=2807928 1774528 621460 1153068 144981 25693 128 119288 124 44 492867 1033400 1008087 10635 22654 128593 128174 29945 20645 298 118 180 20347 20315 5252 4575 1277 3298 171 649
is_linear=0
shrinkage=0.05


Tree=139
num_leaves=31
num_cat=0
split_feature=3 0 6 1 2 8 2 3 2 1 4 10 11 10 3 4 3 2 2 3 8 1 4 8 4 8 2 4 1 4
split_gain=11.34 26.5005 41.0408 33.3089 24.1205 14.8471 11.7597 8.94092 30.6235 8.13059 8.32801 9.04304 6.78296 6.53079 6.37743 6.04769 5.88052 8.07406 5.86527 6.67418 5.71711 6.5239 6.01766 21.9271 5.39092 5.67999 5.85976 11.4331 10.3491 14.1655
threshold=0.89725545048713695 1.0000000180025095e-35 1.0000000180025095e-35 0.55217784643173229 0.68133461475372326 0.84168756008148204 0.68133461475372326 0.60943254828453075 0.55403152108192455 0.55848154425621044 0.52419984340667736 1.0000000180025095e-35 1.0000000180025095e-35 1.0000000180025095e-35 0.57321429252624523 0.70051544904708873 0.61938297748565685 0.70678734779357921 0.23940297961235049 0.45748709142208105 0.84168756008148204 0.40238095819950109 0.4530817717313767 0.92546296119689953 0.53093111515045177 0.47466187179088598 0.85934066772460949 0.77581480145454418 0.61451050639152538 0.85145786404609691
decision_type=2 2 2 2 2 2 2 2 2 2 2 2 2 2 2 2 2 2 2 2 2 2 2 2 2 2 2 2 2 2
left_child=1 3 5 6 13 7 12 8 -3 -2 -11 -12 -1 -4 -10 -15 -7 -18 -5 -20 -14 22 -22 -24 -13 -26 27 -27 29 -29
right_child=9 2 4 18 -6 16 -8 -9 14 10 11 24 20 15 -16 -17 17 -19 19 -21 21 -23 23 -25 25 26 -28 28 -30 -31
leaf_value=-0.0026826313639781389 0.019550588941547268 -0.025924093390165777 -0.036101655345892054 -0.27709651357451065 0.021385768151676435 0.095749799751104397 0.14845474143969928 -0.035775742057762371 -0.14804875155673219 -0.034999627766340739 -0.00064297754482767915 0.1832696056685918 -0.031617390287302705 0.031121759782583247 -0.074514437344043963 -0.050597787861511881 -0.050109623659250271 0.063100481377917336 0.085058105001696638 0.031503279327189916 0.010939023946853053 -0.040754819360772028 -0.038010473330819292 0.31326043829376049 -0.0005575027384082694 0.027410186137522635 0.037071522409548203 -0.7425126758598658 -0.043773362219402367 0.050174982385684887
leaf_weight=501.86650003225338 63.743721800676781 19.154603284473822 35.53100688081652 0.14788302779197593 65.651192126901421 2.1402777009643597 1.2604163839005185 85.116833314759148 9.1255034905332177 15.808600328695318 558.60892053761017 0.48147863079793651 37.943534923519223 7.9409166463647107 4.355988084861564 3.1669164974591695 3.5594876885879785 2.8247842014534399 6.6532078281397835 46.31772819545165 6.4351625402523478 4.5957566403958472 1.0255998610373351 0.7837609682464971 34.101309223129647 13.652815760928208 36.600636693765409 0.1259831408970048 5.2506121303304099 0.10198220377787948
leaf_count=590637 71201 482261 205198 1 29790 65 30 574708 22852 18036 66302 18 671595 750 41959 152 93 234 1701 7693 1922 167 148 38 1461 1682 15739 16 1446 33
internal_value=-0.00207975 -0.00601878 -0.0201381 -0.000469761 0.00185385 -0.0396941 -0.00409678 -0.0443071 -0.0665573 0.00249259 0.000856832 0.00173034 -0.0044447 -0.0256403 -0.124289 0.00782298 0.0240261 -1.86937e-05 0.037352 0.0382298 -0.0218582 0.00698061 0.0335898 0.11415 0.0164096 0.0155153 0.0253499 0.00292515 -0.0580925 -0.387897
internal_weight=1574.07 845.597 238.568 607.03 112.29 126.277 553.911 117.753 32.6361 728.476 664.732 648.924 552.65 46.6388 13.4815 11.1078 8.52455 6.38427 53.1188 52.9709 50.7838 12.8403 8.24452 1.80936 90.3148 89.8333 55.732 19.1314 5.47858 0.227965
internal_count=2807928 2631994 1358062 1273932 235890 1122172 1264537 1121780 547072 175934 104733 86697 1264507 206100 64811 902 392 327 9395 9394 673870 2275 2108 186 20395 20377 18916 3177 1495 49
is_linear=0
shrinkage=0.05


Tree=140
num_leaves=31
num_cat=0
split_feature=7 2 5 1 2 2 2 9 8 8 9 1 1 4 4 4 4 9 2 2 9 7 10 4 1 4 8 7 8 2
split_gain=10.7546 40.3875 11.5226 11.8033 15.9976 11.5137 21.2382 18.1004 10.326 9.21349 8.73015 7.43616 8.43565 21.68 19.0687 10.5671 97.6551 7.31563 7.25266 7.15389 7.00565 6.83995 20.4548 14.0847 9.25503 8.47872 7.91139 6.82996 6.70966 6.5922
threshold=0.075498577207326903 0.64346247911453258 1.0000000180025095e-35 0.99056604504585277 0.93440860509872448 0.55625879764556896 0.56294015049934398 0.19456735998392108 0.29426695406436926 0.44255042076110845 0.37853831052780157 0.71010184288024913 0.70678734779357921 0.63453349471092235 0.63224515318870556 0.61633428931236278 0.61311829090118419 0.2904126793146134 0.91106721758842479 0.77032968401908886 0.71471861004829418 0.21980676054954532 1.0000000180025095e-35 0.76506900787353527 0.93440860509872448 0.89059829711914074 0.47836488485336309 0.43303571641445165 0.44110105931758886 0.70320320129394542
decision_type=2 2 2 2 2 2 2 2 2 2 2 2 2 2 2 2 2 2 2 2 2 2 2 2 2 2 2 2 2 2
left_child=1 5 3 4 10 7 -7 -1 11 -10 -2 12 18 14 15 16 -14 -4 -3 -19 -9 22 24 -24 -12 26 29 -21 -27 -23
right_child=2 8 17 -5 -6 6 -8 20 9 -11 21 -13 13 -15 -16 -17 -18 19 -20 27 -22 25 23 -25 -26 28 -28 -29 -30 -31
leaf_value=0.012006558081708316 0.026115553455166352 0.011525199193460187 0.09453221118558966 -0.023069897113397367 0.047581444854154276 -0.12395231057449077 -0.037522322925636203 -0.045315973380292709 -0.038515686442140401 0.036586489165872899 -0.034043906567778032 -0.00022959422478569265 -0.050112029078065473 0.087149688251575735 2.0789916936678936 -0.050246625780488267 5.8963299025959097 0.039697963496483059 0.096697740327396087 -0.0014307546153338787 0.16096689836724695 0.0097406763999039504 0.018081870576401444 -0.042917312893814862 0.45034444038539539 -0.13788431034480939 -0.0020217289567497684 0.025792929892897762 0.047206099021601729 0.054848656399692809
leaf_weight=25.13452304057892 29.645886802592372 21.368679316796268 2.8315604599592907 56.881310859971563 17.632681227772991 8.719055319450943 38.459615135246736 36.537798571213735 28.054869127028724 4.7794642121543793 60.110699062495428 353.89538151890793 0.038605114777054861 1.0424372815123204 0.023480832065615687 0.046397694492043229 0.0084080460219411179 21.200266706207913 2.8304862971817775 67.957115781809989 0.41627637037890863 50.720880819873855 53.23109855899213 11.509285606705815 0.098774248181142776 0.50923559791408379 617.68758014100001 34.856070619658567 12.721072250511495 9.6388219438376819
leaf_count=49437 114475 24481 86 4031 1784 24711 257624 1207615 177166 8762 600154 23873 339 380 7 103 4 3326 21 5576 5 41592 60952 221 4 36 187611 11511 1700 341
internal_value=-0.00198258 -0.00785028 0.000938602 -0.00100844 0.000444801 -0.034876 -0.0534954 -0.0207278 -0.000684285 -0.0275836 -0.000537787 0.00164455 0.0277996 0.159554 0.805251 0.485069 1.01338 0.0150663 0.0214875 0.0132519 -0.0429923 -0.00150585 -0.0122717 0.00723768 -0.0332493 0.000440101 -0.000333406 0.00779871 0.040082 0.016944
internal_weight=1568.59 521.355 1047.23 920.387 863.506 109.267 47.1787 62.0886 412.088 32.8343 845.873 379.254 25.3585 1.15933 0.116892 0.0934109 0.0470132 126.845 24.1992 124.013 36.9541 816.227 124.95 64.7404 60.2095 691.278 678.047 102.813 13.2303 60.3597
internal_count=2807928 1774528 1033400 1012901 1008870 1539392 282335 1257057 235136 185928 1007086 49208 25335 833 453 446 343 20499 24502 20413 1207620 892611 661331 61173 600158 231280 229544 17087 1736 41933
is_linear=0
shrinkage=0.05


Tree=141
num_leaves=31
num_cat=0
split_feature=7 3 8 8 8 9 9 8 9 4 2 3 4 9 1 10 9 9 4 1 1 8 13 10 9 8 7 8 1 3
split_gain=10.0224 54.4979 19.6262 9.15774 7.78237 10.0381 13.1182 16.5081 10.0525 41.6774 7.58992 13.2249 7.16826 8.64254 6.80913 7.34735 6.45998 6.32194 10.2059 9.23409 429.435 457.963 5.58101 5.30781 5.17793 11.5574 6.54352 5.85165 5.82295 13.8462
threshold=0.070197045803070082 0.66210046410560619 0.29426695406436926 0.44865803420543676 0.32444286346435552 0.32022099196910864 0.3175536990165711 0.34054243564605718 0.3215534389019013 0.82446312904357921 0.55403152108192455 0.58898946642875682 0.93063354492187511 0.50133690237998974 0.62575301527977001 1.0000000180025095e-35 0.71471861004829418 0.30722039937973028 0.85145786404609691 0.27639257907867437 0.27334994077682501 0.3416177779436112 1.0000000180025095e-35 1.0000000180025095e-35 0.36593337357044226 0.39036004245281225 0.21240601688623431 0.34384952485561376 0.47413024306297308 0.51564025878906261
decision_type=2 2 2 2 2 2 2 2 2 2 2 2 2 2 2 2 2 2 2 2 2 2 2 2 2 2 2 2 2 2
left_child=1 10 -3 -4 -2 6 17 -8 9 -7 14 -12 22 -14 16 -16 -1 19 -19 20 -6 -22 24 -5 25 26 27 -10 -29 -30
right_child=4 2 3 23 5 8 7 -9 12 -11 11 -13 13 -15 15 -17 -18 18 -20 -21 21 -23 -24 -25 -26 -27 -28 28 29 -31
leaf_value=-0.047802012342669141 0.02582627185869554 0.0010078215382047834 -0.04265756045014181 -0.02302831031911428 -0.050057106179857563 0.13440293772592615 -0.64196501708439868 -0.047535739522033979 -0.0023125585626584859 2.5414470456906777 -0.11870319862830479 -0.041709572441598619 -0.011678251391619663 0.030974980942612897 -0.050049206188774266 0.21044215933705446 0.14730255982151583 -0.029054382868506458 0.33904223540756212 -0.096286098290295552 44.702943072174484 -0.050002885706450485 0.039402019710542968 0.081678709120816553 -0.0014353807957827741 -0.037996576744651442 -0.038200761316029494 0.02394714201317304 0.46912845069311904 0.10857164704727132
leaf_weight=26.443428460784165 30.35068843798922 420.62355724710596 38.190621266250673 2.3752230549334845 0.12820080841141779 0.26501779837678796 0.21810204301073127 0.25145984480427735 1.74961070665001 0.019292568773380481 10.763726160961825 11.574889594788145 17.16913884668611 38.523828032310121 0.52926530832610541 0.55409341472113738 0.43118177354335685 0.72933241481413436 0.25384919995849486 3.0883102415863011 0.0011172447357239426 0.0011705813740263693 8.6298555153771286 2.4678649919078453 936.82269813958578 4.3315171109422197 1.4170041006254903 1.7489138381361042 0.28447054897878832 4.161816809636548
leaf_count=977783 43916 128057 469838 17042 1940 831 87 1357 6512 7 44829 99238 526 11806 10487 79 2 5075 17 6237 18 42 1943 158 932067 26827 261 15636 436 4874
internal_value=-0.0019239 -0.00764509 -0.00228257 -0.0344438 0.000876113 0.000133558 -0.072992 -0.323636 0.000470077 0.297739 -0.0570793 -0.0788085 0.000386797 0.0178258 -0.0397175 0.0831814 -0.0446717 -0.044983 0.0659851 -0.0788782 0.333119 21.8048 -0.0006258 0.0303267 -0.000989217 0.0295348 0.0607802 0.0784341 0.101238 0.13164
internal_weight=1564.1 513.954 463.657 43.0337 1050.15 1019.79 4.67154 0.469562 1015.12 0.28431 50.2966 22.3386 1014.84 55.693 27.958 1.08336 26.8746 4.20198 0.983182 3.2188 0.130489 0.00228783 959.146 4.84309 950.516 13.6933 9.36182 7.94481 6.1952 4.44629
internal_count=2807928 1747513 615095 487038 1060415 1016499 14773 1444 1001726 838 1132418 144067 1000888 12332 988351 10566 977785 13329 5092 8237 2000 60 988556 17200 986613 54546 27719 27458 20946 5310
is_linear=0
shrinkage=0.05


Tree=142
num_leaves=31
num_cat=0
split_feature=4 9 3 9 8 1 1 8 9 7 1 4 1 2 2 8 8 7 4 7 3 4 8 7 9 4 2 9 5 8
split_gain=11.7903 53.0454 23.3909 14.5721 160.519 819.978 38459.6 62788.8 26452.2 7.68247 7.60555 6.33657 16.1009 10.6532 9.61588 7.01361 6.70119 11.4578 9.3139 13.4749 7.32545 6.77267 6.41078 6.28438 17.1055 11.1258 9.488 10.7481 12.0003 11.7586
threshold=0.55351883172988903 0.42631272971630102 0.99056604504585277 0.30202253162860876 0.32444286346435552 0.27639257907867437 0.27334994077682501 0.3416177779436112 0.2904126793146134 0.075498577207326903 0.52704679965972911 0.32305502891540533 0.34330357611179357 1.0000000180025095e-35 0.33549784123897558 0.97413599491119396 0.75093984603881847 0.43303571641445165 0.2930081188678742 0.39444445073604589 0.25866188108921057 0.31851120293140417 0.8825557827949525 0.5419580638408662 0.81844761967659008 0.90366768836975109 0.6291005313396455 0.71471861004829418 1.0000000180025095e-35 0.8825557827949525
decision_type=2 2 2 2 2 2 2 2 2 2 2 2 2 2 2 2 2 2 2 2 2 2 2 2 2 2 2 2 2 2
left_child=1 2 3 4 9 6 -6 8 -8 -1 -11 14 13 22 15 16 -3 18 -18 -20 -19 -21 -13 26 -25 -26 27 -2 29 -29
right_child=23 11 -4 -5 5 -7 7 -9 -10 10 -12 12 -14 -15 -16 -17 17 20 19 21 -22 -23 -24 24 25 -27 -28 28 -30 -31
leaf_value=-0.075956545385653607 -0.0051835696741475423 0.00021594345901523429 -0.0058740824690417942 -0.044061963488527749 -0.050013152638569175 -0.050020794673102234 -521.59022867654812 -0.050001006879713976 -174.57896386459697 0.011892728916471832 0.47415305372228861 0.047647918312369184 0.0023027606120584886 -0.032337026554846493 -0.026677198342013132 -0.024117159083988912 0.03442345242600952 -0.0023226868783164491 0.052496927872050417 0.19948466137773577 0.03186545136917486 0.53496241611725204 -0.13331478810172517 0.041934945209949281 -0.0045087119182695085 0.034481621674398007 0.0019350473220783365 -0.049201983404849436 0.088010325460300395 0.071803733523081614
leaf_weight=18.301211592573793 195.20010814809098 94.354633020802737 19.64713703161943 23.170785017456232 0.21916576724525327 1.0209324098983588 0.0010545687000735873 0.003501430894175428 0.0011459416055057403 1.4430953814880982 0.094828087868336186 6.2145921561312596 124.1587227670606 71.427348469068818 23.975111717292748 16.825763999368064 17.935372000480132 46.391098733496619 2.8743847437435752 1.3257952725361972 23.659068155582645 0.1696995217935181 0.53124647866934527 32.623286268113588 115.65072591620265 21.734566051396541 665.61320739827761 32.096660019924457 1.8831419259076927 2.1415902026637914
leaf_count=217391 371800 277177 60249 1064719 8692 59909 70 187 67 4532 798 3927 230784 195377 59185 355 1621 1676 345 157 1422 23 13 1626 9962 8524 225825 1266 206 43
internal_value=-0.00238227 -0.00877069 -0.0512754 -0.0714311 -0.101508 -0.652042 -3.38531 -131.584 -340.88 -0.066937 0.0403956 -0.0024517 -0.00888911 -0.0266646 0.00327327 0.00680123 0.0095875 0.0191619 0.0503717 0.115828 0.00922417 0.237553 0.0333968 0.000574082 0.00938813 0.00165962 -0.00109657 -0.00981985 -0.0348743 -0.0416331
internal_weight=1560.69 493.746 63.9029 44.2557 21.0849 1.2458 0.224868 0.00570194 0.00220051 19.8391 1.53792 429.843 202.332 78.1732 227.511 203.536 186.71 92.3554 22.3053 4.36988 70.0502 1.49549 6.74584 1066.94 170.009 137.385 896.935 231.322 36.1214 34.2383
internal_count=2807928 2188676 1416614 1356365 291646 68925 9016 324 137 222721 5330 772062 430101 199317 341961 282776 282421 5244 2146 525 3098 180 3940 619252 20112 18486 599140 373315 1515 1309
is_linear=0
shrinkage=0.05


Tree=143
num_leaves=31
num_cat=0
split_feature=7 0 2 5 5 1 0 8 7 8 9 2 0 7 1 2 10 2 2 9 6 0 9 7 1 0 6 0 10 0
split_gain=8.81847 34.147 19.5666 12.1307 9.62803 10.8401 16.0085 8.84183 8.55379 7.59026 60.8938 168.892 8.45457 12.0123 9.74246 9.3476 8.06994 7.30506 7.0245 6.94877 6.76232 6.72824 7.8266 6.25375 5.81153 5.52111 10.9102 8.04772 10.242 7.50152
threshold=0.070197045803070082 0.38750000298023229 0.63453349471092235 1.0000000180025095e-35 1.0000000180025095e-35 0.99056604504585277 0.81666666269302379 0.29426695406436926 0.080540537834167494 0.3081014752388001 0.21833460777997973 0.27639257907867437 0.70833334326744091 0.70714285969734203 0.81892696022987377 0.79118219017982494 1.0000000180025095e-35 0.55403152108192455 0.56294015049934398 0.57979589700698864 1.0000000180025095e-35 0.63333335518836986 0.2904126793146134 0.43303571641445165 0.85934066772460949 0.19090909510850909 1.0000000180025095e-35 0.23611111193895343 1.0000000180025095e-35 0.63333335518836986
decision_type=2 2 2 2 2 2 2 2 2 2 2 2 2 2 2 2 2 2 2 2 2 2 2 2 2 2 2 2 2 2
left_child=1 2 3 17 5 6 9 -3 -8 -2 11 -11 15 14 -14 -12 -15 24 -19 -9 -4 -6 -23 -24 -1 -17 27 28 -27 -28
right_child=4 7 20 -5 21 -7 8 19 -10 10 12 -13 13 16 -16 25 -18 18 -20 -21 -22 22 23 -25 -26 26 29 -29 -30 -31
leaf_value=-0.039252851084739575 0.034907237835976337 0.0019838842429960972 -0.0275644769007901 0.10660031240862816 0.041580016703807635 -0.02192957554535381 0.31855470648201356 -0.032282567931263634 0.052755312928662756 -11.440206489426394 -0.0020531025395891934 -0.050060344172696496 0.085742973369277081 -0.27375922572043415 -0.066459785437188265 0.066882834251009549 0.050145272355740927 -0.10864737406028768 -0.054114146608906621 0.11474092165910227 0.0077269958076649622 0.090450445168539409 -0.0019051382898403566 0.024197140842836567 0.27022829614700739 -0.0099007542009104475 0.038471924999815693 -0.010503788351653789 -0.52772210840572364 -0.013614421287558793
leaf_weight=36.10061947149245 15.040085714773907 364.41904630249701 25.403414732028978 1.2210707999383874 18.632232272644615 57.577843375242082 0.31145375494816541 26.028287097231445 10.750655639997255 0.0043897503676352248 759.93843737328166 0.012584955243255536 1.4282579913124198 0.90024254028685369 3.984563665711903 5.114557721215589 0.24453296128194779 8.9154102668663899 17.489349402011612 0.82926922002297843 29.148219331123983 2.8704250482696798 69.194782865866728 34.332425008760765 0.15233191998413431 0.21441436570421402 34.353861501904248 23.320900819237242 0.17216912680305541 8.653921895864185
leaf_count=1193939 26234 26620 148197 2256 3345 4194 6 96753 898 15 1001107 54 86 18 196 419 93 34688 208871 57 36095 74 5652 11492 37 20 3006 2890 26 590
internal_value=-0.00178291 -0.00717653 -0.0306997 -0.0494809 0.000842709 -0.000922884 0.000476302 -5.65933e-05 0.0602389 -0.00029838 -0.000929977 -2.99561 -0.00086934 -0.0574201 -0.0262987 -0.000423498 -0.204571 -0.0525226 -0.072527 -0.027743 -0.00870741 0.0138629 0.00900915 0.00675108 -0.0379524 0.0168172 0.0129791 -0.0142545 -0.240518 0.0279912
internal_weight=1556.76 509.707 118.43 63.8788 1047.05 922.023 864.445 391.277 11.0621 853.383 838.343 0.0169747 838.326 6.5576 5.41282 831.768 1.14478 62.6577 26.4048 26.8576 54.5516 125.03 106.398 103.527 36.253 71.8298 66.7153 23.7075 0.386583 43.0078
internal_count=2807928 1747513 1624083 1439791 1060415 1039852 1035658 123430 904 1034754 1008520 69 1008451 393 282 1008058 111 1437535 243559 96810 184292 20563 17218 17144 1193976 6951 6532 2936 46 3596
is_linear=0
shrinkage=0.05


Tree=144
num_leaves=31
num_cat=0
split_feature=10 3 7 4 7 1 8 4 2 7 7 4 7 1 2 1 8 4 0 2 4 1 1 4 4 9 7 4 3 3
split_gain=8.51269 14.6514 30.7516 31.5584 11.2288 10.464 9.26608 9.19621 8.74279 8.62769 9.00699 10.1219 7.93836 7.39823 14.9419 7.10918 6.96288 6.97725 6.87144 9.15326 9.23839 7.42198 9.31976 7.38394 10.7666 10.8851 8.54651 7.26247 8.45282 9.56265
threshold=1.0000000180025095e-35 0.88067796826362621 0.48809523880481726 0.6291005313396455 0.17752101272344592 0.35043859481811529 0.40633355081081396 0.38327018916606909 0.33549784123897558 0.087595909833908095 0.51666668057441723 0.32305502891540533 0.55050507187843334 0.82807883620262157 0.91106721758842479 1.0000000180025095e-35 0.73186674714088451 0.29818989336490637 0.21111111342906955 0.70678734779357921 0.48528139293193823 0.56635218858718883 0.52114352583885204 0.68908989429473888 0.48934240639209753 0.81844761967659008 0.60769233107566845 0.43159537017345434 0.3483316451311112 0.34724637866020208
decision_type=2 2 2 2 2 2 2 2 2 2 2 2 2 2 2 2 2 2 2 2 2 2 2 2 2 2 2 2 2 2
left_child=1 2 3 4 -1 8 -6 -7 9 -2 11 16 -12 14 -3 -13 -11 -18 21 20 -20 22 23 24 27 26 -26 28 29 -4
right_child=5 13 18 -5 6 7 -8 -9 -10 10 12 15 -14 -15 -16 -17 17 -19 19 -21 -22 -23 -24 -25 25 -27 -28 -29 -30 -31
leaf_value=-0.057849189001927009 -0.050147162757084689 0.0047043853385346631 0.020626533107312064 -0.006638050964732873 0.054189347094913111 -0.019198589119699235 -0.031290906200609897 0.012584167947582985 -0.031192533203190088 0.0079841067940267154 -0.063054308012360297 0.043830525020394494 -0.0061853704184212247 -0.0037206381366867158 0.065262898686424584 -0.013264841279639995 0.028771831901814527 0.093406297438912822 0.090741777203561205 0.027990552306247175 -0.053515409794573268 0.052744335922016598 -0.07305714202683937 0.054611150937893996 -0.018573826689069612 -0.040283867811608289 0.10618952379789071 0.077605238098603785 -0.039827599026849077 0.24025164540101454
leaf_weight=58.091252792456551 8.5910879447351629 193.23969878959053 33.926731707644649 135.11640550805328 3.4077183084427807 24.907956826651571 45.510137124530949 263.88032991519594 26.169966858036787 44.911869923675994 6.4974757572635999 6.1373447969295105 110.45501187234186 417.61014135627829 10.752567529632868 48.82540559415051 29.997187555534765 4.8505342875141642 1.2168447525618855 7.4231308298549257 12.621303296687982 11.270213893360049 3.2847135965421321 9.3464577427366731 2.9028220404215999 17.314093278255314 2.6039354275490041 5.0807663894156567 6.1445547712210091 0.50297391211643017
leaf_count=1699381 246050 129804 10151 218603 17887 46966 224996 77912 49788 27907 69 688 979 28477 313 21270 198 46 78 182 174 458 72 161 948 357 150 997 2748 118
internal_value=-0.00169927 -0.00453957 -0.0126316 -0.0227024 -0.0429863 0.00312671 -0.0253362 0.00984291 -0.00364465 -0.000874683 0.000807266 0.00962029 -0.00934481 9.17653e-05 0.00789646 -0.00688936 0.0209972 0.0377685 0.00882596 -0.0168023 -0.0408303 0.0147245 0.00944143 0.0129235 0.00723347 -0.0208092 0.040422 0.0212507 0.0141939 0.023835
internal_weight=1552.59 977.366 355.764 242.126 107.009 575.224 48.9179 288.788 286.436 260.266 251.675 134.722 116.952 621.602 203.992 54.9628 79.7596 34.8477 113.639 21.2613 13.8381 92.3773 81.107 77.8223 68.4759 22.8209 5.50676 45.655 40.5743 34.4297
internal_count=2807928 2336055 2177461 2160867 1942264 471873 242883 124878 346995 297207 51157 50109 1048 158594 130117 21958 28151 244 16594 434 252 16160 15702 15630 15469 1455 1098 14014 13017 10269
is_linear=0
shrinkage=0.05


Tree=145
num_leaves=31
num_cat=0
split_feature=7 3 10 7 4 8 8 2 2 8 11 4 7 1 4 1 7 2 3 7 4 4 8 2 3 1 1 4 7 4
split_gain=7.81329 18.4955 31.7984 11.1341 10.9022 9.95842 10.1576 54.6465 159.434 7.87958 17.8614 324.954 7.86115 14.0668 9.96716 16.0329 13.3349 34.4269 83.6836 7.23315 51.6325 115.827 219.861 25.4095 28.7655 6.49293 11.316 13.2648 10.4631 38.9169
threshold=0.29705883562564855 0.61938297748565685 1.0000000180025095e-35 0.1863425895571709 0.99315068125724804 0.43085423111915594 0.42889758944511419 0.21114551275968554 0.20734438300132754 0.73186674714088451 1.0000000180025095e-35 0.48808848857879644 0.075498577207326903 0.62575301527977001 0.67962265014648449 0.55217784643173229 0.12973351776599887 0.55848154425621044 0.5912291705608369 0.30217391252517706 0.21132376790046695 0.2014492750167847 0.56152367591857921 0.16807910054922107 0.18808962404727939 0.37884436547756201 0.38165266811847692 0.64565756916999828 0.2788888961076737 0.61633428931236278
decision_type=2 2 2 2 2 2 2 2 2 2 2 2 2 2 2 2 2 2 2 2 2 2 2 2 2 2 2 2 2 2
left_child=1 2 3 9 19 6 25 8 -8 -1 -11 -12 13 -4 15 -14 17 -17 -19 20 21 23 -23 -2 -25 -5 27 -27 -28 -30
right_child=4 -3 12 5 -6 -7 7 -9 -10 10 11 -13 14 -15 -16 16 -18 18 -20 -21 -22 22 -24 24 -26 26 28 -29 29 -31
leaf_value=-0.054350063482375671 -0.050686780237849206 -0.00097099588766045978 -0.051955191937502768 -0.0095167961997268506 0.044819930896093103 -0.029198520310398119 -0.05001666235775426 -0.050355663366962622 11.346884444589357 -0.047526765863161034 -0.050008960656145476 -17.600599281903392 0.010475513087732776 0.15070975124281916 -0.021770609936172865 0.17180431936045581 0.097863102353030251 3.5123567267342497 0.029731068747174606 0.00064530779536331006 0.023665569078677742 9.4946592152050577 -0.050198737396216608 1.7468123374285747 -0.050140865705114945 1.4614725153780035 0.068922612084702364 -0.050437334607230183 -0.050020680174629961 2.659345289063336
leaf_weight=54.497287676478663 0.13312999604749975 680.54749515722381 11.88494618813618 2.3827273231399912 14.801158725538697 21.238696212911236 0.010210761072812491 0.057517140679919976 0.0043871304915228402 0.084265888974185965 0.035688780453710933 0.0028478706444730042 63.873484633947413 0.9226767343097898 25.970650356815895 0.24938468428444949 1.6470239460031733 0.02860975191288162 0.043438803224489675 652.59277734384773 14.766242203117143 0.01047687373647932 0.014224659702449571 0.055617213671212085 0.037144965834158938 0.033059109924579277 1.6641399854470362 0.025852225080598146 0.047052143945620517 0.018451337804435752
leaf_count=1247407 162 841358 355885 17698 7658 128558 116 411 11 28 308 14 80755 87 826 64 81 29 25 117341 5434 32 39 35 146 149 2772 6 486 7
internal_value=-0.00162457 -0.00477953 -0.0188108 -0.042519 0.00237579 -0.0152271 0.0547015 0.643045 3.37511 -0.0552516 -0.455315 -1.347 -0.000658671 -0.037355 0.00446037 0.0148069 0.155354 0.449936 1.41265 0.00143479 0.0357435 0.747436 3.99814 0.391968 1.02725 0.0445299 0.116531 0.797997 0.0933208 0.713167
internal_weight=1547.68 865.27 184.722 80.1022 682.411 25.4821 4.2434 0.072115 0.0145979 54.6201 0.122803 0.0385367 104.62 12.8076 91.8126 65.8419 1.96846 0.321433 0.0720486 667.61 15.0168 0.250594 0.0247015 0.225892 0.0927622 4.17128 1.78855 0.0589113 1.72964 0.0655035
internal_count=2807928 2677081 1835723 1397971 130847 150214 21656 538 127 1247757 350 322 437752 355972 81780 80954 199 118 54 123189 5848 414 71 343 181 21118 3420 155 3265 493
is_linear=0
shrinkage=0.05


Tree=146
num_leaves=31
num_cat=0
split_feature=4 8 10 7 4 10 1 3 0 3 8 1 1 4 8 4 8 4 7 1 7 1 3 8 3 1 1 4 4 11
split_gain=11.2132 28.1868 15.1785 16.0773 13.0459 11.593 8.83354 8.53769 17.3065 24.735 8.62402 8.03512 7.9608 10.2935 9.20401 7.35733 7.75635 7.32333 8.748 12.0631 7.3124 7.1694 6.62195 6.29854 6.79244 6.17136 12.0739 13.7918 64.5514 132.459
threshold=0.44327485561370855 0.58790296316146862 1.0000000180025095e-35 0.36939570307731634 0.33508773148059851 1.0000000180025095e-35 1.0000000180025095e-35 0.35948719084262853 1.0000000180025095e-35 0.70678734779357921 0.97413599491119396 0.34851622581481939 0.13446328043937686 0.13873296231031421 0.75093984603881847 0.44575163722038275 0.54912123084068309 0.62575301527977001 0.48809523880481726 0.30068494379520422 0.92582416534423839 0.37089946866035467 0.99056604504585277 0.97413599491119396 0.32049381732940679 0.25176055729389196 0.21778655797243121 0.25677657127380377 0.270728349685669 1.0000000180025095e-35
decision_type=2 2 2 2 2 2 2 2 2 2 2 2 2 2 2 2 2 2 2 2 2 2 2 2 2 2 2 2 2 2
left_child=1 2 3 22 12 7 -6 10 -9 -10 17 20 13 14 -3 16 -13 21 -19 -20 -7 -2 -1 24 -14 26 -5 -28 29 -29
right_child=5 4 -4 25 6 11 -8 8 9 -11 -12 15 23 -15 -16 -17 -18 18 19 -21 -22 -23 -24 -25 -26 -27 27 28 -30 -31
leaf_value=-0.068674219514412257 -0.066418991713411327 -0.056778046166481355 -0.012893044267972359 0.021470187280520962 0.05559618027242428 -0.0097935636198799997 -0.026129806846005896 0.023192694209055332 -0.035777788536433285 -0.0014619900046793639 0.086447077971009839 -0.064121994532802595 0.017397132205998738 -0.045753137822524853 0.05774011914643308 0.011468651211827038 0.13561827946565977 -0.039366585231779445 0.076905477530721036 -0.043156471206041963 0.058810305855807002 0.021893536935905403 -0.013100901213255831 -0.019108826381252938 -0.010312534176893812 -0.015224368570564207 0.084920560987998522 0.66193455557440173 -0.050123494596515196 5.4515100674249624
leaf_weight=39.897282026055706 15.567117048885647 2.5134267041940195 53.42032237757337 1.8785420008098292 3.5120054494982389 72.50839126575238 56.475301460805532 63.330457944247769 56.715604843637038 708.59786081170012 1.6409840001724649 0.6211027453964556 124.36794812317567 15.517787055578991 5.8112405922511243 246.9206109732113 2.234978639127803 10.780603424646442 5.1458892856317089 3.5254588265088387 4.1040590915363273 2.6961827148567812 6.1923080924534579 17.631051206146367 26.899181798714238 4.1929241270008788 0.36764364902774094 0.070134218171006069 0.15291177471226547 0.018176527526520658
leaf_count=1003704 73856 1431 355152 1844 365 56110 43011 39893 615741 426359 33 1389 53124 4461 192 53443 50 13326 140 105 82 9330 27590 425 19940 5676 494 16 543 103
internal_value=-0.00231524 -0.0100649 -0.0316811 -0.0507007 -0.00098228 1.35564e-05 -0.0213451 -0.00300712 -0.00192642 -0.00400505 -0.0257611 0.00804674 0.00535531 -0.0216904 0.0231642 0.0123916 0.0921814 -0.0306433 -0.00929443 0.0280926 -0.00611852 -0.0533815 -0.0612077 0.00917321 0.0124696 0.0217905 0.084185 0.27768 0.571461 1.64775
internal_weight=1553.31 358.918 106.19 52.7699 252.728 1194.39 59.9873 868 828.644 765.313 39.3562 326.389 192.741 23.8425 8.32467 249.777 2.85608 37.7153 19.452 8.67135 76.6125 18.2633 46.0896 168.898 151.267 6.68033 2.48741 0.608866 0.241223 0.0883107
internal_count=2807928 1518071 1395122 1039970 122949 1289857 43376 1178783 1081993 1042100 96790 111074 79573 6084 1623 54882 1439 96757 13571 245 56192 83186 1031294 73489 73064 8676 3000 1156 662 119
is_linear=0
shrinkage=0.05


Tree=147
num_leaves=31
num_cat=0
split_feature=4 9 4 4 3 3 3 2 7 9 4 4 9 0 3 11 9 1 3 3 9 3 0 3 9 2 9 3 6 2
split_gain=11.1094 28.3316 9.58349 8.32845 9.06787 7.84784 7.4084 7.40722 6.56733 15.3049 12.0934 11.3579 11.2262 11.7063 10.3614 7.81771 604.267 7.42138 7.40013 10.9435 10.3257 8.44825 7.32719 20.9198 16.0861 16.0376 13.2327 6.7329 28.3493 7.92614
threshold=0.44327485561370855 0.64226880669593822 0.19639987498521808 0.32305502891540533 0.70678734779357921 0.27334994077682501 0.270728349685669 0.43792808055877691 0.48809523880481726 0.81844761967659008 0.90366768836975109 0.45222154259681707 0.90377491712570202 0.19090909510850909 0.32049381732940679 1.0000000180025095e-35 0.21833460777997973 0.49691358208656317 0.45512083172798162 0.81365740299224865 0.75249087810516369 0.55036231875419628 1.0000000180025095e-35 0.61938297748565685 0.6209508776664735 0.55217784643173229 0.81844761967659008 0.89725545048713695 1.0000000180025095e-35 0.68133461475372326
decision_type=2 2 2 2 2 2 2 2 2 2 2 2 2 2 2 2 2 2 2 2 2 2 2 2 2 2 2 2 2 2
left_child=1 2 5 -3 7 6 -1 -5 14 11 12 -10 -11 -14 15 17 -17 -2 -13 20 -20 -22 24 25 -16 -24 -27 28 -25 -30
right_child=8 3 -4 4 -6 -7 -8 -9 9 10 -12 18 13 -15 22 16 -18 -19 19 -21 21 -23 23 27 -26 26 -28 -29 29 -31
leaf_value=0.020859465313182238 -0.020693264497888778 0.0034534614847090122 -0.040575381789167107 -0.015205592414716277 0.053069836204371459 -0.077700759483035828 0.27197065444232127 -0.069324120778918849 0.19672947577781374 -0.021244846684430215 0.034495461190484342 0.044121863086179769 0.025244387026675252 -0.010169469199141091 0.02729952872009711 -30.32607846006286 -0.075793532584849208 0.1168522155733748 0.0083203718778134053 0.032437613816584304 -0.0035264139064812104 -0.12768982272921342 -0.0049663846262476699 -0.033403470669480011 -0.012276067244325744 -0.075471584316404175 -0.84852100300523225 0.0016443763805680186 -0.014403076823891657 0.020643829320029443
leaf_weight=8.7166357504988774 45.68224733443904 196.00516570336546 78.321586343509296 62.156142449734034 4.4311786976323608 2.1144812670108868 0.30396166606351549 7.0387062146583039 0.97368999841273662 64.857299290364608 21.775467271392699 28.662685639934352 42.460866170178633 51.806727106450126 64.753799934704119 0.0016514688907295341 4.465631580501463 1.0022061157305859 10.501082521048376 23.679500773781911 2.3594149345881297 3.2669573525781743 14.280190320874771 69.838994300657532 42.547801371468523 15.624262611633206 0.05555394524708468 604.70494507110254 22.763695480948691 55.380259736910993
leaf_count=62276 72252 34318 1385989 24055 184 9047 751 1451 181 3433 9210 1752 1688 6286 84381 95 52616 226 266 1977 63 149 261418 449209 5479 77368 3 129256 103877 28672
internal_value=-0.00231269 -0.0100219 -0.0344047 -0.00193232 -0.0162702 0.00899825 0.029321 -0.0207107 1.07839e-05 0.00720821 -0.000451503 0.0271618 -0.00523382 0.00578196 -0.00190381 -0.0237871 -0.0869765 -0.0177405 0.0247504 0.0108022 -0.0209645 -0.075622 -0.000646023 -0.00232589 0.0116068 -0.0432993 -0.0782105 -0.000694988 -0.0102544 0.0104345
internal_weight=1550.53 359.088 89.4567 269.631 73.626 11.1351 9.0206 69.1948 1191.44 250.344 180.9 69.4433 159.125 94.2676 941.101 51.1517 4.46728 46.6845 68.4696 39.807 16.1275 5.62637 889.95 782.648 107.302 29.96 15.6798 752.688 147.983 78.144
internal_count=2807928 1518071 1458063 60008 25690 72074 63027 25506 1289857 25005 20617 4388 11407 7974 1264852 125189 52711 72478 4207 2455 478 212 1139663 1049803 89860 338789 77371 711014 581758 132549
is_linear=0
shrinkage=0.05


Tree=148
num_leaves=31
num_cat=0
split_feature=4 8 4 7 11 2 1 4 8 1 1 7 7 4 3 3 8 3 1 7 7 4 6 3 8 8 8 7 0 3
split_gain=10.229 26.8117 11.1258 10.486 8.19052 8.03244 7.29482 9.40637 8.45349 7.19776 6.39535 28.983 5.93528 6.11653 15.0666 221.223 9.84049 5.90662 7.35461 6.9943 5.86818 8.98829 11.3416 8.77151 8.58175 12.8517 7.25171 7.79789 6.86247 20.9589
threshold=0.44327485561370855 0.58790296316146862 0.33508773148059851 0.41421568393707281 1.0000000180025095e-35 1.0000000180025095e-35 0.13446328043937686 0.13873296231031421 0.75093984603881847 0.27812939882278448 0.26365442574024206 0.39444445073604589 0.25462962687015539 0.32950541377067571 0.31503759324550634 0.31643131375312811 0.68863317370414745 0.32049381732940679 0.36237373948097235 0.48809523880481726 0.48809523880481726 0.90366768836975109 1.0000000180025095e-35 0.32049381732940679 0.41280081868171697 0.43913836777210241 0.6975214183330537 0.27525253593921667 1.0000000180025095e-35 0.61938297748565685
decision_type=2 2 2 2 2 2 2 2 2 2 2 2 2 2 2 2 2 2 2 2 2 2 2 2 2 2 2 2 2 2
left_child=1 3 6 4 9 -4 7 8 -3 10 -1 -12 13 -8 -15 -16 -17 -14 -19 -20 23 22 24 -2 -22 -26 28 -28 -25 -30
right_child=20 2 5 -5 -6 -7 12 -9 -10 -11 11 -13 17 14 15 16 -18 18 19 -21 21 -23 -24 26 25 -27 27 -29 29 -31
leaf_value=-0.019613339918573412 -0.022097835661117574 -0.056501974750924625 0.05304811272195558 -0.000400092220099954 -0.064904487205097922 -0.024578462662493503 0.035280129230461095 -0.044340402217628028 0.054725932158537917 -0.045354381043739345 0.039977125485914283 1.587681684438242 0.010616875373653169 0.052099913978329949 12.046071713511564 -0.050125903300721947 0.80144888893420052 -0.029401949819266429 -0.037271282928391894 0.067752511385349032 -0.12316613640565188 0.036082157728770638 -0.011756197111426919 0.011090399031777052 0.19374805641496895 0.011699237050384243 0.052874253728567293 0.0075114198591062073 -0.046305185397346266 -0.0018649294807636801
leaf_weight=24.070173770603329 50.203254834741415 2.4204303740189079 3.5477276168476157 22.225501517863449 22.393304641512522 54.924106623459416 10.74232875403484 15.249710019384109 5.8055673948401818 32.593286352289169 3.3271138878599227 0.030526320784701855 130.31114760743731 0.41333614569794086 0.0041335631303809342 0.080559398624245659 0.058602341134246672 21.043270376560034 2.4711206797910554 4.4223349830281222 1.1679759309045028 23.797373652203532 77.362518765126879 89.969089977835893 0.97588124581670754 147.09038077249352 11.290149545567472 58.881509574457723 27.57427300576046 701.3393938628318
leaf_count=188710 125189 1431 365 5272 852378 43011 27392 4461 192 315530 33217 15 32113 1076 34 891 70 9556 1951 406 44 10283 6775 88371 53 7850 870 5256 338686 706480
internal_value=-0.00217656 -0.00961044 -0.000761123 -0.0308791 -0.0390987 -0.0198685 0.00502704 -0.0210951 0.0219981 -0.0294708 -0.0105959 0.0540482 0.00864395 0.0436542 0.205264 0.647068 0.30848 0.0061442 -0.0147186 0.0301043 4.88448e-05 0.00685015 0.00378018 -0.0017643 0.0118342 0.0128991 -0.000616099 0.01481 -0.00193799 -0.00354607
internal_weight=1545.79 356.134 251.494 104.64 82.4144 58.4718 193.023 23.4757 8.226 60.0211 27.4278 3.35764 169.547 11.299 0.556631 0.143295 0.139162 158.248 27.9367 6.89346 1189.65 250.394 226.597 939.258 149.234 148.066 889.054 70.1717 818.883 728.914
internal_count=2807928 1518071 122949 1395122 1389850 43376 79573 6084 1623 537472 221942 33232 73489 29463 2071 995 961 44026 11913 2357 1289857 25005 14722 1264852 7947 7903 1139663 6126 1133537 1045166
is_linear=0
shrinkage=0.05


Tree=149
num_leaves=31
num_cat=0
split_feature=4 9 10 8 2 2 7 1 7 10 4 3 3 0 3 8 1 7 4 7 1 4 8 9 8 9 9 0 3 4
split_gain=19.0941 49.5428 32.6727 18.4391 30.7225 28.0337 18.3761 34.2022 31.9635 9.6621 8.9995 8.99627 7.10979 14.0496 20.2054 7.44475 6.78778 6.59554 6.588 6.65777 6.46483 6.42188 6.25744 9.72276 7.38058 6.29934 20.8302 18.3332 8.77735 7.23692
threshold=0.44327485561370855 0.64226880669593822 1.0000000180025095e-35 0.58790296316146862 0.31503759324550634 0.31643131375312811 0.1863425895571709 0.36491677165031439 0.20344828069210055 1.0000000180025095e-35 0.32305502891540533 0.70678734779357921 0.35948719084262853 1.0000000180025095e-35 0.70678734779357921 0.97413599491119396 0.35043859481811529 0.92582416534423839 0.27639257907867437 0.44097222387790685 1.0000000180025095e-35 0.68908989429473888 0.68863317370414745 0.75249087810516369 0.27465948462486273 0.31892949342727667 0.3175536990165711 0.81666666269302379 0.58397436141967785 0.61143791675567638
decision_type=2 2 2 2 2 2 2 2 2 2 2 2 2 2 2 2 2 2 2 2 2 2 2 2 2 2 2 2 2 2
left_child=1 2 3 -1 -5 6 -6 8 -8 12 -3 20 15 -14 -15 21 17 -11 19 -4 -12 -2 24 -24 -18 26 28 -28 -26 -30
right_child=9 10 18 4 5 -7 7 -9 -10 16 11 -13 13 14 -16 -17 22 -19 -20 -21 -22 -23 23 -25 25 -27 27 -29 29 -31
leaf_value=-0.057493776155939091 -0.041008229047254596 0.003143060017988154 0.0049528051113693853 -0.024235720521850593 -0.20578898920157457 -0.050440795527710171 -1.1319311919424355 -1.5859701749956159 -0.29506555552326269 -0.0091144088684762311 0.037729322188209402 0.05196891779184043 0.020733527633433099 -0.0330462015801175 -0.0013803272147220897 0.079966961546387008 0.047155004063972702 0.058157179612432379 -0.031966909708897089 0.22013672509329563 -0.025923575268450211 0.0070548386720930478 0.052197824676270078 0.012762681458971196 -0.16125395416841792 0.005012305770090591 -0.20144253097746667 -1.0339516556715969 0.16492223996683619 -0.02059412629390164
leaf_weight=39.931315575252732 26.924430327271466 196.04782938054271 19.353500199069579 3.8165873912891746 2.578241607657219 1.9231712718924492 0.12678282340311842 0.061522854119175352 1.1405045041447008 71.805466183035492 4.2548437823461418 4.3814743020048743 64.126650126861477 54.238870255223787 707.35982929336478 1.650815098080783 10.090651554731265 3.8383322204463175 19.631718625637628 0.36626138258725305 63.836686962109525 9.3680631915376562 20.758215071080485 63.269985992636066 0.9710438905067339 148.30531537814841 0.23488163144975249 0.092045577242970467 0.60805418252857624 3.8808826934546232
leaf_count=1025027 93295 34318 113758 46298 307 28031 34 127 610 56457 242 184 39893 615741 426359 33 2564 83 243855 16 25264 3462 1392 17293 3240 29375 156 3 276 235
internal_value=-0.00300328 -0.0131348 -0.0454806 -0.0724813 -0.13452 -0.206714 -0.283636 -0.434679 -0.378788 4.63378e-05 -0.00242235 -0.0174774 -0.00271542 -0.00174296 -0.00363548 -0.0238783 0.00741151 -0.0057009 -0.0114629 0.00894948 -0.0219461 -0.0286019 0.0114076 0.0225047 0.00572815 0.00301533 -0.0481625 -0.435833 -0.02495 0.00453521
internal_weight=1544.97 357.45 88.9296 49.5781 9.64681 5.83022 3.90705 1.32881 1.26729 1187.52 268.521 72.473 863.669 825.725 761.599 37.9433 323.855 75.6438 39.3515 19.7198 68.0915 36.2925 248.211 84.0282 164.183 154.092 5.78691 0.326927 5.45998 4.48894
internal_count=2807928 1518071 1458063 1100434 75407 29109 1078 771 644 1289857 60008 25690 1178783 1081993 1042100 96790 111074 56540 357629 113774 25506 96757 54534 18685 35849 33285 3910 159 3751 511
is_linear=0
shrinkage=0.05


Tree=150
num_leaves=31
num_cat=0
split_feature=4 9 11 1 4 3 3 3 4 4 2 1 1 7 1 1 4 2 7 9 2 6 0 4 0 0 1 4 4 1
split_gain=17.2856 45.3826 20.2812 9.91656 8.23445 8.23874 7.71682 24.8357 11.9041 14.2484 6.23951 7.25395 8.06493 8.36169 10.433 18.9873 6.04835 9.1927 7.3796 12.0701 5.66194 12.9424 27.5697 6.97325 11.0051 5.58414 10.24 22.8931 5.3698 5.3673
threshold=0.44327485561370855 0.64226880669593822 1.0000000180025095e-35 0.30068494379520422 0.32305502891540533 0.70678734779357921 0.31643131375312811 0.31503759324550634 0.32950541377067571 0.33508773148059851 0.43792808055877691 0.34724637866020208 1.0000000180025095e-35 0.25462962687015539 0.31519810855388647 0.31643131375312811 0.31851120293140417 0.23431372642517093 0.74166667461395275 0.90377491712570202 0.34525330364704138 1.0000000180025095e-35 0.46428571641445165 0.43288289010524755 0.46428571641445165 0.29285715520381933 0.29925373196601873 0.30471627414226538 0.35043859481811529 0.34851622581481939
decision_type=2 2 2 2 2 2 2 2 2 2 2 2 2 2 2 2 2 2 2 2 2 2 2 2 2 2 2 2 2 2
left_child=1 2 3 25 16 10 7 -5 -9 -10 11 12 28 14 -14 -16 -3 -18 19 -19 21 23 -23 -8 -25 -1 -27 -28 -6 -13
right_child=-2 4 -4 6 5 -7 20 8 9 -11 -12 29 13 -15 15 -17 17 18 -20 -21 -22 22 -24 24 -26 26 27 -29 -30 -31
leaf_value=-0.011978563887396217 4.5652393576815103e-05 0.0015263006046419975 -0.080815962282716411 -0.05010535856261631 -0.092619392450378299 0.050100718426885217 -0.0054051978967360557 -0.052051277173911517 -0.54490962050882719 -0.050593904053689312 -0.067007921517711358 0.11822123535368954 -0.056986322153487382 -0.030784002444224873 -0.57709680535790564 -0.051166157812654628 -0.057397812130485927 0.085896936416194225 -0.056591399140362722 0.35926531454062699 -0.048053304767968409 -0.050129359732195379 2.0975831512391205 -0.050021456646517207 0.94714633821605665 0.070905877163096417 1.9098249850739064 -0.050515361212991321 0.059945586559124957 0.001425922296602833
leaf_weight=32.665130832674954 1184.8568288400472 191.01462560566873 25.988205730558711 4.3503585796643156 0.68662080651482327 4.3192367434640877 3.5540977561104299 0.3030627457610533 0.58365841066188295 0.19431276100112882 6.677372284091688 1.0324233610444959 1.4666351830092019 32.200339221060858 0.31727613152906986 0.37379084492567927 1.3356848909425014 2.7786489292120686 0.67020979292283289 0.47244569717440743 19.283448038022925 0.041753826018975704 0.023270010671694763 0.061946962362526281 0.050004517397610471 0.3970304150998335 0.025507669671242184 0.035788523632618308 3.6043681624105375 20.826101166507215
leaf_count=278984 1289857 33014 908931 61636 68 184 47262 2479 283 2155 1451 308 2072 12047 90 888 253 1018 22 11 153386 779 6 1193 2 840 35 92 174 8408
internal_value=-0.0028551 -0.0125276 -0.0437766 -0.0281424 -0.00230982 -0.0168364 -0.0497958 -0.103403 -0.317887 -0.421445 -0.0211397 -0.0160779 -0.0290974 -0.0371691 -0.132457 -0.292626 0.00298241 0.0558908 0.0944794 0.125623 -0.0371445 0.0192358 0.71847 0.0068336 0.395376 -0.00954678 0.163768 0.765257 0.035533 0.00694241
internal_weight=1540.19 355.333 87.5576 61.5694 267.776 71.5042 28.4459 5.43139 1.08103 0.777971 67.1849 60.5076 38.649 34.358 2.1577 0.691067 196.272 5.25699 3.9213 3.25109 23.0145 3.73107 0.0650238 3.66605 0.111951 33.1235 0.458327 0.0612962 4.29099 21.8585
internal_count=2807928 1518071 1458063 549132 60008 25690 269181 66553 4917 2438 25506 24055 15339 15097 3050 978 34318 1304 1051 1029 202628 49242 785 48457 1195 279951 967 127 242 8716
is_linear=0
shrinkage=0.05


Tree=151
num_leaves=31
num_cat=0
split_feature=4 9 10 8 2 2 10 4 3 3 7 4 4 1 2 6 4 7 8 1 3 4 4 1 7 4 1 7 4 8
split_gain=15.7957 42.3305 28.9977 10.1673 17.5145 10.9299 8.77274 7.4831 7.52001 6.62912 11.7332 15.1413 9.64429 7.33534 13.4191 8.79553 8.72764 6.31005 12.1042 6.81317 6.1624 11.6961 7.16085 7.07723 7.0047 8.20533 6.15575 6.17426 6.14787 6.43142
threshold=0.44327485561370855 0.64226880669593822 1.0000000180025095e-35 0.58790296316146862 0.31503759324550634 0.31643131375312811 1.0000000180025095e-35 0.32305502891540533 0.70678734779357921 0.89725545048713695 0.73030304908752453 0.62575301527977001 0.45748709142208105 0.83935481309890758 0.90098038315773021 1.0000000180025095e-35 0.99315068125724804 0.17752101272344592 0.3869446069002152 0.32071428000926977 0.97014260292053234 0.89059829711914074 0.78086888790130626 0.99056604504585277 0.84900286793708812 0.81661397218704235 0.35043859481811529 0.92582416534423839 0.44575163722038275 0.54912123084068309
decision_type=2 2 2 2 2 2 2 2 2 2 2 2 2 2 2 2 2 2 2 2 2 2 2 2 2 2 2 2 2 2
left_child=1 2 3 -1 -5 -6 9 -3 -9 10 11 17 -12 14 -11 -15 20 -2 -19 -20 21 22 -17 24 25 -22 27 -8 29 -28
right_child=6 7 -4 4 5 -7 26 8 -10 13 12 -13 -14 15 -16 16 -18 18 19 -21 23 -23 -24 -25 -26 -27 28 -29 -30 -31
leaf_value=-0.056370055125453872 -0.05096299597181593 0.0028216820619598277 -0.010178952013026122 -0.022477117637537476 -0.19554155355205138 -0.050406572313511623 -0.0086877776099819042 -0.020255943055655871 0.048256104595716727 0.0049922107993948198 0.19891740542245004 -0.00440719563244398 0.019312471716511667 0.013152506371501095 0.063236635782981429 0.06448041915704944 0.0092313327051683023 0.11044305073750355 -0.06472869306834611 -0.014761059451074372 -0.00067762566535011545 0.041497387155146233 -0.04729211769042771 -0.010035922307549457 -0.17714292776143853 -0.051930522803828566 -0.062192438986497955 0.057759266658183178 0.010026900267213021 0.12103215339966414
leaf_weight=37.069638002993024 27.220146107625673 196.59541585302577 38.289651836342045 3.5768705147549955 5.1384193740345836 1.7353004814687656 71.589550425130483 66.563490753505917 4.2616299485926978 195.76477107412086 0.77470429614186542 167.51536458220497 21.234290179680102 64.876005505275316 10.415184949404646 1.7252108554457688 66.479761132824933 1.7048704975058928 8.7068765146987577 31.513172607961675 13.123158457867246 14.557071405215536 8.4590669685640005 208.08624630610939 0.84329209686256845 19.284522127061791 0.6041191963531668 3.675506906816735 244.39571059275113 2.3113392535597086
leaf_count=1025027 779678 34318 357629 46298 1078 28031 56457 25506 184 101236 28 229831 626 4548 332 221 3448 2201 18897 21271 1004 458 359 13602 31 1012 1386 83 53099 49
internal_value=-0.00272321 -0.0120033 -0.0425593 -0.0686499 -0.112208 -0.158902 4.33696e-05 -0.00219851 -0.0161335 -0.00258808 -0.00928508 -0.0125325 0.0256345 0.000281813 0.00793443 -0.00368819 -0.0069735 -0.0322175 -0.0200468 -0.0255781 -0.0110223 0.0127429 -0.0283579 -0.0134586 -0.0348781 -0.0311762 0.00707754 -0.00544289 0.0108879 0.0830657
internal_weight=1538.09 353.23 85.8099 47.5202 10.4506 6.87372 1184.86 267.421 70.8251 862.284 258.669 236.66 22.009 603.614 206.18 397.434 332.558 69.1451 41.9249 40.22 266.079 24.7413 10.1843 241.337 33.251 32.4077 322.576 75.2651 247.311 2.91546
internal_count=2807928 1518071 1458063 1100434 75407 29109 1289857 60008 25690 1178783 1052532 1051878 654 126251 101568 24683 20135 822047 42369 40168 16687 1038 580 15649 2047 2016 111074 56540 54534 1435
is_linear=0
shrinkage=0.05


Tree=152
num_leaves=31
num_cat=0
split_feature=4 9 10 10 8 2 2 5 4 3 3 3 3 7 1 1 4 9 2 4 8 3 1 2 7 4 3 4 8 7
split_gain=14.3538 39.1056 27.2298 7.94278 7.52374 13.8649 7.35102 7.02759 6.8298 6.87159 6.21857 11.0112 8.44763 9.04065 7.34657 9.62875 13.5877 39.6026 9.95789 8.34811 8.09771 9.72324 17.5934 14.9098 7.88251 7.10093 7.09798 6.62268 6.5923 7.47263
threshold=0.44327485561370855 0.64226880669593822 1.0000000180025095e-35 1.0000000180025095e-35 0.58790296316146862 0.31503759324550634 0.31643131375312811 1.0000000180025095e-35 0.32305502891540533 0.70678734779357921 0.35948719084262853 0.45512083172798162 0.70678734779357921 0.10912698507308961 0.54433220624923717 0.37884436547756201 0.45748709142208105 0.90377491712570202 0.45393940806388861 0.80259740352630626 0.54589802026748668 0.37590579688549047 0.37248718738555914 0.37884436547756201 0.56696429848670971 0.63702240586280834 0.58123165369033825 0.68908989429473888 0.4231786727905274 0.1863425895571709
decision_type=2 2 2 2 2 2 2 2 2 2 2 2 2 2 2 2 2 2 2 2 2 2 2 2 2 2 2 2 2 2
left_child=1 2 4 10 -1 -6 -7 -5 -3 -10 27 14 13 26 15 20 17 -17 19 28 -12 -22 23 -23 -25 -24 -13 -2 29 -18
right_child=3 8 -4 7 5 6 -8 -9 9 -11 11 12 -14 -15 -16 16 18 -19 -20 -21 21 22 25 24 -26 -27 -28 -29 -30 -31
leaf_value=-0.055815892550641226 -0.03543468751038148 0.0026777825287075227 -0.0097586114015311975 0.0040678792517188141 -0.021843401611753441 -0.17046797954151319 -0.050388327481283024 0.027152388364488411 -0.01946292534675817 0.046439058289500935 -0.027664259599314785 -0.076529930649969713 -0.00087579690033557213 -0.0056239844852529327 0.10839285619112374 -0.050284578063525515 -0.052387136537957346 0.91798224473765044 0.14683889321306479 0.19671479848143081 0.044254058291503633 0.28646857271293324 -0.050243894517134846 -0.057429502467904715 0.20735997983961779 0.69513770265314356 -0.023355146620232706 0.012383867214996409 -0.043536516597751485 0.1592621983978989
leaf_weight=35.603083659867551 26.912582269057907 196.79680621085208 37.950833479743835 284.29744386042125 3.4986300059628244 5.5864649066279526 1.6512515141131103 37.293795401492389 65.83093998887945 4.2083515876657733 1.9733408011816331 9.2181551723328834 714.35438969923098 53.587173989067026 2.6885068208907787 0.33381295320017912 0.76822674650883971 0.15446875244379044 0.92220611568836908 0.41911107529267688 4.6348733990944311 0.85895103168331921 0.038032525191738276 0.95832967895603338 0.39770257870986825 0.19985318553517573 19.660714937063933 9.9058248508026718 11.454452231082675 0.91229083800135413
leaf_count=1025027 93318 34318 357629 95870 46298 1078 28031 15204 25506 184 11752 198356 427261 50190 1881 6142 13236 3 653 35 1198 97 125 929 35 12 360821 3472 8941 326
internal_value=-0.00259622 -0.0114727 -0.0411614 4.07555e-05 -0.0668795 -0.103568 -0.143072 0.00674491 -0.00209436 -0.0155032 -0.00246519 -0.00156638 -0.00262499 -0.0177772 0.0300096 0.0212384 -0.00339226 0.256028 -0.0121425 -0.0229594 0.0619164 0.086857 0.167358 0.123474 0.020229 0.575968 -0.0403286 -0.0225693 -0.0299688 0.0625095
internal_weight=1533.07 351.126 84.2903 1181.94 46.3394 10.7363 7.23772 321.591 266.836 70.0393 860.353 823.535 796.82 82.466 26.7142 24.0257 14.9646 0.488282 14.4763 13.5541 9.06108 7.08774 2.45287 2.21498 1.35603 0.237886 28.8789 36.8184 13.135 1.68052
internal_count=2807928 1518071 1458063 1289857 1100434 75407 29109 111074 60008 25690 1178783 1081993 1036628 609367 45365 43484 29336 6145 23191 22538 14148 2396 1198 1061 964 137 559177 96790 22503 13562
is_linear=0
shrinkage=0.05


Tree=153
num_leaves=31
num_cat=0
split_feature=11 3 7 7 13 8 2 7 8 8 9 9 3 8 9 8 9 8 7 8 9 8 8 9 9 3 7 1 2 2
split_gain=13.9036 25.8662 27.9081 16.0632 5.57578 5.04404 4.93884 10.269 18.0059 41.2163 4.85714 4.13197 4.01825 4.65084 32.39 30.2608 47.114 29.381 28.6016 5.14511 5.32023 4.84547 3.88265 6.68634 9.43216 6.6018 23.3152 6.66627 8.07047 6.95166
threshold=1.0000000180025095e-35 0.39250700175762182 0.31909090280532842 0.075498577207326903 1.0000000180025095e-35 0.25547912716865545 1.0000000180025095e-35 0.29705883562564855 0.57212206721305858 0.56765475869178783 0.3215534389019013 0.32022099196910864 0.4248871803283692 0.61394822597503673 0.60625612735748302 0.6975214183330537 0.60169798135757457 0.61830145120620739 0.24499999731779101 0.65133896470069896 0.90377491712570202 0.92546296119689953 0.68863317370414745 0.62617477774620067 0.6209508776664735 0.62575301527977001 0.075498577207326903 0.55625879764556896 0.51316702365875255 0.65599384903907787
decision_type=2 2 2 2 2 2 2 2 2 2 2 2 2 2 2 2 2 2 2 2 2 2 2 2 2 2 2 2 2 2
left_child=4 2 6 -3 22 -5 7 -2 9 -9 11 -8 13 -7 15 16 -15 -18 -17 20 -16 -21 25 24 -24 26 -1 29 -29 -27
right_child=1 3 -4 5 -6 12 10 8 -10 -11 -12 -13 -14 14 19 18 17 -19 -20 21 -22 -23 23 -25 -26 27 -28 28 -30 -31
leaf_value=-0.049911238084314802 -0.050062309255540706 -0.048428607912252224 -0.0096920701385368457 0.12447460029089659 0.039459300267257857 -0.04939230087294625 -0.050019160725623624 -0.05007983571511241 -0.05030148819483482 3.5912452784593287 -0.090439943240172127 0.32137953182420809 -0.0019208625338683638 -0.050044626309175812 0.12557031097126745 4.3286352467088856 4.3986969863392149 -0.05005473617672003 -0.050005390502210867 -0.027552375060338377 0.59862109079355996 0.12291522856204216 0.037465281064760644 0.0028884867056246655 0.26011806563590961 0.01248446016127111 -0.003699172177219131 -0.059953830976079973 -0.00071657118992557835 0.08805709520237387
leaf_weight=30.946082531820196 0.22725654182893151 19.207961937409408 25.45786373844976 0.80820777620922868 8.692306991608346 0.88193147364836422 0.17345228846929772 0.017908076781168347 0.041883948197209975 0.013728919318964472 22.95568769276661 0.13178933241459545 161.46269938570262 0.063399052389286559 0.26588221863676187 0.011417680201702751 0.011237793602049351 0.0055414212010873589 0.0055386947551596668 1.5614411236538219 0.07654881477355957 0.81395565613638599 4.2559557645981831 356.01745560640848 0.5355082752284942 51.282872634706109 231.27834679515871 5.8051088667998547 602.92853682926761 3.2349331565510502
leaf_count=505193 8237 1027271 67126 1349 2618 31230 17166 93 128 2 540875 775 165359 1386 754 19 1 73 119 1969 1 43 923 24963 89 60204 212079 13991 120304 3588
internal_value=-0.00247925 -0.0136903 -0.0459867 -0.00514083 -0.000451736 -0.000131005 -0.0852022 0.11611 0.629756 1.53008 -0.0878053 0.110334 -0.000740762 0.0508004 0.0821909 0.979337 0.573491 2.92947 2.89838 0.0501271 0.231319 0.024007 -0.000721442 0.00367812 0.0623496 -0.00243667 -0.00915283 0.000218647 -0.00128148 0.0169687
internal_weight=1529.17 234.195 49.0196 185.176 1294.98 165.968 23.5617 0.300777 0.0735209 0.031637 23.2609 0.305242 165.16 3.69689 2.81496 0.0971346 0.0801783 0.0167792 0.0169564 2.71783 0.342431 2.3754 1286.28 360.809 4.79146 925.476 262.224 663.251 608.734 54.5178
internal_count=2807928 1863976 634402 1229574 943952 202303 567276 8460 223 95 558816 17941 200954 35595 4365 1598 1460 74 138 2767 755 2012 941334 25975 1012 915359 717272 198087 134295 63792
is_linear=0
shrinkage=0.05


Tree=154
num_leaves=31
num_cat=0
split_feature=4 9 10 10 5 3 3 7 4 3 7 9 4 7 4 8 9 8 8 9 7 3 0 3 1 1 1 8 1 7
split_gain=12.4231 34.0527 24.6773 7.17902 6.49692 6.48268 6.34209 7.37693 6.26682 5.87415 5.80782 6.21598 10.0574 38.0361 127.192 169.299 11.6331 24.0453 8.19828 7.03591 6.1075 5.76636 11.0123 16.0305 7.04545 9.72327 6.71939 6.65832 5.72094 5.64178
threshold=0.44327485561370855 0.64226880669593822 1.0000000180025095e-35 1.0000000180025095e-35 1.0000000180025095e-35 0.99056604504585277 0.27639257907867437 0.14550264924764636 0.27639257907867437 0.70678734779357921 0.16064515709877017 0.56973218917846691 0.25866188108921057 0.1695402339100838 0.26365442574024206 0.45013087987899786 0.50133690237998974 0.60054644942283641 0.75093984603881847 0.52106758952140819 0.44097222387790685 0.35948719084262853 1.0000000180025095e-35 0.70678734779357921 0.55625879764556896 0.36491677165031439 0.31519810855388647 0.97413599491119396 0.34178434312343603 0.74166667461395275
decision_type=2 2 2 2 2 2 2 2 2 2 2 2 2 2 2 2 2 2 2 2 2 2 2 2 2 2 2 2 2 2
left_child=1 2 5 21 -5 -1 7 -3 10 -8 -4 12 19 14 15 -14 17 20 -13 -12 -15 27 24 -24 25 26 -23 -2 -28 -27
right_child=3 6 8 4 -6 -7 9 -9 -10 -11 11 18 13 16 -16 -17 -18 -19 -20 -21 -22 22 23 -25 -26 29 28 -29 -30 -31
leaf_value=-0.070777976306278564 -0.026536994512145268 0.079700392158099931 -0.023691665784484638 0.0038896725413903269 0.026337261320641105 -0.0087839202462290638 -0.014389455787640289 0.002690467156166638 -0.030052470012779005 0.038092917100027469 -0.011548436639257606 -0.026521978345904491 -0.050025778481330767 0.058227867176399696 -0.050028590858859537 8.6932876624335869 -0.050255635755083052 0.99793475861211156 0.41852394012517702 0.095476293415189928 0.51591062976996949 -0.044455811911532736 -0.030158543467348323 -0.0012072500034773558 0.038467475041616774 -0.016228830491567585 0.15331849756354621 0.076269874056026643 0.046688914319240743 0.040404616810269273
leaf_weight=39.602918452691142 34.581440735548881 3.1723265600112418 7.4237423506269247 283.7093557646474 36.365174734208267 4.71943515413568 99.584107829356981 157.59093430001485 18.160544488079971 5.6331981627628229 3.5667841870922885 4.1532508956734091 0.010731512506026664 0.4360034799610728 0.052959923836169764 0.011437304085120559 0.53711406461661682 0.095376112731173635 0.10612334124743927 2.696686053997837 0.087523296475410461 1.3031424792879622 51.284459605059283 706.44061139900759 25.962103726757391 26.655083540136996 1.8629384833602669 1.650074285455047 3.8732808865861443 5.2663947311229995
leaf_count=1072726 96757 1848 110132 95870 15204 27708 33001 24916 243855 243 1408 948 23 231 103 20 245 12 4 647 1 3453 615741 426359 6158 25153 2051 33 2977 101
internal_value=-0.00240062 -0.0107069 -0.0389491 4.86672e-05 0.00644005 -0.0641769 -0.00203604 0.0042101 -0.00900254 -0.0115796 0.0109309 0.0327983 0.0602096 0.190854 1.28102 4.46081 0.120005 0.267766 -0.0154336 0.0345302 0.134743 -0.00233318 -0.00147339 -0.00316674 0.0182899 0.00484424 0.0580351 -0.0218549 0.0813188 -0.00688546
internal_weight=1526.6 347.641 81.6606 1178.95 320.075 44.3224 265.981 160.763 37.3383 105.217 19.1777 11.754 7.49462 1.23115 0.0751287 0.0221688 1.15602 0.618903 4.25937 6.26347 0.523527 858.88 822.648 757.725 64.9229 38.9608 7.03936 36.2315 5.73622 31.9215
internal_count=2807928 1518071 1458063 1289857 111074 1100434 60008 26764 357629 33244 113774 3642 2690 635 146 43 489 244 952 2055 232 1178783 1081993 1042100 39893 33735 8481 96790 5028 25254
is_linear=0
shrinkage=0.05


Tree=155
num_leaves=31
num_cat=0
split_feature=4 9 4 3 4 10 4 5 3 2 1 7 1 7 2 2 1 1 8 8 7 3 2 2 3 7 8 10 8 7
split_gain=16.4582 47.9014 16.833 7.40753 6.74255 6.50019 6.11337 6.05718 5.77336 5.96126 6.95572 7.79559 6.40907 6.62741 6.35048 10.4159 9.24109 6.5262 5.75541 6.71531 5.97471 8.13897 12.1206 8.00983 11.1774 7.54847 6.21069 12.2392 18.071 16.075
threshold=0.44327485561370855 0.64226880669593822 0.19639987498521808 0.27334994077682501 0.39369101822376257 1.0000000180025095e-35 0.32305502891540533 1.0000000180025095e-35 0.70678734779357921 0.43792808055877691 0.34724637866020208 0.70714285969734203 1.0000000180025095e-35 0.34057971835136419 0.25677657127380377 0.23940297961235049 0.32757078111171728 0.080816324800252928 0.97413599491119396 0.75093984603881847 0.43303571641445165 0.30068494379520422 0.29459981620311743 0.27334994077682501 0.24525599926710132 0.4220647811889649 0.80365484952926647 1.0000000180025095e-35 0.7729182541370393 0.36939570307731634
decision_type=2 2 2 2 2 2 2 2 2 2 2 2 2 2 2 2 2 2 2 2 2 2 2 2 2 2 2 2 2 2
left_child=1 2 3 -1 -4 -2 18 -7 9 10 11 12 13 -8 15 17 -16 -13 19 -3 21 22 23 24 25 -21 27 28 -26 -30
right_child=5 6 4 -5 -6 7 8 -9 -10 -11 -12 14 -14 -15 16 -17 -18 -19 -20 20 -22 -23 -24 -25 26 -27 -28 -29 29 -31
leaf_value=0.033871263420226297 -0.0022225977950941127 -0.0059732125203324953 -0.060628554803172564 -0.077753280021865212 -0.019842828925005718 0.0036957820625664068 0.093491207139282426 0.025578241321601376 0.042760677896558796 -0.06444664548217198 0.0093545350957412038 0.12970995056427972 -0.051014432818576129 -0.041067322597374473 -0.055247575147830463 0.1353115524360112 0.098699002378094702 -0.058652582326078798 -0.023945188875610778 0.0095006722034963534 0.0067860172956183381 -0.028099186627626893 0.23369576935264816 -0.049656816495857632 -0.050308533708431684 0.097912655299628212 0.069775590260432077 0.13869306906774051 0.42004850256419934 1.4006573541998233
leaf_weight=8.5165778504852749 857.36530573483537 75.695211264661339 60.863685378222371 1.800462992614938 12.157293920698676 283.66499865817605 1.6759152258637215 35.592058961861767 4.103821422322766 6.3394030088020363 21.333443586914655 0.60039495443925117 22.710359844034429 2.0156978530285414 4.8516025198114221 2.1157320539059583 1.2199339755607068 1.9643404985399682 18.555943242623471 10.599241847510724 77.216140487573284 4.2585960177930238 0.84111248867338773 2.2176606055727452 0.095111331218503126 3.1263058226977583 2.270933207924827 1.4856010600924492 0.10623327339999378 0.068896723161742557
leaf_count=63027 1178783 28079 1073854 9047 312135 95870 111 15204 184 1451 8716 9 14764 122 189 23 45 76 419 698 3553 737 66 255 120 219 72 13 62 25
internal_value=-0.00278254 -0.0123213 -0.0453915 0.0143913 -0.0538381 4.5187e-05 -0.00193961 0.00613533 -0.0147517 -0.0183925 -0.0134007 -0.0264666 -0.0410822 0.0200194 0.00942276 0.0531884 -0.0243156 -0.0145576 0.00255393 0.00531668 0.0136716 0.0348796 0.047767 0.0399359 0.0511281 0.0296385 0.124377 0.194996 0.504508 0.805823
internal_weight=1525.43 348.806 83.338 10.317 73.021 1176.62 265.468 319.257 68.9306 64.8268 58.4874 37.154 26.402 3.69161 10.752 4.68047 6.07154 2.56474 196.537 177.981 102.286 25.0697 20.8111 19.97 17.7523 13.7255 4.02678 1.75584 0.270241 0.17513
internal_count=2807928 1518071 1458063 72074 1385989 1289857 60008 111074 25690 25506 24055 15339 14997 233 342 108 234 85 34318 33899 5820 2267 1530 1464 1209 917 292 220 207 87
is_linear=0
shrinkage=0.05


Tree=156
num_leaves=31
num_cat=0
split_feature=4 9 4 3 4 10 2 3 2 8 3 4 9 7 1 2 3 4 3 7 4 1 2 6 4 9 7 3 4 3
split_gain=15.097 44.8339 16.1109 6.7579 6.58508 5.87962 5.66378 12.2242 8.19066 5.99219 9.89472 5.589 5.57385 5.55479 6.53457 6.82108 10.2148 12.7833 5.52641 9.67833 12.5231 6.49527 12.231 7.49057 7.61473 6.10732 10.3223 7.93001 6.38931 5.79284
threshold=0.44327485561370855 0.64226880669593822 0.19639987498521808 0.27334994077682501 0.39369101822376257 1.0000000180025095e-35 0.30471627414226538 0.32049381732940679 0.24283374845981601 0.23825291544198993 0.24525599926710132 0.32305502891540533 0.7807200849056245 0.92582416534423839 0.34851622581481939 0.35585997998714453 0.3260560035705567 0.44575163722038275 0.89725545048713695 0.73030304908752453 0.62575301527977001 0.82807883620262157 0.91106721758842479 1.0000000180025095e-35 0.99315068125724804 0.41519744694232946 0.13188406080007556 0.92940199375152599 0.94826048612594616 0.8155706822872163
decision_type=2 2 2 2 2 2 2 2 2 2 2 2 2 2 2 2 2 2 2 2 2 2 2 2 2 2 2 2 2 2
left_child=1 2 3 -1 6 18 8 -8 -4 10 -10 -3 -13 14 -7 16 17 -16 19 20 -2 22 -20 25 -25 26 27 28 -23 -22
right_child=5 11 4 -5 -6 13 7 -9 9 -11 -12 12 -14 -15 15 -17 -18 -19 21 -21 29 23 -24 24 -26 -27 -28 -29 -30 -31
leaf_value=0.031209297974325548 -0.029844956884494761 0.002383955763781961 -0.067909675166520675 -0.07686793432252137 -0.019166610044992871 -0.008829355525592877 -0.12269447302993955 -0.052502320831421971 0.69104952240379314 -0.025083769092227072 0.060902834543300581 -0.037247396751224453 -0.0053299055914258096 0.036312526120512917 0.18731029133681612 0.0059740809503529444 0.074158786474464958 -0.019914041217623031 0.0050639612586479091 0.023290179385226435 0.0021354779767199174 -0.024063958140895781 0.06168109410423233 -0.0098166984655415537 0.0090721775842200151 -0.010695192703601728 0.12603865931943847 0.023623645724845505 -0.2046162820050911 -0.018190965307449292
leaf_weight=8.7738922089317253 65.467055268561495 196.9560919598589 17.367286491575534 1.7318864195940467 11.961974065547478 71.317377840328163 9.3857961143311126 18.289794325252583 0.067131679436898462 12.631193351777128 0.86483536866853683 18.981855742631637 48.958004188105406 14.288169358100275 0.82022627492187794 214.63898274693111 9.3873322385916236 8.0310362365517012 186.05651943728174 22.122274157707579 115.70964714435806 3.7817434227599724 10.054573532432185 273.53760430210241 66.285441909421934 20.493142108662141 2.2693689155712482 40.501736092690408 0.56292800453957159 50.284103128164361
leaf_count=63027 822047 34318 232510 9047 312135 56110 67654 510209 80 258713 4688 22564 3126 4397 310 41597 2966 5694 100393 654 194377 808 298 17201 3448 1478 45 2557 23 35454
internal_value=-0.00265846 -0.0118393 -0.0443743 0.0133927 -0.0529744 4.33568e-05 -0.0598748 -0.076307 -0.0451718 -0.0160564 0.106294 -0.00188161 -0.0142474 0.00584421 0.0044131 0.00846853 0.0378242 -0.000711036 -0.00211207 -0.00830596 -0.0113258 0.000490335 0.00796671 -0.0031083 -0.00613226 0.012091 0.0220019 0.0167374 -0.0474577 -0.00402196
internal_weight=1521.58 345.97 81.0738 10.5058 70.568 1175.61 58.606 27.6756 30.9304 13.5632 0.931967 264.896 67.9399 318.483 304.195 232.878 18.2386 8.85126 857.126 253.583 231.461 603.543 196.111 407.432 339.823 67.6089 47.1158 44.8464 4.34467 165.994
internal_count=2807928 1518071 1458063 72074 1385989 1289857 1073854 577863 495991 263481 4768 60008 25690 111074 106677 50567 8970 6004 1178783 1052532 1051878 126251 100691 25560 20649 4911 3433 3388 831 229831
is_linear=0
shrinkage=0.05


Tree=157
num_leaves=31
num_cat=0
split_feature=4 9 4 0 2 3 10 5 4 0 7 3 7 2 3 0 3 7 9 8 1 1 1 3 9 3 3 3 1 2
split_gain=13.756 41.6672 15.2543 6.5457 10.9395 6.17789 5.31931 5.60308 5.28897 10.1774 15.1796 5.21103 6.35354 5.4674 5.20244 10.0867 14.3979 6.40627 13.7504 8.06291 6.35956 8.62059 5.79515 5.4982 12.5122 5.75987 5.07499 5.04 4.87522 8.81692
threshold=0.44327485561370855 0.64226880669593822 0.19639987498521808 0.29285715520381933 0.3536857813596726 0.27334994077682501 1.0000000180025095e-35 1.0000000180025095e-35 0.51113310456275951 0.46428571641445165 0.48809523880481726 0.27639257907867437 0.14550264924764636 0.31503759324550634 0.35948719084262853 1.0000000180025095e-35 0.70678734779357921 0.48809523880481726 0.81844761967659008 0.97413599491119396 0.55625879764556896 0.36491677165031439 0.31519810855388647 0.55625879764556896 0.81844761967659008 0.58123165369033825 0.27334994077682501 0.70678734779357921 0.55848154425621044 0.62418830394744884
decision_type=2 2 2 2 2 2 2 2 2 2 2 2 2 2 2 2 2 2 2 2 2 2 2 2 2 2 2 2 2 2
left_child=1 2 5 -4 -5 -1 14 -8 9 -9 -11 12 26 -14 17 20 23 -2 -19 -20 21 22 -16 24 -17 -25 -3 -13 -18 -30
right_child=6 11 3 4 -6 -7 7 8 -10 10 -12 27 13 -15 15 16 28 18 19 -21 -22 -23 -24 25 -26 -27 -28 -29 29 -31
leaf_value=0.028827086836601252 -0.043983032630260488 0.061370136184188018 -0.057478749101251538 0.10992835282471598 -0.037507533409663278 -0.075954709280307342 0.0032456153870196133 0.054476845700666437 0.027379707334801402 -0.034060734811711367 -0.7540446589953177 -0.013166040385033937 0.0019398664524010113 0.18854476500173017 -0.043830124854383916 -0.020452438347481571 0.015029251038482334 0.057583927356393477 -0.047116020397501596 0.071008056392445076 0.036981346112171846 -0.0063167584803740205 0.074847596429104823 -0.07648180454314854 0.15112256687016512 -0.027205464139642751 0.41156315841711111 0.035914770518803728 -0.0280296449224973 -0.00077854581863032873
leaf_weight=9.0174376779099941 16.162137310941716 3.1624763319141489 60.362330611611014 1.5437091584490064 6.8014009513882989 1.6667327624249981 283.02683171123283 0.39894914976321061 33.87884301005397 0.17802416544873267 0.12433796329423785 97.966652333494494 157.23038552476282 0.39351397299105784 1.2435833308834592 5.3960278421628223 44.533548887939219 6.5451919490733443 11.027159488003232 1.6624096957966692 25.836793902313616 31.532455972308163 5.951588247028667 7.0923496958333194 1.3231396968476472 36.194052640896075 0.10695592401316378 5.5255611280882695 31.148703186938974 630.2233887305274
leaf_count=63027 95038 1792 1310705 8565 66719 9047 95870 38 15121 11 34 33001 24887 29 3453 166770 102485 1348 371 33 6158 25254 5028 60012 22 388937 56 243 105498 218376
internal_value=-0.002536 -0.011332 -0.0430978 -0.0517405 -0.0102343 0.0124811 4.08401e-05 0.00556695 0.0245663 -0.111344 -0.330134 -0.00179315 0.00383671 0.00240573 -0.00200985 -0.00120016 -0.00282038 -0.0207779 -0.00127964 -0.0316411 0.0177691 0.00495183 0.0543358 -0.0287471 0.0133341 -0.0352792 0.0728263 -0.0105456 -0.000983756 -0.00206199
internal_weight=1517.26 343.777 79.3916 68.7074 8.34511 10.6842 1173.48 317.607 34.5802 0.701311 0.302362 264.386 160.893 157.624 855.873 820.476 755.911 35.3969 19.2348 12.6896 64.5644 38.7276 7.19517 50.0056 6.71917 43.2864 3.26943 103.492 705.906 661.372
internal_count=2807928 1518071 1458063 1385989 75284 72074 1289857 111074 15204 83 45 60008 26764 24916 1178783 1081993 1042100 96790 1752 404 39893 33735 8481 615741 166792 448949 1848 33244 426359 323874
is_linear=0
shrinkage=0.05


Tree=158
num_leaves=31
num_cat=0
split_feature=4 9 4 0 3 4 9 4 3 7 9 8 10 7 1 8 9 9 8 7 8 9 1 3 0 3 7 9 8 1
split_gain=12.5536 39.0078 14.5834 6.34851 5.65796 4.98423 5.34714 5.23639 7.89086 5.89489 7.98059 4.91567 4.82612 5.29016 5.82321 5.21104 6.83767 6.72372 8.67369 8.0107 5.28405 10.7344 5.29933 4.78587 9.10371 13.2421 6.15395 12.2039 7.2982 5.77216
threshold=0.44327485561370855 0.64226880669593822 0.19639987498521808 0.29285715520381933 0.27334994077682501 0.32305502891540533 0.7807200849056245 0.31851120293140417 0.23453017324209216 0.74166667461395275 0.90377491712570202 0.53671374917030346 1.0000000180025095e-35 0.92582416534423839 0.35043859481811529 0.27465948462486273 0.3215534389019013 0.30517394840717321 0.32274864614009863 0.098387096077203764 0.68863317370414745 0.81844761967659008 0.3536857813596726 0.35948719084262853 1.0000000180025095e-35 0.70678734779357921 0.48809523880481726 0.81844761967659008 0.97413599491119396 0.55625879764556896
decision_type=2 2 2 2 2 2 2 2 2 2 2 2 2 2 2 2 2 2 2 2 2 2 2 2 2 2 2 2 2 2
left_child=1 2 4 -4 -1 7 -7 -3 -9 10 -10 -8 23 14 -14 -16 17 18 19 -17 22 -22 -18 26 29 -26 -2 -28 -29 -25
right_child=12 5 3 -5 -6 6 11 8 9 -11 -12 -13 13 -15 15 16 20 -19 -20 -21 21 -23 -24 24 25 -27 27 28 -30 -31
leaf_value=0.026685000185245663 -0.043468410981217148 0.00091763717542733012 -0.05669154281907688 -0.0098706267925871161 -0.075022760915222267 -0.036522246223630754 0.070252667056381501 -0.056894680088037101 0.076406138484936797 -0.054490758735382665 0.28047234541985405 -0.0081894735030128198 -0.0085580119309924922 0.035591662827352183 0.043078861273564237 -0.13040055400280437 0.094429746654136504 -0.10529289405724743 0.10997305047314704 0.048579444771927577 0.039873419148259974 0.00081571344873954729 0.0012269541951331351 0.004688634750496014 -0.027756861669327188 -0.00093534075291053047 0.05310591006817722 -0.045109788507663368 0.067020410911792269 0.035217478496461473
leaf_weight=9.2480271621628969 15.551359019138657 191.5010762481761 58.195824848956683 8.2685430696186639 1.6046459334706913 18.313120863355039 2.0866909101096089 1.303909566351648 2.9563847601784805 0.64897909172577772 0.57176705088932056 46.576071179704741 71.366389403843527 13.79380769561976 10.001998018549783 1.4541856473097112 1.5415488915459707 2.6709297588104164 1.1909391379713268 1.0966330169212621 32.752472256252076 38.003181366424542 143.06858455189922 38.773700077879312 49.227814090710012 705.8200896092012 6.7370649948643431 10.943892750161464 1.6729777753353126 25.775916713276843
leaf_count=63027 95038 33014 1310705 75284 9047 22564 273 252 1019 22 11 2853 56457 4397 2564 1599 855 1660 950 60 3504 11439 27589 33735 615741 426359 1348 371 33 6158
internal_value=-0.00241946 -0.0108583 -0.042092 -0.0508668 0.0116468 -0.00170953 -0.0134925 0.00229681 0.0504835 0.084002 0.109477 -0.00482582 3.90214e-05 0.0053086 0.00393066 0.00777599 0.00618386 -0.0446944 -0.00143825 -0.0534545 0.00769881 0.0188953 0.0022205 -0.0019155 -0.00114328 -0.00268406 -0.0200476 -0.00122844 -0.0302415 0.0168794
internal_weight=1512.72 341.275 77.317 66.4644 10.8527 263.958 66.9759 196.982 5.48104 4.17713 3.52815 48.6628 1171.44 316.941 303.147 231.78 221.778 6.41269 3.74176 2.55082 215.366 70.7557 144.61 854.503 819.598 755.048 34.9053 19.3539 12.6169 64.5496
internal_count=2807928 1518071 1458063 1385989 72074 60008 25690 34318 1304 1052 1030 3126 1289857 111074 106677 50220 47656 4269 2609 1659 43387 14943 28444 1178783 1081993 1042100 96790 1752 404 39893
is_linear=0
shrinkage=0.05


Tree=159
num_leaves=31
num_cat=0
split_feature=4 9 4 4 2 2 2 2 8 7 4 4 8 9 2 2 2 2 8 7 2 8 2 11 8 1 9 8 1 1
split_gain=11.449 36.4455 13.9162 6.18629 5.29247 8.94442 8.30124 5.15901 5.07471 4.66533 5.32238 13.3513 4.64584 19.0776 13.3012 29.9276 18.2826 20.5132 7.698 31.9475 4.56163 5.05081 14.2918 10.9361 75.9417 114.72 308.347 5.08069 6.50234 15.7857
threshold=0.44327485561370855 0.64226880669593822 0.19639987498521808 0.39369101822376257 0.30471627414226538 0.32049381732940679 0.24283374845981601 0.27334994077682501 0.23825291544198993 0.087595909833908095 0.29818989336490637 0.30068494379520422 0.55190372467041027 0.45954339206218725 0.29459981620311743 0.29679679870605474 0.26766170561313635 0.26365442574024206 0.55585265159606945 0.39444445073604589 0.270728349685669 0.65133896470069896 0.25866188108921057 1.0000000180025095e-35 0.6553173065185548 0.18065268546342853 0.53601509332656871 0.54589802026748668 0.15535445511341098 0.14459930360317233
decision_type=2 2 2 2 2 2 2 2 2 2 2 2 2 2 2 2 2 2 2 2 2 2 2 2 2 2 2 2 2 2
left_child=1 2 7 4 6 -6 -4 20 9 10 -8 -12 -10 14 16 -16 17 -14 19 -15 21 27 23 -23 25 -25 -27 28 29 -1
right_child=-2 -3 3 -5 5 -7 8 -9 12 -11 11 -13 13 18 15 -17 -18 -19 -20 -21 -22 22 -24 24 -26 26 -28 -29 -30 -31
leaf_value=0.059603306167895734 3.6298028809568796e-05 -0.0016323572345344373 -0.066187690273307939 -0.015845337842576111 -0.11242933476626543 -0.0509428146626578 -0.052243452002301349 -0.07432550403981629 -0.040058264349523115 0.25592673237688229 0.95713938417444544 -0.050099919572493469 -0.050015363390020731 -0.050039444951991564 2.672851137395174 0.46899654519640671 -0.050990840501741908 2.104083081113977 -0.030661105185691935 1.9883454697281246 0.19072660406726183 0.042538002145428959 0.91608035771525709 -0.050009586638880457 -0.050007154249407298 25.64534204301448 -0.050002412482062768 -0.052062539387926154 -0.018382204846097979 0.57984386211925765
leaf_weight=1.7893259715365322 1169.2509777922896 263.55986514782592 15.563338791064751 11.022390354921354 9.3320374358004958 16.151801487596714 0.52113049639456122 1.5296912942121696 8.2859262515311087 0.31609917230161955 0.049517585919602425 0.098037413357360492 0.021104372248828267 0.089034326113506146 0.018359075598709765 0.095717263755742174 0.18796083857158258 0.023203282425608991 2.5640295672196771 0.024515011740732007 0.39608910213155546 1.4978980631785814 0.051621336384414351 0.0061436134019458022 0.05611437532115815 0.0019458759925328195 0.0029188870612415485 2.8766086032014959 2.6446189598141241 0.15874883340211443
leaf_count=19273 1289857 60008 232510 312135 75133 502730 2102 8576 226633 122 71 2473 594 1436 92 314 961 147 28514 22 739 207 44 101 941 10 67 7442 31315 3359
internal_value=-0.00230918 -0.0104005 -0.0410594 -0.0499457 -0.0569921 -0.0734588 -0.0419287 0.0108813 -0.0112201 0.0976418 0.0228178 0.287917 -0.020699 0.0323477 0.381539 0.823678 0.164387 1.07806 -0.0128201 0.390043 0.0246273 0.0173864 0.0975171 0.0705172 0.694896 4.49199 10.228 4.30836e-05 0.0326792 0.101998
internal_weight=1508.19 338.936 75.3759 64.3642 53.3418 25.4838 27.858 11.0117 12.2946 0.984785 0.668685 0.147555 11.3098 3.02392 0.346345 0.114076 0.232268 0.0443077 2.67758 0.113549 9.48203 9.08594 1.61664 1.56502 0.0671228 0.0110084 0.00486476 7.4693 4.59269 1.94807
internal_count=2807928 1518071 1458063 1385989 1073854 577863 495991 72074 263481 4768 4646 2544 258713 32080 2108 406 1702 741 29972 1458 63498 62759 1370 1326 1119 178 77 61389 53947 22632
is_linear=0
shrinkage=0.05


Tree=160
num_leaves=31
num_cat=0
split_feature=4 9 11 4 8 8 9 9 4 4 3 7 9 3 7 1 3 3 9 8 1 3 3 7 7 4 7 7 8 1
split_gain=13.8648 47.0854 22.4575 77.0319 1034 7280.87 18120.3 6308.96 8.3452 4.67116 4.64627 5.52743 4.92286 5.66247 4.64883 4.82858 4.55247 4.68675 5.45301 4.51003 6.99992 4.87691 6.87546 5.99156 4.83167 4.78461 6.20433 4.69358 8.85362 17.5046
threshold=0.44327485561370855 0.64226880669593822 1.0000000180025095e-35 0.19639987498521808 0.65133896470069896 0.6553173065185548 0.53601509332656871 0.48157843947410589 0.19639987498521808 0.39369101822376257 0.27639257907867437 0.14550264924764636 0.7807200849056245 0.70678734779357921 0.38278388977050787 0.59675306081771862 0.27334994077682501 0.25866188108921057 0.615800440311432 0.92546296119689953 0.20761494338512423 0.38507877290248876 0.36882591247558599 0.94427245855331432 0.59166666865348827 0.34724637866020208 0.36038962006568914 0.51666668057441723 0.8825557827949525 0.31851120293140417
decision_type=2 2 2 2 2 2 2 2 2 2 2 2 2 2 2 2 2 2 2 2 2 2 2 2 2 2 2 2 2 2
left_child=1 2 8 4 -4 6 7 -6 16 -10 11 -3 14 19 -12 -16 17 -1 -19 21 -21 22 27 -23 25 -24 -27 28 -14 -30
right_child=-2 10 3 -5 5 -7 -8 -9 9 -11 12 -13 13 -15 15 -17 -18 18 -20 20 -22 23 24 -25 -26 26 -28 -29 29 -31
leaf_value=0.010321419298695006 3.4482916660235022e-05 0.067019226020316486 -0.050409235005066423 -0.070391229624027954 -70.393183222107353 -0.050006821351295444 -0.050002325110058289 -214.46717674015815 -0.047569722218930188 -0.0069413297094099704 -0.047833521485624808 0.0023900812578721425 0.016519270592404958 0.057548491231944512 -0.0030072981033360726 -0.28655109636031961 -0.076005820968284565 0.056066789920878463 0.31826589366507885 -0.1599976989166203 -0.019465710966688431 -0.052293288939451149 -0.058691314316027622 0.046823986552108135 0.10151988696119947 0.2722611259596871 -0.055659812996455171 -0.01006578882944039 0.028400236379283877 0.53038452118905699
leaf_weight=7.8774804215984329 1169.2534371752431 3.3792743219582908 0.84999520298957065 18.967118062496752 0.001421601289379737 0.062555093299579312 0.0065856620931299403 0.0016323314779711495 35.313094573482189 8.8470854649785888 14.23810795666043 157.54797644468454 9.8663608059359795 3.6384349117288357 12.705204467769359 0.15194348158547732 1.3195999816748543 0.77437043790177973 0.26655315794050694 0.92577536380850034 20.676015207282035 7.1787258758558874 1.195148219107067 1.9358421177603302 3.1665155657683499 0.30365206966234826 0.27476510408450849 25.411243752256269 0.53986338339746076 0.25602311617694795
leaf_count=27839 1289857 1848 37383 870221 12 1118 168 29 423140 92628 20603 24916 1113 152 8462 13 3974 1538 13 11 454 653 79 28 123 30 41 1403 47 32
internal_value=-0.00254289 -0.0114674 -0.0466237 -0.0920885 -0.538346 -6.28315 -46.7324 -147.401 -0.0300007 -0.0394302 -0.00155176 0.00374721 -0.00987422 -0.003303 -0.0281528 -0.00635817 0.0106721 0.0234973 0.123209 -0.00638963 -0.0254884 0.00184063 0.00919263 -0.0312418 0.0645129 -0.00155931 0.116489 0.00161681 0.0294598 0.18988
internal_weight=1506.93 337.678 74.2875 19.8893 0.92219 0.0721947 0.00963959 0.00305393 54.3982 44.1602 263.391 160.927 102.464 75.3684 27.0953 12.8571 10.238 8.9184 1.04092 71.7299 21.6018 50.1281 41.0136 9.11457 4.94008 1.77357 0.578417 36.0735 10.6622 0.795886
internal_count=2807928 1518071 1458063 908931 38710 1327 209 41 549132 515768 60008 26764 33244 4166 29078 8475 33364 29390 1551 4014 465 3549 2868 681 273 150 71 2595 1192 79
is_linear=0
shrinkage=0.05


Tree=161
num_leaves=31
num_cat=0
split_feature=11 2 7 8 7 0 9 9 1 8 8 0 1 9 8 8 13 7 9 2 8 1 1 9 5 1 2 8 9 10
split_gain=8.88687 17.2641 21.6804 21.2035 8.04048 6.38377 7.31751 6.92706 6.49558 6.28255 6.24917 6.17781 5.93948 6.56968 5.6068 8.57657 4.98993 4.6523 5.14828 4.32553 4.26107 4.23631 4.65881 3.76543 3.72934 6.19071 6.34957 3.67949 8.02975 7.56194
threshold=1.0000000180025095e-35 0.56294015049934398 0.31009615957736975 0.84168756008148204 0.075498577207326903 0.087121214717626586 0.81844761967659008 0.75249087810516369 0.87902438640594494 0.25547912716865545 0.4082483053207398 0.46428571641445165 0.4246212244033814 0.81844761967659008 0.75093984603881847 0.70782846212387096 1.0000000180025095e-35 0.56696429848670971 0.68013605475425731 0.31643131375312811 0.80365484952926647 0.56440424919128429 0.56294015049934398 0.59384471178054821 1.0000000180025095e-35 0.93440860509872448 0.81120249629020702 0.97413599491119396 0.90377491712570202 1.0000000180025095e-35
decision_type=2 2 2 2 2 2 2 2 2 2 2 2 2 2 2 2 2 2 2 2 2 2 2 2 2 2 2 2 2 2
left_child=16 2 3 19 23 10 7 9 -9 -7 -6 12 13 -4 15 -8 27 18 -11 -2 -13 22 -12 -3 25 26 -20 28 -1 -29
right_child=1 4 11 -5 5 6 14 8 -10 17 21 20 -14 -15 -16 -17 -18 -19 24 -21 -22 -23 -24 -25 -26 -27 -28 29 -30 -31
leaf_value=-0.0015817184594659117 -0.078527033928410872 -0.050082480430247656 -0.02526486175465429 0.986234769322897 -0.22781605299862795 0.14741422932024539 -0.028785636319546833 0.053258026332918346 -0.0060260991639988172 0.0037976196161110805 0.1194535801891479 0.131310534930837 -0.039569920425209008 0.024392882355951197 -0.0074163978500688885 -0.15331196270539929 0.038654505468251353 0.10635175067756163 -0.055910609414155578 -0.041838684051865915 -0.015676206516964549 0.039437585389665138 0.51427044949284728 0.16186433380280207 0.031195546277622201 -0.11753425076127764 0.03959755324017894 0.024432412059470641 0.012495277124882194 -0.032954996899701883
leaf_weight=1128.3574695239377 18.789053522203673 9.5646151919536315 12.182427388878994 0.048236178314254086 0.20903640399589463 0.71020028726527229 9.1314733871258777 13.737734693713721 6.9619245044887057 44.184590789057793 0.50236213989364742 1.3202563640443252 12.734523171928229 14.694569583720293 44.428661265410483 1.6294462615041982 8.0912166819907707 0.96994783048285071 5.2143071950417159 14.034892595224504 0.78696222230792034 8.1346543096169608 0.087772384285926819 0.21425038140932962 1.8979172580875463 2.287974520586431 2.6119164968840778 7.7502957765245837 111.29489050293341 22.134900666191243
leaf_count=929311 420730 370900 69257 27 245 524 157 96 140 51033 183 74 4212 3539 887 26 2618 22 267 940859 9 651 1 41 58 16 22 423 10377 1223
internal_value=-0.00210632 -0.011221 -0.0309327 -0.0613004 -0.00157828 0.00142737 -0.00130564 0.00849514 0.033319 -0.000383104 0.0423488 -0.00700456 -0.0114423 0.00188472 -0.0152596 -0.0476417 -0.000486384 -0.00221924 -0.00409316 -0.0628398 0.0764168 0.0488217 0.178176 -0.0454388 -0.0331181 -0.0451865 -0.0240358 -0.000735843 -0.000317898 -0.0180724
internal_weight=1504.7 227.07 74.5909 32.8722 152.479 142.7 133.766 78.5765 20.6997 57.8769 8.93383 41.7187 39.6115 26.877 55.1896 10.7609 1277.63 57.1667 56.1967 32.8239 2.10722 8.72479 0.590135 9.77887 12.0121 10.1142 7.82622 1269.54 1239.65 29.8852
internal_count=2807928 1863976 1438707 1361616 425269 54328 53248 52178 236 51942 1080 77091 77008 72796 1070 183 943952 51418 51396 1361589 83 835 184 370941 363 305 289 941334 939688 1646
is_linear=0
shrinkage=0.05


Tree=162
num_leaves=31
num_cat=0
split_feature=11 2 9 7 9 3 2 0 7 5 13 7 7 1 7 3 3 1 9 1 1 3 7 7 7 9 9 9 1 2
split_gain=8.10975 16.1374 21.7486 6.50909 5.28139 6.30769 5.96546 33.3054 5.81989 5.42367 4.67758 4.4206 4.2141 4.54758 4.12409 3.80942 7.77164 6.23874 4.65195 6.13544 8.15274 4.79054 4.73666 4.60648 7.57166 3.69967 3.96519 4.27437 3.60608 3.88057
threshold=1.0000000180025095e-35 0.60943254828453075 0.70139563083648693 0.075498577207326903 0.81844761967659008 0.84924244880676281 0.61633428931236278 0.63333335518836986 0.4220647811889649 1.0000000180025095e-35 1.0000000180025095e-35 0.55050507187843334 0.56696429848670971 0.71010184288024913 0.56696429848670971 0.92940199375152599 0.6291005313396455 0.53248947858810436 0.81844761967659008 0.40862709283828741 0.40238095819950109 0.54261502623558056 0.29289215803146368 0.81534090638160717 0.94427245855331432 0.7807200849056245 0.55188018083572399 0.54912123084068309 0.77032968401908886 0.84889996051788341
decision_type=2 2 2 2 2 2 2 2 2 2 2 2 2 2 2 2 2 2 2 2 2 2 2 2 2 2 2 2 2 2
left_child=10 2 -2 -3 6 12 7 -5 28 11 -1 -10 -6 -14 25 16 17 18 22 20 23 -21 -4 -20 -25 26 27 -8 -7 -30
right_child=1 3 15 4 5 8 14 -9 9 -11 -12 -13 13 -15 -16 -17 -18 -19 19 21 -22 -23 -24 24 -26 -27 -28 -29 29 -31
leaf_value=-0.00069918407917055308 -0.055388733326899212 -0.044543790092036836 -0.17352823523221239 0.087681647767329535 0.080271447102660751 0.0077619099132633235 0.012684290964234103 1.9349040844420125 0.029825400128500053 0.016444483396496408 0.038149559293580493 -0.030655218320699437 -0.038966927015169343 0.04279119363488515 0.054698409589541391 0.037825365408294426 -0.074607428669804798 0.051347627280998343 -0.0034529921837856618 -0.048500013021021006 0.28423126085165656 0.100171749335054 -0.030165091946935368 0.17442479019779139 0.020829051642910452 0.035545834074931011 -0.0098053199123182763 0.17538606610634078 -0.16731943247002487 -0.059242356545532941
leaf_weight=1268.8166711570277 39.142738360320919 7.980772338959695 0.61908900767208308 0.78765170777660287 2.6796518624178116 1.3673013634979714 30.273703049588729 0.025181642049574293 3.4524663183838156 12.632492090575395 7.795920809992821 24.190060928463936 3.067306927870959 3.8177801570855081 4.6025826002369277 4.8689055943395934 4.0506468730163752 4.821220921665371 8.8079036642941926 6.1808738346444434 0.29207359161228019 0.59389853745233256 8.3072225735177181 1.0779747795313603 3.1382652793545276 9.2422892650356498 34.783456648014955 0.40912585425212356 1.0863493904471395 3.5273529011756182
leaf_count=941334 1560038 243391 3281 2394 26 12 29477 6 39 602 2618 261 24 45 68 59 152 146 2941 252 16 12 16679 85 461 102 3162 140 9 96
internal_value=-0.00200696 -0.0107411 -0.0284594 -0.000658405 0.00191793 -0.00988925 0.0101438 0.144909 -0.0175322 -0.0106976 -0.000461946 -0.0231014 0.0270727 0.00636794 0.00876259 -0.00380711 -0.00915704 -0.00132229 -0.0100734 0.00327086 0.0229792 -0.035467 -0.0401081 0.0171204 0.0600992 0.00593262 0.00175193 0.0148538 -0.0635551 -0.0846903
internal_weight=1502.44 225.826 81.9008 143.926 135.945 55.8208 80.124 0.812833 46.256 40.275 1276.61 27.6425 9.56474 6.88509 79.3112 42.7581 37.8892 33.8385 29.0173 20.091 13.3162 6.77477 8.92631 13.0241 4.21624 74.7086 65.4663 30.6828 5.981 4.6137
internal_count=2807928 1863976 1584122 279854 36463 1114 35349 2400 1019 902 943952 300 95 69 32949 24084 24025 23873 23727 3767 3503 264 19960 3487 546 32881 32779 29617 117 105
is_linear=0
shrinkage=0.05


Tree=163
num_leaves=31
num_cat=0
split_feature=4 9 4 0 2 4 8 8 1 4 4 2 9 4 4 8 7 8 4 1 9 4 2 8 8 10 5 1 7 7
split_gain=9.26234 29.5946 12.2397 5.76477 9.45231 4.48615 4.95833 5.86116 5.37749 10.5459 9.59577 10.3035 4.89484 5.50668 12.7188 38.6513 4.94266 43.3092 76.3755 7.02382 4.61702 4.51998 4.4184 4.25852 4.54408 4.16401 5.08145 4.30178 8.01973 15.7321
threshold=0.44327485561370855 0.64226880669593822 0.19639987498521808 0.29285715520381933 0.3536857813596726 0.32305502891540533 0.97413599491119396 0.75093984603881847 0.18065268546342853 0.16807910054922107 0.17712418735027316 0.11215933039784433 0.64882761240005504 0.26766170561313635 0.270728349685669 0.52393686771392833 0.22474747896194461 0.66841188073158275 0.29459981620311743 0.44136746227741247 0.7807200849056245 0.15504807978868487 0.27334994077682501 0.53671374917030346 0.59102103114128124 1.0000000180025095e-35 1.0000000180025095e-35 0.99056604504585277 0.22902098298072818 0.098387096077203764
decision_type=2 2 2 2 2 2 2 2 2 2 2 2 2 2 2 2 2 2 2 2 2 2 2 2 2 2 2 2 2 2
left_child=1 2 22 -4 -5 6 7 12 9 -9 -10 -12 13 -3 15 -15 17 -16 -19 -18 -7 -8 -1 -22 -25 -2 27 -27 29 -29
right_child=25 5 3 4 -6 20 21 8 10 -11 11 -13 -14 14 16 -17 19 18 -20 -21 23 -23 -24 24 -26 26 -28 28 -30 -31
leaf_value=0.022364038096596026 -0.0016318889949969507 -0.0051503278648977434 -0.052739442550794616 0.1004848072037951 -0.034842507372429353 -0.03484703179896801 0.044534804914091279 0.032181476428022333 -0.04405864172223798 -0.037612034955704018 0.25804188997526328 0.021931864410012308 -0.0078728988780500282 2.8609985602132126 0.12230771709094918 -0.051041410565611858 -0.050764003244450732 6.4235493166014539 -0.050359446505192598 0.38980922089116377 0.064300099197661068 -0.031472952316354177 -0.072512753869510768 -0.089718955935526645 -0.0050277624366152343 0.0043507687941167139 0.023491922679563113 -0.00052720609430768266 0.015176671040616679 -0.14696313039427317
leaf_weight=9.7092143380749203 851.18722392532425 1.0759542024115933 52.296596838815965 1.6276219348792276 6.2269821193875012 17.438580216191099 2.2229995829984572 9.1589547561779927 5.6715383494956759 13.231708096998771 0.46495003470044949 74.276795425379532 73.117088915967543 0.017171666928334051 0.26191966661099286 0.03387151706374425 0.47259752769605257 0.0077234629479789865 0.011107810183602851 0.11188033232610906 2.1286779595975522 16.282763655704912 1.4046421041141446 1.641918757915845 44.769964989754953 267.35462411373476 33.537332072650315 4.6048973393626493 7.008691543363966 3.0482703284360468
leaf_count=63498 1178783 1530 1310705 8565 66719 22564 44 326 189 650 14 4641 25139 14 346 47 944 20 28 11 273 375 8576 173 2680 93731 15204 71 1944 124
internal_value=-0.00191402 -0.00926016 -0.0378337 -0.0467406 -0.00680014 -0.00149983 0.00228929 0.00485138 0.0126085 -0.00906283 0.0186428 0.0234006 -0.00576596 0.0715613 0.161642 0.928611 0.116395 0.288823 2.60485 0.0335702 -0.01278 -0.0223425 0.0103729 -0.00485223 -0.00802389 0.000186819 0.00509267 0.00290464 -0.0234651 -0.0588529
internal_weight=1500.4 333.663 71.2651 60.1512 7.8546 262.398 196.419 177.913 102.804 22.3907 80.4133 74.7417 75.1093 1.99223 0.916272 0.0510432 0.865229 0.280751 0.0188313 0.584478 65.9791 18.5058 11.1139 48.5406 46.4119 1166.74 315.554 282.016 14.6619 7.65317
internal_count=2807928 1518071 1458063 1385989 75284 60008 34318 33899 5820 976 4844 4655 28079 2940 1410 61 1349 394 48 955 25690 419 72074 3126 2853 1289857 111074 95870 2139 195
is_linear=0
shrinkage=0.05


Tree=164
num_leaves=31
num_cat=0
split_feature=4 9 4 0 2 1 0 1 3 6 2 3 2 3 4 8 3 3 3 2 0 2 0 4 2 3 8 2 9 2
split_gain=8.93716 27.0494 11.625 5.54102 8.22412 4.11753 8.75766 11.6793 10.1582 23.8443 13.5943 9.76472 8.22041 8.10931 15.2248 7.66921 7.54383 7.1036 8.77667 9.05825 7.20646 8.33148 6.84565 216.219 6.63538 6.34795 6.07557 14.2814 7.39139 6.26581
threshold=0.44327485561370855 0.64226880669593822 0.19639987498521808 0.29285715520381933 0.3536857813596726 0.29925373196601873 1.0000000180025095e-35 0.55217784643173229 0.89725545048713695 1.0000000180025095e-35 0.68133461475372326 0.55625879764556896 0.25677657127380377 0.54261502623558056 0.44575163722038275 0.97413599491119396 0.56294015049934398 0.60136988759040844 0.68457102775573742 0.65599384903907787 0.15476191043853763 0.70678734779357921 0.17424242943525317 0.6832355558872224 0.68133461475372326 0.47673159837722784 0.46195203065872198 0.89323708415031444 0.86319074034690868 0.70678734779357921
decision_type=2 2 2 2 2 2 2 2 2 2 2 2 2 2 2 2 2 2 2 2 2 2 2 2 2 2 2 2 2 2
left_child=1 2 -1 -4 -5 12 7 24 9 11 16 13 15 25 -15 -2 -11 -13 19 -19 21 -20 23 -16 -7 -8 -22 28 -28 -30
right_child=5 -3 3 4 -6 6 8 -9 -10 10 -12 17 -14 14 22 -17 -18 18 20 -21 26 -23 -24 -25 -26 -27 27 -29 29 -31
leaf_value=0.0097154689481551496 -0.0032182353498840738 -0.0017776305787129383 -0.051834480772333082 0.089500287240019336 -0.034002045917612959 0.002483783122381988 0.069694845329178176 0.030462665080789965 0.0016667000559902466 0.048561611396882393 0.019558582715184143 -0.074598227686888605 -0.036649550674994605 0.98399448770396547 -0.050011085848878235 0.12025472157202122 -0.025399259394855586 -0.0091351538688176255 0.0059818131111283373 0.10766333249402821 -0.023589302740433395 0.74162902824545562 0.06628529253195696 11.327398886607089 0.17063322082190419 -0.034868022732588717 -0.06399268397828084 -0.85680275691833652 -0.052396233665048766 0.062114652089034141
leaf_weight=11.252194553184465 46.530692759797397 263.16575508894459 50.592764569677456 1.7330883477561645 6.0659959928657656 148.14463465350173 2.0206561235507223 53.118336267459085 694.25043320862164 3.8305864428288947 64.825926289276367 9.6431046183625977 22.284946351420764 0.04828247159457566 0.083877028980396395 1.2925463824067254 34.491187571161866 10.672259151524186 0.097023801932663356 1.9657701593168884 36.002314790500009 0.063793775806516351 1.9577211974469717 0.0043946654050159841 0.58903149437355651 5.1532710917009563 24.241101960449477 0.055336350793367184 2.4238491922151288 2.3555383153725415
leaf_count=72074 63808 60008 1310705 8565 66719 111264 27694 9354 143846 35572 29484 93955 42510 1135 7744 38 143778 164436 1328 11642 289800 16 18738 39 24 78384 14947 18 58 245
internal_value=-0.00188364 -0.00911056 -0.0368197 -0.0457871 -0.00655774 0.000178876 0.000930296 0.0103372 -0.00119321 -0.0111239 0.00560237 -0.0289491 -0.0115685 0.0198537 0.106415 0.00011894 -0.0180062 -0.0341172 -0.0291046 0.00903215 -0.0364925 0.297801 0.0857058 0.516421 0.00314971 -0.00541615 -0.0373186 -0.0543184 -0.0527882 0.00404087
internal_weight=1498.96 332.81 69.644 58.3918 7.79908 1166.15 1096.04 201.852 894.186 199.936 103.148 96.7883 70.1082 9.2682 2.09428 47.8232 38.3218 87.5201 77.877 12.638 65.239 0.160818 2.04599 0.0882717 148.734 7.17393 65.0781 29.0758 29.0205 4.77939
internal_count=2807928 1518071 1458063 1385989 75284 1289857 1183501 120642 1062859 919013 208834 710179 106356 133734 27656 63846 179350 576445 482490 176078 306412 1344 26521 7783 111288 106078 305068 15268 15250 303
is_linear=0
shrinkage=0.05


Tree=165
num_leaves=31
num_cat=0
split_feature=11 7 3 7 0 9 4 9 9 4 8 4 0 7 10 3 4 7 4 4 3 1 7 7 8 0 1 7 8 5
split_gain=11.4446 25.9181 16.1807 17.0974 6.86907 6.16223 5.59735 20.1743 558.311 5.08625 8.66117 7.6448 8.40467 6.63933 12.7961 6.52429 6.11063 6.08349 5.58193 5.5404 5.26707 11.6526 5.07064 5.03473 8.67118 4.62477 9.48278 5.39568 5.15579 4.63102
threshold=1.0000000180025095e-35 0.098387096077203764 0.39250700175762182 0.31909090280532842 0.17424242943525317 0.3215534389019013 0.2237871661782265 0.53171876072883617 0.52976551651954662 0.85145786404609691 0.60054644942283641 0.90366768836975109 0.46428571641445165 0.12060606107115747 1.0000000180025095e-35 0.99056604504585277 0.89059829711914074 0.080540537834167494 0.99315068125724804 0.94826048612594616 0.89087301492691051 0.78629976511001598 0.21240601688623431 0.90238094329833995 0.97413599491119396 0.77500000596046459 0.73401361703872692 0.13188406080007556 0.40093457698822027 1.0000000180025095e-35
decision_type=2 2 2 2 2 2 2 2 2 2 2 2 2 2 2 2 2 2 2 2 2 2 2 2 2 2 2 2 2 2
left_child=9 4 3 5 -2 -3 7 8 -5 -1 11 16 -13 15 19 -14 20 18 -17 -15 21 -11 -21 -9 -25 26 -22 28 29 -27
right_child=1 2 -4 6 -6 -7 -8 23 -10 10 -12 12 13 14 -16 17 -18 -19 -20 22 25 -23 -24 24 -26 27 -28 -29 -30 -31
leaf_value=-0.0023890489409925404 -0.096752528400944685 0.21580549164052898 -0.00012925896231276172 -0.050006966804052713 -0.041458603010813534 -0.075623755379873231 -0.018625266884390212 0.0080186219485261848 29.047047380676528 -0.029479570025397073 0.03102273452531424 -0.037027439639298471 0.042804168527185806 -0.11811625922577572 0.031448307240755535 -0.016308844214514458 0.037912100764835643 0.046517050913049418 0.0080847028388903192 -0.060451522062772614 0.056369815911684801 0.070217417446181013 0.0507528561845405 0.29766563639414279 -0.050455253042063546 0.042029076230233463 -0.040999341749459309 0.07303910925657324 -0.054908503369135775 -0.0036849528702698146
leaf_weight=1018.221728070896 8.9593684672078613 0.18330461171593881 164.03070955014806 0.040600968395667958 15.054627928879887 17.360476576375152 19.974617846565707 3.335303635276432 0.0017183871168526812 4.5363670634978908 29.423421052160847 17.699523165996652 9.8628146746050316 3.2942526987753791 5.2536010497715315 43.12956581247272 20.636832151074486 6.6254592842888078 51.400989357731305 5.1748693059198558 3.0789292348490589 8.2814543688727991 1.2782981112832201 0.42901747627183784 0.30679708626121283 8.1499814044218599 13.310931289277503 3.0654830721905446 3.3641430616844437 17.300251645036042
leaf_count=921200 330011 6072 168379 1064 860579 431809 58070 7883 50 1471 15021 680 105 92 1728 538 584 145 775 36 112 411 200 21 38 96 306 250 50 152
internal_value=-0.00266122 -0.0129342 -0.00719474 -0.035033 -0.0620882 -0.0725788 -0.00768763 0.0454249 1.13149 -0.000807891 0.00550901 0.00217913 -0.00476396 -0.00023254 -0.0314538 0.00398612 0.0143891 0.000201324 -0.00304485 -0.0653564 0.00644251 0.0349336 -0.0384232 0.0341353 0.152517 -0.00112317 -0.022708 0.00997387 0.00326453 0.0109541
internal_weight=1502.77 229.677 205.663 41.6318 24.014 17.5438 24.0881 4.11344 0.0423194 1273.09 254.867 225.444 143.719 126.02 15.001 111.019 81.7244 101.156 94.5306 9.74742 61.0875 12.8178 6.45317 4.07112 0.735815 48.2697 16.3899 31.8799 28.8144 25.4502
internal_count=2807928 1863976 673386 505007 1190590 437881 67126 9056 1114 943952 22752 7731 4299 3619 2056 1563 3432 1458 1313 328 2848 1882 236 7942 59 966 418 548 298 248
is_linear=0
shrinkage=0.05


Tree=166
num_leaves=31
num_cat=0
split_feature=11 1 9 7 9 2 9 7 9 9 8 1 7 3 8 8 8 2 8 3 7 8 8 2 9 2 3 9 3 3
split_gain=38.6405 102.225 534.666 14329 1.17547e+06 31.7587 29.3867 18.6794 337.301 15421.3 18880.6 28667.4 6.75985 5.82271 5.75439 5.11081 4.92404 8.46722 4.66553 9.36173 30.2442 7.87953 8.48299 16.5047 22.3691 8.51579 7.33653 53.2768 20.765 33.5279
threshold=1.0000000180025095e-35 0.24316334724426272 0.53171876072883617 0.31909090280532842 0.52976551651954662 0.56294015049934398 0.70139563083648693 0.31909090280532842 0.53171876072883617 0.52976551651954662 0.57979589700698864 0.34851622581481939 0.075498577207326903 0.93440860509872448 0.7729182541370393 0.25547912716865545 0.43085423111915594 0.21114551275968554 0.68863317370414745 0.62575301527977001 0.094494048506021514 0.38115416467189794 0.37018518149852758 0.45923791825771337 0.34299720823764807 0.46247655153274542 0.51564025878906261 0.55490627884864818 0.55217784643173229 0.54653680324554454
decision_type=2 2 2 2 2 2 2 2 2 2 2 2 2 2 2 2 2 2 2 2 2 2 2 2 2 2 2 2 2 2
left_child=18 2 3 -2 -5 6 7 -3 9 -9 11 -11 -7 16 -4 -14 17 -8 19 20 26 22 -22 -24 -25 -26 -1 28 29 -28
right_child=1 5 14 4 -6 12 13 8 -10 10 -12 -13 15 -15 -16 -17 -18 -19 -20 -21 21 -23 23 24 25 -27 27 -29 -30 -31
leaf_value=-0.026514070722948948 -0.099557601217290154 -0.065232237426336423 -0.03636088375572348 -0.050103805156886366 -1526.1760721976325 -0.044765416505720662 -0.7384492513580132 -0.050228327051096193 -0.050687849454201288 -351.89762482418911 -0.050001103607448999 -0.050004503680026749 0.1298575767895882 0.06068907841686022 0.029800579855479532 0.00053270015288611056 -0.013162188826105571 -0.051090815747133193 0.0040390926005871904 0.00046404015293896416 0.010793906985067438 -0.0070826984880168128 0.04482603838778447 1.6865521320466728 0.85459982922352917 0.20372787397141159 -0.084616643505008068 -2.8450683437789728 -0.05322326282341408 -0.48364195880227029
leaf_weight=12.81096410328581 2.9091881843699356 27.62201608692282 9.6055081596034793 0.1007443379776306 0.0012777450164220818 8.4614981787194079 0.063426202050325453 0.21786070563667559 2.9184095044024616 0.0012789627166416287 0.0027949507739322144 0.0010576757113085478 0.76806993788062428 2.8076196589972815 4.9957211929156946 142.45921685662819 25.041698940387395 0.1525967701945774 361.44683372720829 657.9646219311644 15.015430675868801 201.30241973185161 2.7974149882679735 0.028784914045900112 0.055105618115703692 0.57084243603731011 1.6938725013828908 0.017344597399641226 17.140643189939397 0.7638241588706477
leaf_count=458804 135729 1178192 63655 2199 106 370930 11 6056 33530 92 140 42 526 41 2152 53800 16419 356 28593 198087 20770 149662 5808 41 19 282 21885 33 57543 2425
internal_value=-0.00416624 -0.0231145 -0.13883 -0.745462 -19.1636 -0.0134334 -0.0446179 -0.0783714 -0.193903 -2.06823 -87.7421 -192.634 -0.00133929 -0.00761954 -0.0137241 0.00122622 -0.0152127 -0.252905 -0.000766873 -0.00267544 -0.0108661 -0.00421511 0.0270425 0.0977171 0.3237 0.261028 -0.055943 -0.0751631 -0.0727117 -0.208629
internal_weight=1499.74 228.13 17.6124 3.01121 0.102022 210.518 58.8288 30.7634 3.1414 0.222992 0.00513159 0.00233664 151.689 28.0653 14.6012 143.227 25.2577 0.216023 1271.61 910.161 252.197 219.77 18.4676 3.45215 0.654733 0.625948 32.4266 19.6157 19.5983 2.4577
internal_count=2807928 1863976 203841 138034 2305 1660135 1234879 1218052 39860 6330 274 134 425256 16827 65807 54326 16786 367 943952 915359 717272 176582 26920 6150 342 301 540690 81886 81853 24310
is_linear=0
shrinkage=0.05


Tree=167
num_leaves=31
num_cat=0
split_feature=11 7 4 7 4 9 9 3 0 4 8 4 0 3 4 4 3 1 3 4 6 3 9 8 4 1 7 9 1 1
split_gain=9.5105 23.4564 14.1496 13.0946 5.53537 23.7919 338.86 609.392 5.5257 4.49697 8.05864 6.89614 7.53453 6.08001 5.55384 5.35203 4.81498 8.9666 6.81513 4.71195 4.63668 4.22425 6.30171 4.07426 6.90804 9.36221 18.8277 11.4711 7.77283 6.959
threshold=1.0000000180025095e-35 0.098387096077203764 0.43534001708030706 0.31909090280532842 0.2237871661782265 0.53171876072883617 0.5278482735157014 0.19433516263961795 0.17424242943525317 0.85145786404609691 0.60054644942283641 0.90366768836975109 0.46428571641445165 0.99056604504585277 0.89059829711914074 0.99315068125724804 0.91068580746650707 0.78629976511001598 0.95119047164917003 0.91734972596168529 1.0000000180025095e-35 0.84680575132370006 0.34626127779483801 0.68863317370414745 0.40967366099357611 0.30068494379520422 0.4220647811889649 0.66828480362892162 0.32305502891540533 0.31519810855388647
decision_type=2 2 2 2 2 2 2 2 2 2 2 2 2 2 2 2 2 2 2 2 2 2 2 2 2 2 2 2 2 2
left_child=9 8 3 -3 5 6 -5 -8 -2 23 11 14 -13 19 16 20 17 -11 -18 -14 -15 22 -19 24 25 -1 -27 -28 29 -29
right_child=1 2 -4 4 -6 -7 7 -9 -10 10 -12 12 13 15 -16 -17 18 21 -20 -21 -22 -23 -24 -25 -26 26 27 28 -30 -31
leaf_value=-0.0063745684594057554 -0.09151775781929046 -0.071976389140731109 -0.00076658520904322183 -0.050005403869646671 -0.02372142340592398 0.030495506953485824 48.718726466580485 -0.050021763200347374 -0.040641401203466578 -0.02856975063366067 0.030263552890217024 -0.035006302338351281 -0.019257995847181922 0.016873079373234422 0.036155344289026795 0.0061697916148680037 -0.075017988963299254 0.15726900473537839 0.0031515144130396487 0.055361185003673888 -0.022376931705858763 0.034121312626528635 0.017719131062343761 0.0022590894545735439 -0.0023683234809988899 -0.065562436201783245 0.16492148864640352 0.011468537145522296 -0.031497512187728664 0.19706605510464942
leaf_weight=68.119260812509197 8.6906330858282672 14.562987208729032 171.30261786529294 0.034136579762161001 13.584878553123525 4.2435017325933586 0.0010252469892293439 0.0017071183328880579 13.830167561952805 4.4707446900356436 28.527851675338752 17.772045647034247 2.8802728257287509 9.1266357772401516 20.547853954369202 63.235832053003833 2.9814193651545784 2.0423017888097079 43.04655984119745 7.9692105554277077 42.858038502221461 7.1178382183570648 1.3396296841237925 339.43422262758759 578.92942334504573 21.283243935132649 1.1888399203162396 1.3862120232079163 5.8549163132556714 0.79454973031533871
leaf_count=268191 330011 455927 152617 1033 55714 8004 30 61 860579 1476 15021 680 58 218 584 2117 56 78 842 208 1018 271 125 15026 414058 223314 303 49 229 30
internal_value=-0.00240746 -0.0118524 -0.00649974 -0.0367852 -0.00809888 0.0414833 1.30615 18.2491 -0.0602743 -0.000726038 0.00522628 0.00205727 -0.0045279 -0.000231367 0.013673 -0.00360079 0.00609968 0.0307317 -0.00191184 0.0355516 -0.015486 0.055982 0.101991 -0.00221218 -0.00445214 -0.0166839 -0.0397032 0.0199606 -0.00148571 0.0790901
internal_weight=1497.16 226.252 203.731 32.4282 17.8652 4.28037 0.0368689 0.00273237 22.5208 1270.91 253.916 225.388 143.842 126.07 81.5463 115.221 60.9985 14.9705 46.028 10.8495 51.9847 10.4998 3.38193 1016.99 677.556 98.627 30.5078 9.22452 8.03568 2.18076
internal_count=2807928 1863976 673386 520769 64842 9128 1124 91 1190590 943952 22752 7731 4299 3619 3432 3353 2848 1950 898 266 1236 474 203 921200 906174 492116 223925 611 308 79
is_linear=0
shrinkage=0.05


Tree=168
num_leaves=31
num_cat=0
split_feature=11 3 9 9 7 7 3 9 8 9 8 9 7 7 7 9 8 3 0 2 2 9 10 3 7 0 8 2 7 1
split_gain=15.8752 36.995 205.154 31557.8 241177 23.1347 10.1679 10.0857 7.54618 84.2258 643.727 5.09995 5.00927 25.6908 85.027 173.731 582.579 9.03436 4.95616 4.47364 5.05247 4.0392 6.12053 5.21455 20.9909 12.6653 15.7692 50.9453 13.3172 10.1721
threshold=1.0000000180025095e-35 0.21132376790046695 0.52976551651954662 0.5278482735157014 0.29705883562564855 0.098387096077203764 0.39250700175762182 0.81844761967659008 0.56765475869178783 0.53371214866638195 0.62755528092384349 0.3215534389019013 0.18898809701204303 0.15075758099555972 0.15587044507265094 0.47836488485336309 0.46195203065872198 0.20734438300132754 0.17424242943525317 0.3483316451311112 0.34724637866020208 0.90377491712570202 1.0000000180025095e-35 0.91547620296478283 0.78174602985382091 0.63333335518836986 0.8825557827949525 0.83484846353530895 0.79285714030265819 0.61938297748565685
decision_type=2 2 2 2 2 2 2 2 2 2 2 2 2 2 2 2 2 2 2 2 2 2 2 2 2 2 2 2 2 2
left_child=21 2 3 12 -5 18 7 11 -4 10 -10 -7 13 -2 15 -15 -17 -16 -3 20 -9 23 -23 -1 -25 -26 28 -28 -27 -30
right_child=1 5 8 4 -6 6 -8 19 9 -11 -12 -13 -14 14 17 16 -18 -19 -20 -21 -22 22 -24 24 25 26 27 -29 29 -31
leaf_value=-0.0050445021493299418 -0.050000583939450206 -0.089216860516164731 -0.076552384486245864 -0.050005122565153604 -802.82354726819847 0.19923804489366001 1.8271086681721549e-05 0.019980486277949457 -0.050116149332897514 0.0080416468274952177 36.469902585068333 -0.058525092247586223 -0.072366526048648516 -0.050000910721868887 -0.050002937151123132 -43.395650422340793 -0.050000725940772844 -1.0092286335566012 -0.040179759197107381 -0.055560299624742321 0.3345648085330637 0.024325820625366177 0.0010607440947862192 0.0024023770681917689 0.050509882768882519 -0.85138941936778145 -1.4537972178961445 -0.22473407508564858 -0.61403152521623028 -0.0066228004028670963
leaf_weight=573.95471897674952 0.33347381326927639 8.4102911123632857 3.3063090906057582 0.0080388610465432775 0.0010588291115709589 0.19404335361293945 163.57018119553302 7.6106797765387437 0.010168269655878137 7.0028327013106164 0.0013691164176634638 17.335087183855755 1.3453874740180252 0.0055259438745451916 0.05090604462156989 0.0011534818427207938 0.002363626233091054 0.047406019307345559 13.303029461995731 2.1988128082666663 0.12981197214685369 38.172845152788796 108.96782827726565 545.28562235622667 0.57641633198363629 0.055451112973969208 0.099724237341433875 0.54559112089918926 0.074798353016376495 0.87803952564718202
leaf_count=876196 67593 303802 20929 801 62 5024 168379 2117 293 22247 94 395434 9905 679 4777 137 281 292 860579 516 35 2433 12184 52357 121 19 24 266 1 351
internal_value=-0.00286291 -0.0151071 -0.100091 -0.593394 -93.4803 -0.0102674 -0.00470878 -0.0328576 -0.0142791 0.0150742 4.28363 -0.0556717 -0.120296 -0.266574 -0.939308 -5.57893 -14.2658 -0.512541 -0.0591735 0.00737767 0.0252562 -0.000692563 0.00709643 -0.0017145 0.0017763 -0.151313 -0.221665 -0.414668 -0.0981406 -0.0543048
internal_weight=1493.48 224.868 12.116 1.79531 0.00909769 212.752 191.039 27.4684 10.3207 7.01437 0.0115374 17.5291 1.78622 0.440829 0.107355 0.00904305 0.00351711 0.0983121 21.7133 9.9393 7.74049 1268.61 147.141 1121.47 547.516 2.23002 1.6536 0.645315 1.00829 0.952838
internal_count=2807928 1863976 128090 84527 863 1735886 571505 403126 43563 22634 387 400458 83664 73759 6166 1097 418 5069 1164381 2668 2152 943952 14617 929335 53139 782 661 290 371 352
is_linear=0
shrinkage=0.05


Tree=169
num_leaves=31
num_cat=0
split_feature=11 3 7 4 7 4 4 4 2 7 4 7 4 4 1 4 4 7 2 1 1 3 7 7 1 1 4 1 7 4
split_gain=58.0339 538.657 2302.76 1254.51 1836.52 1709.27 2665.32 2468.07 5827.64 1944.31 979.651 1700.9 930.206 2205.25 2423.59 839.791 683.609 652.42 841.974 949.194 799.89 634.912 580.147 314.683 876.876 1816.43 1086.44 246.298 1156.91 2158.39
threshold=1.0000000180025095e-35 0.20734438300132754 0.28869047760963445 0.46470099687576299 0.22902098298072818 0.21132376790046695 0.21846590936183932 0.21580041944980624 0.18350168317556384 0.23205128312110904 0.43951219320297247 0.2788888961076737 0.25176055729389196 0.24525599926710132 0.16064515709877017 0.23294574022293094 0.44575163722038275 0.2788888961076737 0.19139194488525393 0.18321678787469867 0.23606811463832858 0.19139194488525393 0.26491229236125952 0.26201373338699346 0.26365442574024206 0.28759399056434637 0.32305502891540533 0.19139194488525393 0.27525253593921667 0.31851120293140417
decision_type=2 2 2 2 2 2 2 2 2 2 2 2 2 2 2 2 2 2 2 2 2 2 2 2 2 2 2 2 2 2
left_child=-1 2 3 4 -2 9 7 21 -9 -6 12 16 13 15 -15 -8 -12 20 19 -19 -17 -7 -16 -14 27 26 -26 -25 29 -29
right_child=1 -3 -4 -5 5 6 10 8 -10 -11 11 -13 23 14 22 17 -18 18 -20 -21 -22 -23 -24 24 25 -27 -28 28 -30 -31
leaf_value=-0.00064937493066926364 -2.1066578621432255 -0.01184529452054249 -0.11568897541460794 -0.18425100398123886 -53.393249523900842 -0.050004840160410804 -0.050002978537978277 -156.98562144257772 -0.05000676918463879 -2.0077258609011741 -48.89386917238317 -84.168100158819541 -2.8786898801820753 -0.050002370570822713 -91.497364738959448 -0.050003183881450641 -0.050000827345732662 -26.714861729047438 -0.050001610378948624 -83.735467115414679 -48.981663402583479 -48.05608439754316 -51.176857488105213 -3.8639357311623104 -32.24867719369675 -0.050001262173265795 -98.820343108234042 -99.064976604276296 -5.1375067779599952 -0.050003543802577904
leaf_weight=1267.6439945785435 0.51056936418416454 213.91644269973969 8.4900778509932699 0.3725996934179695 0.001874651484637945 0.0020334049040684468 0.01071464838423708 0.0012744079354298776 0.0011039935257031175 0.10216538194098712 0.0010236699571311006 0.0011888048031289955 0.035352073237929549 0.0019247774157520317 0.0016402878557997269 0.004572794821797288 0.0023861785302869976 0.0018751272040726796 0.0012370735139484168 0.0011949506482413774 0.0010218333205309627 0.0010415347015995113 0.0019559192985103557 0.026219669304141879 0.0015528588817201863 0.0027541043741621252 0.0010124496716823472 0.0010099482408030278 0.0098280005016817551 0.0012095554557163268
leaf_count=943952 80829 1743368 15338 12835 113 111 687 101 43 3331 68 64 3147 117 126 323 156 98 61 63 66 60 103 1611 101 184 74 78 623 97
internal_value=-0.00479126 -0.0282822 -0.394835 -2.54479 -3.75007 -7.57852 -11.7761 -45.8935 -84.1401 -2.93362 -10.0797 -32.6682 -9.09107 -17.2667 -45.3318 -9.751 -14.7134 -20.2484 -34.8758 -48.9087 -8.98715 -16.3105 -69.5677 -6.38403 -9.22714 -28.2486 -58.5225 -6.58302 -12.5007 -45.1051
internal_weight=1491.15 223.509 9.59242 1.10234 0.729737 0.219168 0.115128 0.00545334 0.0023784 0.10404 0.109675 0.00459865 0.105076 0.0261374 0.00552098 0.0206164 0.00340985 0.00990178 0.00430715 0.00307008 0.00559463 0.00307494 0.00359621 0.0789387 0.0435866 0.00531941 0.00256531 0.0382672 0.0120475 0.0022195
internal_count=2807928 1863976 120608 105270 92435 11606 8162 315 144 3444 7847 288 7559 1644 346 1298 224 611 222 161 389 171 229 5915 2768 359 175 2409 798 175
is_linear=0
shrinkage=0.05


Tree=170
num_leaves=31
num_cat=0
split_feature=11 2 9 9 4 4 4 8 9 4 4 9 8 7 4 9 4 8 8 7 4 4 7 4 5 8 4 4 13 4
split_gain=35.134 292.623 1430.79 237868 244866 58790.2 303194 3469.08 21188.5 2660.6 43.6596 754.843 54.7737 21.9339 10.944 10.5027 7.38286 7.4422 6.7789 11.0601 4.70474 11.9028 9.02335 24.7231 4.50147 4.85026 4.41839 4.39099 4.30547 4.02384
threshold=1.0000000180025095e-35 0.21114551275968554 0.53371214866638195 0.53171876072883617 0.26138716936111456 0.26766170561313635 0.50878274440765392 0.6553173065185548 0.5278482735157014 0.61143791675567638 0.17712418735027316 0.52316638827323925 0.65133896470069896 0.098387096077203764 0.43534001708030706 0.86319074034690868 0.66287881135940563 0.7729182541370393 0.8825557827949525 0.94427245855331432 0.20761494338512423 0.2014492750167847 0.36038962006568914 0.11215933039784433 1.0000000180025095e-35 0.22687723487615588 0.69160839915275585 0.15504807978868487 1.0000000180025095e-35 0.85145786404609691
decision_type=2 2 2 2 2 2 2 2 2 2 2 2 2 2 2 2 2 2 2 2 2 2 2 2 2 2 2 2 2 2
left_child=28 2 3 7 -5 -6 -7 10 -9 -8 11 -2 -12 24 15 -15 17 -4 19 20 21 22 23 -19 -3 -26 -18 -17 29 -1
right_child=1 13 16 4 5 6 9 8 -10 -11 12 -13 -14 14 -16 27 26 18 -20 -21 -22 -23 -24 -25 25 -27 -28 -29 -30 -31
leaf_value=-0.0022528265331538998 -0.050001550049270309 -0.066525710363439836 -0.072593486130136525 -895.25540741281475 -12.857382570417919 -1030.8802504762775 -99.709553857928768 -0.050008126460626072 -246.95222614052861 -0.050013658828463675 -0.096546161505403405 39.646645929544178 -1.1207350209828453 -0.058147836979257177 0.00044385427845892994 0.28870051983836265 0.19902585925118083 -0.050271722973941314 -0.052575961348169026 0.75107650552688787 -0.00047646415038417881 0.89282886435760267 0.03987200813797389 1.8673648835765098 0.15246956732267195 -0.027841143502039818 0.020299063484259285 0.012296172651928576 0.037440667958896487 0.004810575886058998
leaf_weight=1008.1069117878978 0.024322770955701123 18.33940239422876 4.3839475002278379 0.0012846213747673809 0.0039040571751376429 0.0010185964177209413 0.0010034161152787657 0.0061267902585058062 0.0010125467348051226 0.0020136747871219995 1.6947461350214303 0.0012595522276797047 0.14143718147488837 16.05846567825856 168.12775472513277 0.14724801992997427 0.58309244407701022 0.04729136594687644 1.3777740877267204 0.062312470749020465 0.92946564420313627 0.052980577864218503 0.53355132329306798 0.02607506988078967 0.45537875756599477 2.060663672517876 0.84972478675717866 5.9389079120301176 7.3881903594592577 252.03884799696971
leaf_count=919734 12336 1151095 40170 406 16 402 52 268 36 26 74725 545 74 429676 140098 11 181 20 228 4 824 26 208 36 248 10683 123 1459 2618 21600
internal_value=-0.00382975 -0.0221857 -0.276974 -1.53037 -254.81 -151.188 -285.008 -0.280256 -35.0673 -33.1945 -0.146857 1.90447 -0.175437 -0.00924362 -0.0039081 -0.0369493 -0.0108674 -0.0309486 0.029316 0.0976276 0.0720085 0.174103 0.111363 0.631273 -0.0579216 0.00479331 0.0930329 0.0189835 -0.000616961 -0.000840092
internal_weight=1489.39 221.852 10.7243 1.87813 0.00922437 0.00793974 0.00403569 1.8689 0.00713934 0.00301709 1.86177 0.0255823 1.83618 211.128 190.272 22.1446 8.84622 7.4134 3.02945 1.65168 1.58936 0.659898 0.606918 0.0733664 20.8554 2.51604 1.43282 6.08616 1267.53 1260.15
internal_count=2807928 1863976 130706 88886 902 496 480 87984 304 78 87680 12881 74799 1733270 571244 431146 41820 41516 1346 1118 1114 290 264 56 1162026 10931 304 1470 943952 941334
is_linear=0
shrinkage=0.05


Tree=171
num_leaves=31
num_cat=0
split_feature=4 11 9 9 2 1 1 1 2 11 9 1 2 9 4 9 9 0 1 2 1 2 4 1 1 8 0 8 8 8
split_gain=6805.84 107492 1.16873e+06 7.20644e+07 1.52623e+08 11.8148 13.658 9.96597 8.5049 20.986 25.357 11.0182 10.9667 10.8083 11.3303 10.9088 11.9021 9.19318 8.56625 8.15545 7.94893 10.1004 6.52775 9.22772 6.32997 6.23546 6.08305 10.3554 5.96822 55.8654
threshold=0.17712418735027316 1.0000000180025095e-35 0.53171876072883617 0.52316638827323925 0.22401433438062671 0.26365442574024206 0.26766170561313635 0.19139194488525393 0.62593284249305736 1.0000000180025095e-35 0.70139563083648693 0.79118219017982494 0.55848154425621044 0.35734237730503088 0.71516755223274242 0.73097601532936107 0.86319074034690868 0.15476191043853763 0.62115561962127697 0.57321429252624523 0.18065268546342853 1.0000000180025095e-35 0.19639987498521808 0.2237871661782265 0.64747309684753429 0.57979589700698864 0.63333335518836986 0.3940140306949616 0.32151830196380621 0.32022099196910864
decision_type=2 2 2 2 2 2 2 2 2 2 2 2 2 2 2 2 2 2 2 2 2 2 2 2 2 2 2 2 2 2
left_child=1 7 3 -3 -5 -4 -7 -1 9 11 26 12 20 19 15 18 -17 24 25 -14 21 -2 23 -22 -10 28 -11 -28 29 -15
right_child=8 2 5 4 -6 6 -8 -9 17 10 -12 -13 13 14 -16 16 -18 -19 -20 -21 22 -23 -24 -25 -26 -27 27 -29 -30 -31
leaf_value=0.014626133069978689 0.014299614018010326 -0.050584600902176827 -0.0049478939734228468 -21480.035822297737 -0.050009183403198779 1.332437320768082 -0.050220997593064198 -0.044244066165423625 0.08547662638536109 -0.061028839549196273 -0.0032164103930994248 0.074737390773526452 -0.081878890792077968 -0.050920378111414755 -0.041340753117047775 -0.074697061547613616 0.051567790247440043 0.00044961962130873683 -0.060876255913909084 -0.025366598833588549 0.072157840784718166 -0.032494325793890749 -3.4003873623523525e-05 -0.01527869395138369 0.01954715508431782 0.096037367068053714 0.75321193770747596 -0.054880565456768518 0.022745277932785482 3.1791021222268667
leaf_weight=27.17119824713086 16.220061847226539 0.21201158176376966 2.1240063694455569 0.001224395594556559 0.0025477784703866746 0.036119428340043558 0.035331808824821564 9.7753889550669779 4.3265658275360037 38.019640227652594 41.456573276337672 4.5262548847795179 10.387329713647832 0.098941357444806921 14.313673668565114 5.5119262128137034 2.8218735180271324 740.30170426144105 1.9181220309629896 16.565322164491135 7.4158560546464951 39.897473265943283 460.99141769083889 5.08768914914981 22.965424148899842 5.0989768431577422 0.062083681453258488 0.10968837486598204 9.1734333987380392 0.015481247919979069
leaf_count=15907 9515 17468 9082 615 189 39 285 6613 1088 1576292 23111 1255 8930 1064 2812 128 329 338885 4494 23261 4221 54929 682473 4061 3315 220 151 64 17069 63
internal_value=-0.0197484 -0.668486 -10.8969 -121.932 -6972.16 0.016326 0.648729 -0.000949841 -0.00210651 -0.00617973 -0.0302945 -0.00297881 -0.00356949 -0.022804 -0.00596086 0.0145928 -0.031943 0.00150025 0.0383782 -0.047146 -0.00117595 -0.0189691 0.000932858 0.0365799 0.0299989 0.0516113 -0.0596876 0.237189 0.0272216 0.386098
internal_weight=1486.64 39.3578 2.41124 0.215784 0.00377217 2.19546 0.0714512 36.9466 1447.29 679.692 79.648 600.044 595.518 65.9051 38.9524 24.6388 8.3338 767.594 16.305 26.9527 529.612 56.1175 473.495 12.5035 27.292 14.3868 38.1914 0.171772 9.28786 0.114423
internal_count=2807928 50198 27678 18272 804 9406 324 22520 2757730 2414442 1599618 814824 813569 58370 26179 23367 457 343288 22910 32191 755199 64444 690755 8282 4403 18416 1576507 215 18196 1127
is_linear=0
shrinkage=0.05


Tree=172
num_leaves=31
num_cat=0
split_feature=3 7 6 10 3 0 4 11 0 4 7 9 4 4 3 3 4 8 8 4 3 7 9 5 3 8 8 8 7 8
split_gain=7.78417 19.462 19.4659 16.3083 20.4362 9.64344 9.83555 25.4938 17.3114 14.126 27.4256 8.55097 9.46182 13.9386 326.916 555.194 8.19607 13.1036 41.1905 173.639 27.1388 91.117 7.2207 6.66134 6.39897 24.8553 6.30044 6.01816 5.68292 11.8382
threshold=0.89725545048713695 0.17752101272344592 1.0000000180025095e-35 1.0000000180025095e-35 0.57836258411407482 0.11805555596947671 0.6832355558872224 1.0000000180025095e-35 0.13392857462167743 0.68614074587821972 0.080540537834167494 0.5766318440437318 0.42588071525096899 0.42947559058666235 0.51649147272109996 0.52114352583885204 0.25176055729389196 0.50641131401062023 0.50920382142066967 0.15504807978868487 0.077677227556705489 0.16064515709877017 0.45954339206218725 1.0000000180025095e-35 0.5604878067970277 0.51371133327484142 0.25940062105655676 0.3257120549678803 0.13188406080007556 0.4349645227193833
decision_type=2 2 2 2 2 2 2 2 2 2 2 2 2 2 2 2 2 2 2 2 2 2 2 2 2 2 2 2 2 2
left_child=1 2 3 4 5 24 -7 8 -8 10 -10 12 16 14 -14 -16 17 -5 19 -19 21 -20 -18 27 -1 -26 -15 -3 -28 -30
right_child=-2 23 -4 11 -6 6 7 -9 9 -11 -12 -13 13 26 15 -17 22 18 20 -21 -22 -23 -24 -25 25 -27 28 -29 29 -31
leaf_value=-0.05049780507402192 0.0018693631118738127 0.05677769117502221 0.0065454049690123048 -0.036774150766297371 -0.021078423318412545 -0.065418656270283496 -1.4046600310334991 -0.089300137533810775 0.025270358081448552 -0.25364898546789827 -2.5757270623831623 0.031641371017062957 -0.050025511805835747 0.066512453290697285 44.840290982267533 -0.050003908498466434 -0.035799969137645125 11.080667346924777 -0.050030760250171571 -0.050020117224137732 0.067084048387544504 6.1421690683443169 -0.12288417115331947 0.056938982429652257 -0.096205903153727262 0.73361299290450399 -0.029559130091405067 -0.0020041189846324789 0.07384818847433279 -0.030961418858905382
leaf_weight=14.278534386583109 705.22432550834833 4.3865246935561109 49.806108628535924 4.238839155961883 37.624031022106159 10.009103973348887 0.034333767725910014 6.3936986662154709 0.021608159637253599 1.9920848252204448 0.019087243272224441 10.009216472320984 0.060789287129412339 2.7714369182576766 0.0011138258978462537 0.0018049294062620902 4.6910398066512586 0.0044920554391864034 0.022481988052277302 0.01592696139596228 0.77526518093509367 0.0080745688464958221 4.8324507257404976 4.9042851948106536 0.31281913931979843 0.12682332622625836 18.109505098091699 592.68287675398176 4.8940822333170226 5.9936484617489301
leaf_count=584373 175934 1883 230053 74255 670513 424074 2 3409 54 1851 4 1468 2647 4922 17 67 241051 18 69 127 1539 7 18945 1099 719 57 80770 284300 1560 2141
internal_value=-0.00193634 -0.00538152 -0.0199539 -0.0303265 -0.0463059 -0.0749054 -0.098965 -0.13865 -0.291293 -0.272488 -1.19467 -0.0102745 -0.0193124 -0.00403067 0.734805 17.0806 -0.0526572 -0.00126808 0.180888 2.39866 0.124691 1.58626 -0.0799886 -0.00109557 -0.0447128 0.143171 -0.00551231 -0.00157226 -0.0123961 0.016151
internal_weight=1484.25 779.022 177.048 127.242 70.8121 33.1881 18.4699 8.46081 2.06711 2.03278 0.0406954 56.4302 46.421 31.8324 0.063708 0.00291876 14.5886 5.06508 0.826241 0.020419 0.805822 0.0305566 9.52349 601.974 14.7182 0.439642 31.7687 597.069 28.9972 10.8877
internal_count=2807928 2631994 2344712 2114659 1685056 1014543 429394 5320 1911 1909 58 429603 428135 92124 2731 84 336011 76015 1760 145 1615 76 259996 287282 585149 776 89393 286183 84471 3701
is_linear=0
shrinkage=0.05


Tree=173
num_leaves=31
num_cat=0
split_feature=4 9 4 1 1 4 0 8 8 1 7 9 4 7 1 7 0 4 8 8 1 4 1 11 8 9 8 8 7 9
split_gain=14.2501 68.5204 76.9128 326.742 15987.4 56389.3 78277.6 13.706 36.9557 16.053 32.0491 91.4881 58.7455 11.7551 170.989 342.791 8.57117 13.2191 56.3427 1491.86 2268.79 8.20136 9.84083 296.419 832.849 4734.47 6.6989 8.42023 18.8499 84.5939
threshold=0.44327485561370855 0.59384471178054821 0.42588071525096899 0.51668518781661998 0.51899951696395885 0.42947559058666235 0.26785714924335485 0.50641131401062023 0.50920382142066967 0.14459930360317233 0.11651583760976793 0.54416766762733471 0.11215933039784433 0.12060606107115747 0.15535445511341098 0.20942982286214831 0.46428571641445165 0.42947559058666235 0.31871233880519872 0.31267458200454717 0.44136746227741247 0.25176055729389196 0.20761494338512423 1.0000000180025095e-35 0.62755528092384349 0.53371214866638195 0.65133896470069896 0.6553173065185548 0.31909090280532842 0.53601509332656871
decision_type=2 2 2 2 2 2 2 2 2 2 2 2 2 2 2 2 2 2 2 2 2 2 2 2 2 2 2 2 2 2
left_child=1 2 7 16 5 6 -5 -1 9 10 -9 -12 -13 -11 15 -15 17 18 19 -4 -21 26 23 -23 -25 -26 -10 28 -28 -30
right_child=-2 -3 3 4 -6 -7 -8 8 21 13 11 12 -14 14 -16 -17 -18 -19 -20 20 -22 22 -24 24 25 -27 27 -29 29 -31
leaf_value=-0.027363183507162599 -0.0003430356303618499 -0.0017335179517888059 -0.050039900273709484 -578.60484560578595 -0.050398117734635373 -0.050236079975831606 -31.908959410927352 -0.30628227625728566 -0.037575895299337192 -0.20422942519022433 -0.80935488470649197 -9.3757415232284664 -0.050012879062047426 25.916392017572349 -0.050066927414435004 -0.050038362427841127 0.10634239019421693 -0.059621974222690791 -0.050053880213577408 -0.05000094949411317 -95.884948567835409 -0.087324234147005034 -0.067605013072865913 -0.050000448490502607 -97.995001432799214 -0.050000732176536833 0.16729108035029894 -0.0011747090589631182 5.6031845771471653 -0.050552886714798288
leaf_weight=30.175069052498284 1160.6833639791546 269.55866073069296 0.052435720629664229 0.001123488996227163 0.46981244015353241 0.0092624217087404759 0.0015694175158400547 0.94957557917301028 6.304504140594374 1.2649558670013901 0.11778844216244977 0.005304585042836151 0.0024773310874195431 0.0019255649909269692 0.17451230448149249 0.0037389436215988781 0.55890451687946541 1.3339922758521949 0.18900292273781188 0.0015130979238620048 0.00104346068179062 1.0495081852122878 11.810576992197943 0.021233166343746723 0.001531399443114978 0.0063490875959359983 0.41585274015272911 0.94954896318625981 0.008844360208058788 0.02626184689506772
leaf_count=1122646 1289857 117041 4465 137 17716 344 192 276 35249 4783 257 8 64 46 4733 25 771 60162 14967 262 242 3781 117015 9383 304 826 276 1907 67 126
internal_value=-0.00293569 -0.0121816 -0.0625567 -0.32711 -1.50338 -58.6015 -259.992 -0.0495565 -0.078529 -0.259253 -0.405553 -1.15625 -6.40695 -0.15041 0.227439 8.77686 -0.061918 -0.121514 -0.459894 -1.86848 -39.1651 -0.0564122 -0.080808 -0.225377 -5.20198 -19.0835 -0.0156022 0.083314 0.261215 1.3738
internal_weight=1486.15 325.467 55.9082 2.61866 0.481768 0.0119553 0.00269291 53.2896 23.1145 2.52028 1.07515 0.12557 0.00778192 1.44513 0.180177 0.00566451 2.13689 1.57799 0.243995 0.0549923 0.00255656 20.5942 12.8892 1.07862 0.0291137 0.00788049 7.70501 1.40051 0.450959 0.0351062
internal_count=2807928 1518071 1401030 99258 18389 673 329 1301772 179126 10192 605 329 72 9587 4804 71 80869 80098 19936 4969 504 168934 131309 14294 10513 1130 37625 2376 469 193
is_linear=0
shrinkage=0.05


Tree=174
num_leaves=31
num_cat=0
split_feature=1 7 11 1 9 9 7 7 9 4 2 9 1 4 4 7 7 3 4 4 4 7 10 4 4 3 9 7 9 4
split_gain=56.3048 293.745 7931.68 25253.6 31702.4 108219 29029.5 41686.2 2783.25 5079.37 241.524 739.986 160.871 756.163 1284.69 1999.7 1761.72 2126.74 2931.58 2275.77 4297.37 2078.8 2995.07 5579.79 560.681 30.0959 174.202 26.8104 464.872 11.4912
threshold=0.15535445511341098 0.20344828069210055 1.0000000180025095e-35 0.14459930360317233 0.50920382142066967 0.49189095199108129 0.12060606107115747 0.15075758099555972 0.56021979451179515 0.23294574022293094 0.31503759324550634 0.46628944575786596 0.14459930360317233 0.21580041944980624 0.40238095819950109 0.12060606107115747 0.13484849035739901 0.19139194488525393 0.24525599926710132 0.312876507639885 0.35585997998714453 0.1863425895571709 1.0000000180025095e-35 0.2930081188678742 0.37807808816432958 0.20734438300132754 0.50641131401062023 0.056349206715822227 0.49618232250213629 0.15504807978868487
decision_type=2 2 2 2 2 2 2 2 2 2 2 2 2 2 2 2 2 2 2 2 2 2 2 2 2 2 2 2 2 2
left_child=1 2 10 -4 5 6 -5 -8 9 -6 12 -12 29 25 15 -15 17 18 -17 -20 -21 24 23 -23 -18 -14 -27 28 -16 -1
right_child=-2 -3 3 4 8 -7 7 -9 -10 -11 11 -13 13 14 27 16 21 -19 19 20 -22 22 -24 -25 -26 26 -28 -29 -30 -31
leaf_value=-0.1554896485074721 -0.0016097963936201468 -0.005587796094999771 -0.050007139903047483 -0.050000303180237904 -141.29917051720966 -595.08231571248143 -341.25341734914241 -0.050001188874342795 -0.050370843576167161 -0.050005620287992797 -0.050006999054762413 -49.32861430668288 0.0092523135044559335 -0.050022011884493817 -0.050008557648866803 -118.23226943795558 -0.050008789381303279 -0.050004228799532029 -0.050002841479312124 -116.53848178521588 -0.050002743109272475 -0.050003453306795446 -9.9386496480569555 -145.32510434350075 -30.355806982159972 -0.050033157462128733 -10.210985650370004 -0.049792985524365341 -25.109995965283666 -0.033641385785294423
leaf_weight=3.0234095758944708 1420.2230249509666 56.590020938563718 0.078135884437259079 0.0057970073422239895 0.0010619383980952088 0.0010923649825258517 0.001904997846708056 0.0016887040237126591 0.012050739443395742 0.0015885824003305515 0.0030572570017283187 0.0010146389818865842 0.77370087706776736 0.035861363462117879 0.026831736596250266 0.001269225721891587 0.020359525184176164 0.0031581329403707059 0.002640610564412782 0.0017169075515468535 0.0014692578279209556 0.0012713358628388951 0.0050563095696825044 0.0013766980860978606 0.0016498488045399986 0.029542232003223035 0.0049207995313693678 0.10119019496869441 0.0019876860260410458 5.374568704970649
leaf_count=6744 2694152 19797 33984 3121 407 481 865 358 641 530 128 21 1778 3193 952 28 232 64 57 39 32 19 20 30 23 487 31 753 3 38958
internal_value=-0.0037094 -0.0488151 -0.305789 -14.0839 -57.6249 -124.058 -69.2665 -180.92 -10.2534 -56.6419 -0.154605 -12.3293 -0.149338 -0.744228 -3.44971 -8.62191 -16.3131 -34.1826 -49.3735 -34.3743 -62.8214 -10.1464 -32.4992 -75.5777 -2.32177 -0.0551445 -1.50086 -0.432977 -1.7784 -0.0775088
internal_weight=1486.33 66.1094 9.51937 0.10332 0.0251843 0.0104831 0.00939071 0.0035937 0.0147013 0.00265052 9.41605 0.0040719 9.41198 1.014 0.205839 0.0758292 0.0399679 0.0102541 0.007096 0.00582678 0.00318617 0.0297137 0.00770434 0.00264803 0.0220094 0.808164 0.034463 0.13001 0.0288194 8.39798
internal_count=2807928 113776 93979 40387 6403 4825 4344 1223 1578 937 53592 149 53443 7741 5445 3737 544 220 156 128 71 324 69 49 255 2296 518 1708 955 45702
is_linear=0
shrinkage=0.05


Tree=175
num_leaves=31
num_cat=0
split_feature=2 7 4 11 7 9 0 0 9 0 0 0 5 4 9 4 4 4 8 2 7 8 8 7 2 2 4 7 7 2
split_gain=8.45815 28.0679 21.8952 16.8945 11.643 7.55675 7.48993 7.20065 6.57624 6.45259 12.6884 23.3288 10.8621 9.89869 9.97088 8.77466 7.29725 9.32984 7.72497 7.69098 6.97458 12.3903 31.7339 13.436 6.43743 6.29335 6.099 5.85166 5.84951 5.5076
threshold=0.63702240586280834 0.24499999731779101 0.15504807978868487 1.0000000180025095e-35 0.11882352828979494 0.37414713203907018 0.15476191043853763 0.63333335518836986 0.45476087927818304 0.46428571641445165 1.0000000180025095e-35 0.17424242943525317 1.0000000180025095e-35 0.44327485561370855 0.60169798135757457 0.6832355558872224 0.58898946642875682 0.58578637242317211 0.70782846212387096 0.55217784643173229 0.21980676054954532 0.40093457698822027 0.39915254712104803 0.23205128312110904 0.54653680324554454 0.27639257907867437 0.27639257907867437 0.14550264924764636 0.16064515709877017 0.53248947858810436
decision_type=2 2 2 2 2 2 2 2 2 2 2 2 2 2 2 2 2 2 2 2 2 2 2 2 2 2 2 2 2 2
left_child=1 2 4 9 -1 -6 -2 -5 25 10 13 15 24 14 20 -12 17 -11 -18 29 28 22 23 -22 -13 -3 -27 -16 -4 -19
right_child=6 8 3 7 5 -7 -8 -9 -10 16 11 12 -14 -15 27 -17 18 19 -20 -21 21 -23 -24 -25 -26 26 -28 -29 -30 -31
leaf_value=-0.18130769286824769 0.027881916160657383 -0.034412028644552686 -0.031794559093923092 -0.059306236304566828 0.33784490684555846 -0.057184559742726362 0.0006195841127061857 0.29717853620043572 -0.00054651004556742586 0.023098701824561495 -0.05039040980283728 -0.011903358973639415 0.13031465836692696 0.0068081275863184285 0.036874516278919182 -0.22409452107253008 -0.012618601544943526 0.1961250469973444 0.32711991862627215 -0.050668404945603297 -0.050089264219186504 -0.0052506035377389623 2.1653269557958001 0.8638503758095446 -0.052248787389498147 0.23839739690892592 0.056173782947094256 -0.041206472898167493 -0.087332982420757488 0.59272061396628284
leaf_weight=3.2095040366117975 26.097014643621606 1.8260421780229581 9.8157455352364753 24.949259543472895 0.12771359000770477 2.3253183036741119 727.84754933408578 0.14246322713006421 519.157417293766 14.936156828887757 1.072232773167513 17.505424948459677 1.0227414670080168 47.820507927509773 7.0117846230152612 2.258186347236915 34.658330202244542 0.20144501308459517 0.16813143159379151 0.15798150498085306 0.15255924316443215 1.7923932759049419 0.022565709012269508 0.054608483907941263 22.718027502187823 0.50338105771751873 5.2301847894858611 3.6479170159518617 9.1703072811566191 0.1548177075201238
leaf_count=17387 3926 3552 410109 1483206 416 7109 308182 282 182955 9201 37057 132465 225 112192 2167 284 6248 48 4 83 396 3955 50 28 62867 890 4992 2227 15418 7
internal_value=-0.00215351 -0.00598267 -0.0216749 -0.0189221 -0.118628 -0.0366179 0.00156324 -0.0572822 0.000127661 -0.0134012 -0.0195247 -0.0408771 -0.0305988 -0.00755039 -0.0292327 -0.16817 0.00170919 0.0303082 -0.0109784 0.239706 -0.0492177 0.0390594 0.384768 0.190821 -0.0346903 0.0464265 0.0721722 0.010154 -0.0586197 0.36847
internal_weight=1485.76 731.813 205.096 199.434 5.66254 2.45303 753.945 25.0917 526.717 174.342 124.065 44.5766 41.2462 79.4884 31.6679 3.33042 50.2769 15.4504 34.8265 0.514244 21.0082 2.02213 0.229733 0.207168 40.2235 7.55961 5.73357 10.6597 18.9861 0.356263
internal_count=2807928 2495820 2303431 2278519 24912 7525 312108 1483488 192389 795031 779440 232898 195557 546542 434350 37341 15591 9339 6252 138 429956 4429 474 424 195332 9434 5882 4394 425527 55
is_linear=0
shrinkage=0.05


Tree=176
num_leaves=31
num_cat=0
split_feature=2 7 11 4 7 1 6 10 4 4 8 1 1 8 4 1 1 2 4 6 4 4 7 4 7 1 2 4 2 1
split_gain=7.69676 24.8438 17.3125 18.3244 13.268 9.20683 7.77009 11.6341 8.1048 11.9203 15.0714 35.5495 68.9338 7.98654 7.35075 8.53402 6.02799 15.0976 7.64051 9.75279 17.3885 17.5665 86.8326 8.26864 8.15271 5.48115 5.33902 5.32626 7.43592 7.80446
threshold=0.62593284249305736 0.2788888961076737 1.0000000180025095e-35 0.15504807978868487 0.11882352828979494 0.85934066772460949 1.0000000180025095e-35 1.0000000180025095e-35 0.70051544904708873 0.69160839915275585 0.24918300658464435 0.52419984340667736 0.55848154425621044 0.70782846212387096 0.75147059559822094 0.58123165369033825 0.72850123047828685 0.91106721758842479 0.76506900787353527 1.0000000180025095e-35 0.57804551720619213 0.57735043764114391 0.59166666865348827 0.85912698507308971 0.81534090638160717 0.5912291705608369 0.52419984340667736 0.76506900787353527 0.74352160096168529 0.83457711338996898
decision_type=2 2 2 2 2 2 2 2 2 2 2 2 2 2 2 2 2 2 2 2 2 2 2 2 2 2 2 2 2 2
left_child=1 2 3 4 -1 6 7 -5 9 13 11 -11 -13 -8 -3 -16 17 18 19 -2 21 24 -23 -20 -21 -17 -14 -18 -29 -30
right_child=16 14 -4 5 -6 -7 8 -9 -10 10 -12 12 26 -15 15 25 27 -19 23 20 -22 22 -24 -25 -26 -27 -28 28 29 -31
leaf_value=-0.16705439781972797 -0.0068681560943954813 -0.00074574798436958872 -0.056105582536513723 -0.036850125867343181 -0.024413484850128207 0.098924067903586127 0.013294368017755367 -0.0073478996416559243 -0.019703559546185287 -0.050948047467665528 0.027340225546753163 2.2022964421011704 0.54318728039070086 0.42869245106524256 0.052285262658708524 -0.13512672702385575 -0.0076873112446258357 0.071319036505352429 -0.031504912321403865 -0.028326962375108306 0.036502443856721682 -0.050227555541562552 -5.3527496176321279 0.039047924827339417 -0.30533802836151702 0.0016799199562138702 -0.050335927073516487 -0.035531087923813785 0.019806970077809058 0.0007240227115866628
leaf_weight=3.3033074356670777 37.472262698188302 466.19302451038811 28.119502912766222 53.799159878263225 3.2188144709584501 1.8710064131300885 28.736235932615791 88.201954689620891 20.776514638717344 0.20992442187707527 0.60822077971533872 0.066558787861140445 0.083728366007562727 0.11617749714059655 14.072659093857512 0.81255456910002788 186.48117357337674 9.6711357530530204 20.970082819029223 7.129655690101564 50.13396726799062 0.046604446270066435 0.0092537393793463707 5.1783379123193596 0.27589037443976838 7.3985323747474467 0.06921022737515159 12.582328661651443 62.532033427093211 374.20394340178245
leaf_count=10698 146468 139294 1513545 318754 2081 100 45640 427389 5121 29 521 10 11 10 591 23 83038 624 9041 20024 33681 338 1 997 24 770 38 5181 10968 32918
internal_value=-0.00205553 -0.00577693 -0.0193586 -0.0142194 -0.0966579 -0.0114555 -0.0125274 -0.0185252 0.00428242 0.020955 0.187456 0.414239 0.859138 0.014967 0.000595241 0.0286498 0.0014279 0.0111993 0.00640274 0.0129862 0.0259038 -0.0453098 -0.928669 -0.0175329 -0.0386469 -0.0118582 0.274597 -0.000583675 0.00236456 0.00345633
internal_weight=1484.34 717.657 229.18 201.061 6.52212 194.539 192.668 142.001 50.6666 29.8901 1.03764 0.429422 0.219497 28.8524 488.477 22.2837 766.687 130.887 121.216 95.0676 57.5954 7.4614 0.0558582 26.1484 7.40555 8.21109 0.152939 635.799 449.318 436.736
internal_count=2807928 2464625 2323947 810402 12779 797623 797523 746143 51380 46259 609 88 59 45650 140678 1384 343303 211198 210574 200536 54068 20387 339 10038 20048 793 49 132105 49067 43886
is_linear=0
shrinkage=0.05


Tree=177
num_leaves=31
num_cat=0
split_feature=3 7 3 0 4 1 9 4 8 1 3 1 4 9 7 9 4 4 9 11 3 9 1 0 8 9 9 3 4 4
split_gain=7.67822 21.3525 21.8812 20.8572 20.3793 7.59832 7.33024 9.60602 6.4981 6.38284 10.4159 6.50013 6.15207 6.14661 6.09787 6.65538 6.29199 11.8476 16.96 6.16242 7.62726 9.51097 5.98669 6.15517 5.86324 5.96796 7.13046 80.1238 57.5506 6.28134
threshold=0.89725545048713695 0.17752101272344592 0.58017763495445263 0.11805555596947671 0.15504807978868487 0.4712491780519486 0.70139563083648693 0.49205549061298376 0.63897106051445018 0.82807883620262157 0.84924244880676281 0.78346121311187755 0.58578637242317211 0.45141619443893438 0.31909090280532842 0.62617477774620067 0.5604878067970277 0.56691542267799389 0.5835326910018922 1.0000000180025095e-35 0.39250700175762182 0.81844761967659008 0.32305502891540533 0.26785714924335485 0.47836488485336309 0.42631272971630102 0.42894540727138525 0.20204082131385806 0.67068272829055797 0.87026646733284008
decision_type=2 2 2 2 2 2 2 2 2 2 2 2 2 2 2 2 2 2 2 2 2 2 2 2 2 2 2 2 2 2
left_child=1 2 3 4 -1 -2 7 8 -6 10 13 -12 -5 24 19 16 -16 18 -18 -15 -21 -22 -19 -24 25 29 27 28 -27 -3
right_child=5 9 -4 12 6 -7 -8 -9 -10 -11 11 -13 -14 14 15 -17 17 22 -20 20 21 -23 23 -25 -26 26 -28 -29 -30 -31
leaf_value=-0.12329195441401919 0.025629529162579587 0.0091949185819099367 -0.0048229898025413309 -0.053813598955045595 -0.051801923261464801 0.00070012308643867629 0.044070649666426556 0.00091469223199807043 0.029447414420721074 0.031300717714773586 -0.030863118135593021 -0.15042446119643094 -0.10941105717455797 -0.0080733559509585801 -0.0019400904876882633 -0.0011013521975715827 0.60061205680879037 -0.034204328244348318 0.030321536468851547 -0.07189519625669176 -0.0047897959457355622 0.52463593512106721 0.068072593073346899 -0.012713923603419773 -0.050918773451859738 -0.050064740431156635 0.065990985892753748 0.1487330273320274 7.4018315541711264 0.37799936942242812
leaf_weight=4.8609442411178838 32.021510386603609 9.3154541607578434 97.784189778714875 9.100264803455703 23.06095535705219 672.29323008620531 4.5843465061167654 23.781069731398556 2.7548290096770485 15.027326073262882 3.1419733042084763 1.7812671749852595 10.978013230377412 90.712607431963349 13.578508325867462 427.8288514766881 0.22922198319793352 2.5324023093889982 0.30229897804383654 8.8721764021726095 5.2455374381429047 0.086225481471046694 10.328632617878609 3.0552058678549647 2.0729542804224694 0.0042208709787699972 5.7921108460685309 0.24467041996495809 0.0067094640107825398 0.1169003907125451
leaf_count=22977 44962 8823 841546 461700 867882 130972 760 111939 5980 1859 245 68 31928 36894 35567 55699 49 605 59 112681 19718 2 665 242 8896 81 4680 441 2 6
internal_value=-0.00194765 -0.00537432 -0.0206408 -0.0401899 -0.0252194 0.00183353 -0.0164207 -0.022012 -0.0431317 -0.000875202 -0.00170138 -0.0741214 -0.0842121 -0.001087 -0.00199578 0.000495659 0.0232506 0.0440469 0.276263 -0.0128684 -0.0434918 0.0037721 0.0362921 0.049631 0.0280498 0.0386246 0.077396 0.335842 4.5242 0.0137657
internal_weight=1481.49 777.18 176.905 79.1204 59.0421 704.315 54.1812 49.5969 25.8158 600.275 585.248 4.92324 20.0783 580.325 562.772 457.855 30.0263 16.4478 0.531521 104.917 14.2039 5.33176 15.9162 13.3838 17.553 15.4801 6.04771 0.255601 0.0109303 9.43235
internal_count=2807928 2631994 2344712 1503166 1009538 175934 986561 985801 873862 287282 285423 313 493628 285110 262181 92886 37187 1620 108 169295 132401 19720 1512 907 22929 14033 5204 524 83 8829
is_linear=0
shrinkage=0.05


Tree=178
num_leaves=31
num_cat=0
split_feature=8 4 7 7 8 9 8 8 4 2 2 4 4 2 7 2 7 7 9 7 7 9 1 1 4 4 7 8 2 11
split_gain=6.9325 20.1086 17.8611 9.18725 9.09161 7.8659 7.17081 15.4525 11.3079 246.773 669.8 1804.21 6.85921 9.90185 19.7508 27.246 6.80844 6.06968 8.87148 12.6844 18.879 8.18987 13.7008 14.5248 7.18532 7.07464 7.93081 8.34267 6.67202 13.379
threshold=0.71812930703163158 0.40967366099357611 0.31909090280532842 0.43303571641445165 0.63897106051445018 0.75249087810516369 0.50641131401062023 0.50920382142066967 0.16807910054922107 0.15535445511341098 0.14415584504604342 0.24068965017795566 0.27334994077682501 0.36266924440860754 0.26201373338699346 0.3647450208663941 0.48809523880481726 0.59166666865348827 0.68013605475425731 0.39444445073604589 0.38675214350223547 0.59798866510391246 0.25176055729389196 0.2290398105978966 0.48050633072853094 0.71937501430511486 0.4220647811889649 0.38243331015110021 0.64346247911453258 1.0000000180025095e-35
decision_type=2 2 2 2 2 2 2 2 2 2 2 2 2 2 2 2 2 2 2 2 2 2 2 2 2 2 2 2 2 2
left_child=1 2 4 -2 5 6 -1 8 -8 10 -10 -12 13 -6 15 -15 -5 18 19 20 28 22 23 -21 -19 26 27 -23 29 -3
right_child=3 17 -4 16 12 -7 7 -9 9 -11 11 -13 -14 14 -16 -17 -18 24 -20 21 -22 25 -24 -25 -26 -27 -28 -29 -30 -31
leaf_value=-0.034880163615803594 0.017029973017043426 -0.005316349584163548 -0.0043836759494918168 -0.037505845443680241 0.035817784047338999 0.065131535872283472 -0.14710696967653658 -0.05630172539772213 -0.050019617322053789 -0.050094527398488242 -68.633533188290599 -0.050032713952969904 -0.03707438687713998 2.9637405676765458 -0.050625735101644281 -0.05005178754631693 0.0009172162184078389 0.084743582221844499 -0.018596602196317046 0.18537299771891286 -0.490586461787752 0.35691353596530728 0.055136032439812944 0.78975237076863303 0.011035777142507877 0.067464200376613173 0.023607179860236673 -0.064378232717203887 0.00099777964569413885 -0.048147042899986857
leaf_weight=27.064934593276092 97.189032789114435 193.72195967909508 67.297365689263188 11.976030845464264 4.8076633356766818 1.4548691781525054 3.250984175113842 21.668935946754502 0.01074685925030025 0.19498087827024338 0.0014561875894401064 0.0028081781563287223 5.3931826663082516 0.016587121045631537 0.044991669466071471 0.013687468115676893 309.09686782493736 3.661925357695508 76.23707980386223 0.61340582094180973 0.19760756583855155 0.12053444238699995 6.4891664898113959 0.11863674459618778 34.059160400196561 5.0899963082338209 10.615083823611711 4.6850670570411239 574.67045031098144 20.127060140410236
leaf_count=1029043 16280 348577 56683 1316 6576 159 365 166376 467 9183 33 69 13932 30 128 176 27794 237 7864 120 47 3 817 51 3215 283 1262 693 260826 855323
internal_value=-0.001891 -0.00403902 -0.0223624 0.00356108 -0.0412893 -0.0495418 -0.0527381 -0.0719712 -0.170077 -0.525681 -6.70307 -23.4698 0.00179523 0.0447266 0.613782 1.60117 -0.000515965 -0.00145472 -0.00228487 -0.000761741 -0.00193035 0.0324745 0.078268 0.28332 0.0181913 0.0163519 -0.000519028 -0.0538114 -0.00180789 -0.00934749
internal_weight=1479.89 1061.63 131.223 418.262 63.9258 53.6497 52.1948 25.1299 3.46098 0.209992 0.0150112 0.00426437 10.2761 4.88293 0.0752663 0.0302746 321.073 930.407 892.686 816.449 788.717 27.7319 7.22121 0.732043 37.7211 20.5107 15.4207 4.8056 788.519 213.849
internal_count=2807928 2762538 1283220 45390 1226537 1205695 1205536 176493 10117 9752 569 102 20842 6910 334 206 29110 1479318 1475866 1468002 1464773 3229 988 171 3452 2241 1958 696 1464726 1203900
is_linear=0
shrinkage=0.05


Tree=179
num_leaves=31
num_cat=0
split_feature=3 7 2 0 4 0 1 3 4 4 4 2 5 7 7 1 7 2 2 3 4 1 1 1 12 1 1 10 3 2
split_gain=6.46681 17.8157 23.02 13.5443 17.7742 10.6359 9.21137 8.81789 8.75154 7.54529 10.1198 7.19886 6.1724 5.72219 5.14585 7.17357 6.31517 5.15317 5.07216 10.2855 5.61999 4.96369 6.52802 4.93334 4.83197 9.88503 85.5307 6.5958 6.74027 8.90319
threshold=0.89725545048713695 0.17752101272344592 0.63453349471092235 1.0000000180025095e-35 0.15504807978868487 0.29285715520381933 0.49089705944061285 0.8155706822872163 0.74133810400962841 0.81661397218704235 0.90366768836975109 0.47140522301197058 1.0000000180025095e-35 0.15894736349582675 0.075498577207326903 0.64565756916999828 0.11269841343164445 0.25677657127380377 0.8029850721359254 0.84924244880676281 0.89059829711914074 0.38742592930793768 0.38924963772296911 0.60943254828453075 1.0000000180025095e-35 0.46247655153274542 0.45923791825771337 1.0000000180025095e-35 0.71535181999206554 0.70678734779357921
decision_type=2 2 2 2 2 2 2 2 2 2 2 2 2 2 2 2 2 2 2 2 2 2 2 2 2 2 2 2 2 2
left_child=1 2 3 4 -1 -5 13 24 14 -9 -11 -2 18 -6 15 -8 23 -18 19 -3 -21 -15 -23 -16 25 26 -4 -26 29 -29
right_child=11 12 7 5 6 -7 8 9 -10 10 -12 -13 -14 21 16 -17 17 -19 -20 20 -22 22 -24 -25 27 -27 -28 28 -30 -31
leaf_value=-0.11078582388415988 0.025004989979393339 -0.0014786677490323903 -0.050103439995834824 -0.075336994472808574 -0.011757961658404648 -0.021259711448433829 -0.081281291749943516 -0.041107492565929618 -0.026826682886965075 0.031948453948467841 -0.036088129338190472 0.00062462174442802108 0.056455283025025171 -0.064981363252959223 0.18946335827537264 0.11330579172442189 0.36345037593668977 0.027349427448327242 0.024868977155928618 -0.056742554468705408 -0.22859004706158195 0.43442426188862504 0.0098038276519485622 -0.046618685412532931 -0.029090132025452256 0.035610196561753342 4.8830401254766507 0.074566631708831946 0.0065075203841903047 0.4035316388710749
leaf_weight=4.9021417115511587 31.706509736457974 571.84733388282086 0.066020748849043964 26.601590727375459 34.86934468182686 13.814249818060523 1.1629971155523389 15.554750961235461 4.1467190688172195 13.369268003281833 9.2448858081006602 671.90175696445499 4.6698433955389183 9.3445222495690281 1.7913586721901364 0.79906204709038764 0.11954612273825738 2.4781525891251248 18.018503089700971 3.9509959712313494 0.54089306411333371 0.10245966835486875 0.77641357275581413 0.25247505464403719 8.7499407474556339 18.464833754045685 0.010135355347301811 1.8464375749654203 5.9058270710875149 0.23145991511319142
leaf_count=22977 44771 284432 312 913074 938963 196509 6970 42235 586 3620 553 131163 1099 25685 2205 691 23 2072 1435 297 19 126 2488 170 176520 7882 19 405 605 22
internal_value=-0.00174563 -0.00490054 -0.0189545 -0.0344236 -0.0195005 -0.0568532 -0.011487 0.00235254 0.0301031 -0.0143027 0.00413444 0.00172327 -0.000804079 -0.0214023 0.0658521 -0.00203437 0.0945489 0.0428168 -0.00125396 -0.00207066 -0.0774357 -0.0542967 0.0593064 0.1603 0.0203744 0.0379548 0.606432 0.000895165 0.0337582 0.111211
internal_weight=1477.24 773.632 174.605 101.161 60.7452 40.4158 55.8431 73.4436 10.7503 38.1689 22.6142 703.608 599.028 45.0927 6.60359 1.96206 4.64153 2.5977 594.358 576.339 4.49189 10.2234 0.878873 2.04383 35.2747 18.541 0.0761561 16.7337 7.98372 2.0779
internal_count=2807928 2631994 2344712 2112539 1002956 1109583 979979 232173 12717 46408 4173 175934 287282 967262 12131 7661 4470 2095 286183 284748 316 28299 2614 2375 185765 8213 331 177552 1032 427
is_linear=0
shrinkage=0.05


Tree=180
num_leaves=31
num_cat=0
split_feature=8 4 7 9 4 7 9 2 2 8 9 8 7 8 7 4 4 3 9 7 4 9 7 7 9 1 8 3 4 7
split_gain=6.07709 16.3067 13.2239 8.44793 7.76206 7.36645 10.4009 7.13 8.25729 7.02357 7.62696 6.88181 7.44318 14.1055 296.596 687.022 5.66537 6.01037 5.44452 5.37676 8.56152 7.55403 11.5321 15.5924 6.91648 8.20439 6.46199 13.7264 6.44099 7.2994
threshold=0.71812930703163158 0.43159537017345434 0.44097222387790685 0.70139563083648693 0.99315068125724804 0.44722221791744238 0.7807200849056245 0.30860807001590734 0.31643131375312811 0.53939977288246166 0.45954339206218725 0.50641131401062023 0.11882352828979494 0.50802230834960949 0.12701612710952762 0.23294574022293094 0.19639987498521808 0.24283374845981601 0.44838035106658941 0.59166666865348827 0.48050633072853094 0.68013605475425731 0.39444445073604589 0.38675214350223547 0.59798866510391246 0.25176055729389196 0.48792158067226415 0.4403389841318131 0.71937501430511486 0.4220647811889649
decision_type=2 2 2 2 2 2 2 2 2 2 2 2 2 2 2 2 2 2 2 2 2 2 2 2 2 2 2 2 2 2
left_child=1 2 7 -2 -5 6 -4 9 -9 11 18 16 -13 14 15 -14 -1 -18 -11 21 -21 22 23 -3 25 -24 27 -22 29 -26
right_child=3 19 5 4 -6 -7 -8 8 -10 10 -12 12 13 -15 -16 -17 17 -19 -20 20 26 -23 24 -25 28 -27 -28 -29 -30 -31
leaf_value=0.025774988136488798 0.036700967745284266 -0.001702552110458202 0.093158832220627014 0.00088962838862156164 0.050219081384582032 0.00048613323548529611 0.76164752908739042 -0.092799261407267547 -0.034450619391674701 -0.05083540425736488 -0.0081693298946869438 -0.13286524122890692 49.847766394512661 -0.048354254385191094 -0.050062497385074012 -0.050001889594792751 -0.066335726089688282 -0.004303139459725604 0.24918987874504209 0.10139518406325128 0.48647790148392023 -0.017318330223894271 0.21224817462202608 -0.42957229637344219 -0.052530504509002089 0.052595670211298684 0.0036757307107876526 0.052372196425748578 0.06514515869286043 0.022673560586212903
leaf_weight=4.8053804743769328 18.228185021485558 783.07927199571361 1.0876814442999592 391.46104791513113 8.1403404730663151 39.216720420045249 0.061475455324398243 8.1099220514711785 24.027883965862088 0.21799559313940164 33.115924470978499 3.3736617342168893 0.0010020487487835119 5.9325474445934203 0.066521725152926647 0.0022140788236129083 8.0645852414877979 7.5703334325168603 0.4935788214993444 2.804623925829218 0.1947590184208815 74.671166334623308 0.91895839925564615 0.21298385260433761 4.6404130124374232 6.4721505662691925 30.835546920912748 2.8012506528175436 5.0040649305446996 10.590299405712356
leaf_count=53552 7960 1318012 1054 31193 6237 7171 34 40869 729368 4970 97839 13524 78 28790 1102 274 195128 255991 1694 145 28 6973 141 44 598 660 2862 325 283 1029
internal_value=-0.00169282 -0.00370852 -0.0198613 0.00341299 0.00189453 0.00414247 0.12892 -0.0299774 -0.0491748 -0.0202833 -0.00468914 -0.0379754 -0.073443 -0.0400439 0.666911 15.4966 -0.0217065 -0.0362999 0.157275 -0.0013239 0.0174465 -0.00210041 -0.000699113 -0.00181889 0.0310506 0.0724457 0.0104872 0.0805917 0.0159304 -0.000239217
internal_weight=1476.2 1058.37 136.147 417.83 399.601 40.3659 1.14916 95.7816 32.1378 63.6437 33.8275 29.8162 9.37595 6.00229 0.0697379 0.00321613 20.4403 15.6349 0.711574 922.225 36.6362 885.589 810.918 783.292 27.6259 7.39111 33.8316 2.99601 20.2348 15.2307
internal_count=2807928 2762538 1431438 45390 37430 8259 1088 1423179 770237 652942 104503 548439 43768 30244 1454 352 504671 451119 6664 1331100 3360 1327740 1320767 1318056 2711 801 3215 353 1910 1627
is_linear=0
shrinkage=0.05


Tree=181
num_leaves=31
num_cat=0
split_feature=4 8 8 10 9 4 3 9 1 1 4 8 4 9 1 1 8 8 9 10 1 4 1 9 8 4 3 9 4 1
split_gain=46.241 338.226 2027.83 28564 862715 147323 70133.8 11.8787 9.80573 8.50061 8.57512 6.60183 6.41999 18.5 5.07144 9.76906 5.9647 5.65187 5.93974 9.9699 8.93289 6.15143 9.16592 5.47574 12.5316 5.41351 4.97305 4.97077 4.82132 4.6624
threshold=0.2290398105978966 0.50802230834960949 0.50641131401062023 1.0000000180025095e-35 0.5835326910018922 0.18677325546741488 0.17467582225799563 0.52106758952140819 0.23606811463832858 0.13446328043937686 0.13873296231031421 0.75093984603881847 0.44327485561370855 0.68013605475425731 1.0000000180025095e-35 0.20761494338512423 0.84168756008148204 0.7729182541370393 0.94166260957717907 1.0000000180025095e-35 0.24316334724426272 0.33508773148059851 0.34724637866020208 0.90377491712570202 0.59102103114128124 0.24283374845981601 0.33549784123897558 0.7807200849056245 0.32690165936946874 0.24525599926710132
decision_type=2 2 2 2 2 2 2 2 2 2 2 2 2 2 2 2 2 2 2 2 2 2 2 2 2 2 2 2 2 2
left_child=1 2 -1 4 5 6 -4 -3 9 10 11 -9 13 -2 16 25 -15 23 21 20 28 26 -23 -17 -25 -16 -19 -24 -20 -10
right_child=12 7 3 -5 -6 -7 -8 8 29 -11 -12 -13 -14 14 15 17 -18 18 19 -21 -22 22 27 24 -26 -27 -28 -29 -30 -31
leaf_value=2.3443556334678547e-05 -0.035753776551397616 -0.085832472445267968 -779.73496747799811 -0.18381777280104922 -0.80998602865670488 -1058.9773665764008 -256.8592840876924 -0.041921520441682625 -0.087076928606751661 0.022216171606069871 -0.05212712688665553 0.048404517973375277 -0.00011329151784545576 0.069811974270359262 0.022208847906165275 -0.020700438033266662 -0.049245950216703027 0.03595729085525811 0.042556500485248921 -0.025204907904315385 0.0064940788514340408 -0.053770857527916952 -0.090221604868382974 -0.040307744540650461 0.05822566333498741 -0.046648643384333839 -0.0090031154321449664 0.03633974409434438 0.20008481470320236 -0.018712289672639604
leaf_weight=11.269602365755764 51.215627079819114 3.953131583369454 0.0010901839245864844 2.0448217562243625 0.13268584039768549 0.0017942684861189662 0.0015575761378132658 3.105165576285204 3.0070558646451131 49.450479605496909 9.0772909350210664 5.8041177475924997 1154.1303693850962 4.7395313906745278 3.4223990164962172 39.262760871821001 1.3521042719949035 35.794841492790283 0.84247496421449142 22.19183885701932 4.581301854836056 6.4913746569300192 0.85787301770505919 5.5963830238324572 7.6212645972263999 17.199232968082711 7.4264222836827676 8.1113644045399251 1.1470402062404899 14.615605337196056
leaf_count=115009 1334691 11950 126 54 58 381 140 2147 1217 14333 2798 192 1289857 282 336 19029 28 2106 35 216 409 1024 340 129 124 3085 655 585 18 6574
internal_value=-0.0040191 -0.03642 -0.270103 -1.66529 -23.7566 -709.185 -472.147 -0.00110595 0.00283169 0.01151 -0.0179245 0.0169231 -0.00159929 -0.0094717 -0.001394 -0.00309308 0.0433858 0.00164181 0.00942666 -0.0091867 0.0449121 0.0185499 -0.00851716 -0.0113296 0.0165064 -0.0352209 0.028232 0.0242346 0.133378 -0.0303777
internal_weight=1474.45 102.464 13.4516 2.18195 0.137128 0.00444203 0.00264776 89.0128 85.0597 67.4371 17.9866 8.90928 1371.98 217.854 166.638 160.547 6.09164 139.925 87.4445 28.7627 6.57082 58.6819 15.4606 52.4804 13.2176 20.6216 43.2213 8.96924 1.98952 17.6227
internal_count=2807928 154979 115768 759 705 647 266 39211 27261 19470 5137 2339 2652949 1363092 28401 28091 310 24670 5388 678 462 4710 1949 19282 253 3421 2761 925 53 7791
is_linear=0
shrinkage=0.05


Tree=182
num_leaves=31
num_cat=0
split_feature=3 7 2 8 4 8 10 9 7 8 9 9 10 3 3 4 4 2 10 3 12 2 4 4 5 4 7 1 1 8
split_gain=6.55635 20.0123 24.3177 11.6933 17.0375 17.4931 121.919 383.016 1827.43 12478.8 47.141 748.221 13.1457 8.50543 7.28189 7.09933 9.11106 6.59744 6.23693 5.96865 21.0014 38.7753 230.171 664.569 5.7053 5.35052 7.10832 7.7923 6.33135 6.86937
threshold=0.89725545048713695 0.17752101272344592 0.63453349471092235 0.56765475869178783 0.26365442574024206 0.48993107676506048 1.0000000180025095e-35 0.60169798135757457 0.13188406080007556 0.50802230834960949 0.44497103989124304 0.44392034411430364 1.0000000180025095e-35 0.58123165369033825 0.8155706822872163 0.81661397218704235 0.90366768836975109 0.47140522301197058 1.0000000180025095e-35 0.58397436141967785 1.0000000180025095e-35 0.58102023601531994 0.58578637242317211 0.55351883172988903 1.0000000180025095e-35 0.74133810400962841 0.075498577207326903 0.64565756916999828 0.49089705944061285 0.25940062105655676
decision_type=2 2 2 2 2 2 2 2 2 2 2 2 2 2 2 2 2 2 2 2 2 2 2 2 2 2 2 2 2 2
left_child=1 2 3 4 5 -1 7 10 9 -9 11 -7 13 -6 -4 -16 -17 -2 -5 20 21 -15 23 -23 -3 26 27 -14 -28 -30
right_child=17 24 14 18 12 6 -8 8 -10 -11 -12 -13 25 19 15 16 -18 -19 -20 -21 -22 22 -24 -25 -26 -27 28 -29 29 -31
leaf_value=-0.03047677356403615 0.023962584929547351 -0.001070883760311785 0.017701402418044073 -0.041057850449063314 -0.069391043643272074 -0.05000084747415709 -0.11156221201728184 -185.29192777432095 -0.050132610235799319 -0.050009723782868602 -0.0500020521011348 -40.147708083066348 -0.060318891045680945 -0.050008583635456461 -0.040276636301501363 0.030215636959144948 -0.034306206867840021 0.00064241673564000717 0.026743521598418103 -0.028172078266705643 0.054330378856133114 -0.050001706319957977 -0.050237105988495338 47.968276138197332 0.055346688294420188 -0.042252603296124375 0.0041106426780922007 0.10514385913747748 0.21065823802574279 0.047382037326360808
leaf_weight=6.432295747444658 31.763953296348973 592.25692717458492 36.277953475799109 5.0947861660745959 24.864983730366671 0.017363592073663447 8.1099182195881205 0.0010796692203954286 0.024346333560387734 0.0057563184604845219 0.13308955936202499 0.0012469541025836852 5.2575712647218884 0.022002855122991605 15.064378721830492 13.467311644735675 9.2152288544311869 671.14890630431341 10.147419722997256 15.989669925735141 0.42548860317322734 0.0023394309209834327 0.011855542838020483 0.0010412701194582041 4.5153130214894182 7.5360057185025644 9.5673134684086047 0.82292179872001714 0.78576998138669196 3.5751193011838041
leaf_count=193576 44771 286183 185765 42795 911419 4624 2936 89 499 417 20538 298 279959 447 42235 3620 553 131163 2011 584607 12449 76 22 17 1099 665 53927 281 13 874
internal_value=-0.00179482 -0.00498326 -0.0199643 -0.036195 -0.0435393 -0.0923555 -0.140352 -1.41702 -6.464 -29.3069 -0.3796 -2.73665 -0.0331007 -0.0509378 0.00170499 -0.0136689 0.00400237 0.00169623 0.00408056 -0.0230489 0.153983 1.29259 3.23146 14.7398 -0.000644016 -0.0063449 0.00717925 -0.0379255 0.0268702 0.0768021
internal_weight=1472.54 769.626 172.854 98.8294 83.5872 14.7251 8.2928 0.182882 0.0311823 0.00683599 0.1517 0.0186105 68.8621 41.3174 74.0249 37.7469 22.6825 702.913 15.2422 16.4524 0.462728 0.0372391 0.0152362 0.0033807 596.772 27.5447 20.0087 6.08049 13.9282 4.36089
internal_count=2807928 2631994 2344712 2112539 2067733 222977 29401 26465 1005 506 25460 4922 1844756 1509037 232173 46408 4173 175934 44806 597618 13011 562 115 93 287282 335719 335054 280240 54814 887
is_linear=0
shrinkage=0.05


Tree=183
num_leaves=31
num_cat=0
split_feature=7 0 0 4 4 7 2 2 8 4 4 8 1 2 2 10 9 7 4 8 8 1 8 8 8 7 7 4 4 6
split_gain=7.44598 28.4683 33.2474 20.1877 17.2426 12.2138 10.9311 913.725 9076.43 24584.5 99290.6 10.9116 10.6796 9.68569 9.40019 67.5946 9.2251 27.1764 10.8139 9.2194 8.9609 8.13325 8.13098 7.95028 7.73301 8.03648 11.1397 32.7682 126.629 7.61213
threshold=0.26794873178005224 0.29285715520381933 1.0000000180025095e-35 0.84292763471603405 0.44327485561370855 0.092329546809196486 0.58397436141967785 0.58102023601531994 1.0000000180025095e-35 0.57735043764114391 0.55217784643173229 0.64418154954910289 0.49691358208656317 0.7103942632675172 0.75204917788505565 1.0000000180025095e-35 0.62617477774620067 0.64495798945426952 0.99315068125724804 0.41982129216194158 0.63897106051445018 0.51668518781661998 0.41191250085830694 0.47836488485336309 0.3257120549678803 0.048809524625539787 0.051315790042281158 0.67068272829055797 0.66287881135940563 1.0000000180025095e-35
decision_type=2 2 2 2 2 2 2 2 2 2 2 2 2 2 2 2 2 2 2 2 2 2 2 2 2 2 2 2 2 2
left_child=1 2 4 5 20 6 7 -4 9 10 -9 24 -5 -14 15 -15 17 -2 19 -18 22 -22 -1 -21 25 -3 27 28 -27 -7
right_child=16 11 3 12 -6 29 -8 8 -10 -11 -12 -13 13 14 -16 -17 18 -19 -20 23 21 -23 -24 -25 -26 26 -28 -29 -30 -31
leaf_value=0.0062611321539389683 0.016783163334941686 0.00029625000571094134 -0.076339821729032906 0.68520621594654552 0.0048977706346747339 -0.052793477025174722 -0.041364011555925013 -0.050001866684609035 -0.2300500960062804 -0.050024127645556075 -514.99857969712866 0.043706258447149982 -0.064038719935889041 -0.050108615135211837 0.10246222378759098 4.0944283664092067 -0.062390517694637604 -1.2865400718871018 0.050229297499471394 0.03343969794543885 0.0045813693367362908 -0.42440129210225114 -0.057586504858759852 -0.0018675178989900568 -0.01088455159122899 -0.050094697344622109 0.029651773239691034 -0.050554435850796581 8.629077560372739 0.049084815605765122
leaf_weight=5.9878223609651284 93.434254566750838 413.08567000768153 19.259458124627052 0.067646004259585779 68.886846159699942 6.490023504862318 7.8822645267438238 0.0036226855881967826 0.18202426264713267 0.011995547371043358 0.0012622619615285657 13.559239691035712 1.1185151645308908 0.053340840338932938 1.5657109136664074 0.012062590569257736 6.1568370828805419 0.040014088319366148 10.267864652330898 16.398859877951395 13.29387339267242 0.1114164397904468 29.817748017359104 574.74842096960992 164.5125186088477 0.015536382955363304 21.322446581701229 0.049131639409097261 0.0057608889287621414 2.5554561995226255
leaf_count=471539 79197 151635 747702 1 197018 75504 160790 109 4746 53 32 1104 626 223 233 1 1610 14 7739 4426 14741 25 448287 81539 337563 276 9158 76 14 11947
internal_value=-0.00212565 -0.00552042 -0.0244941 -0.0643913 -0.01125 -0.0743751 -0.0910376 -0.11116 -3.48267 -38.556 -133.112 -0.000648024 0.0645539 0.0492846 0.126995 0.714283 0.00160229 0.0162252 -0.000647431 -0.00152202 -0.0338541 0.00101593 -0.0469092 -0.00088807 -0.00165206 0.00184376 0.0317254 0.659517 2.29761 -0.0240116
internal_weight=1470.9 769.851 157.301 39.2034 118.098 36.3861 27.3406 19.4584 0.198905 0.0168805 0.00488495 612.55 2.81728 2.74963 1.63111 0.0654034 701.046 93.4743 607.572 597.304 49.2109 13.4053 35.8056 591.147 598.991 434.479 21.3929 0.0704289 0.0212973 9.04548
internal_count=2807928 2633403 2133577 1001967 1131610 1000883 913432 752642 4940 194 141 499826 1084 1083 457 224 174525 79211 95314 87575 934592 14766 919826 85965 498722 161159 9524 366 290 87451
is_linear=0
shrinkage=0.05


Tree=184
num_leaves=31
num_cat=0
split_feature=7 3 10 8 4 4 8 7 1 3 1 8 8 8 4 7 8 7 8 4 8 1 1 7 1 1 8 4 7 4
split_gain=5.66181 26.9427 21.8454 9.52757 8.61852 8.07646 7.12312 24.1541 6.6852 6.00899 6.01393 7.13559 11.7576 11.9495 358.33 1222.51 3206.54 7.75584 8.53274 6.30126 6.52428 39.3759 84.1125 131.927 8.02678 16.8607 82.3162 145.625 5.98874 11.2302
threshold=0.26794873178005224 0.61938297748565685 1.0000000180025095e-35 0.64418154954910289 0.15504807978868487 0.99315068125724804 0.54589802026748668 0.1490740776062012 0.70678734779357921 0.58397436141967785 0.58123165369033825 0.56536731123924266 0.50102880597114574 0.50802230834960949 0.2290398105978966 0.17519181966781619 0.50641131401062023 0.075498577207326903 0.41686412692070013 0.73746865987777721 0.41394501924514776 0.23606811463832858 0.21778655797243121 0.16064515709877017 0.43792808055877691 0.44575163722038275 0.39482066035270696 0.58102023601531994 0.10435571894049646 0.53410854935646068
decision_type=2 2 2 2 2 2 2 2 2 2 2 2 2 2 2 2 2 2 2 2 2 2 2 2 2 2 2 2 2 2
left_child=1 2 28 6 -4 -2 -3 -8 -9 10 11 12 17 14 15 16 -14 -6 19 20 24 22 -22 -24 -19 26 -26 -28 -1 -30
right_child=5 3 4 -5 9 -7 7 8 -10 -11 -12 -13 13 -15 -16 -17 -18 18 -20 -21 21 -23 23 -25 25 -27 27 -29 29 -31
leaf_value=-0.066572959372860771 0.00080363146105206043 -2.1225539699624524e-05 -0.066302325253470823 0.040113508101208784 -0.054082024178863666 0.041623091677824221 0.030425908819430754 -0.007094030126243208 -0.074139072727772565 -0.085083692216025339 0.058949748951022424 0.02032145374495228 -0.050013425275993811 -0.044836965919751288 -0.068856959854881036 -0.050140453468887861 -80.042359069597566 0.009540663253770584 -0.017203497413458887 -0.036528620794842752 -0.050312050810849565 0.020563546425991321 -0.05031717863153104 6.6790590543568857 -0.050551672257766793 0.074346738189090558 6.3083768387194725 -0.050569201320306324 -0.06380921067837643 0.0012154799659620393
leaf_weight=26.702732305290979 688.72722247164052 586.3255593615404 6.0296892717104518 14.214119321154724 6.0593084958380237 12.334905716586944 12.577059801887659 4.9127065343899661 15.290321594126453 2.2294017234230514 3.865067665541118 19.791122706187927 0.0037745523513902359 10.428246712903716 0.8790572010670985 0.018643143543158658 0.0018751795696516638 7.8129118581097892 16.984141334935678 2.6613201054278752 0.046134570781760753 0.35966910621709758 0.014284108329775336 0.014860293187666684 0.11457954000434245 4.9092301226201016 0.015726713525509695 0.021060153580037877 14.044297317754186 12.59472219799224
leaf_count=859424 166495 830332 10073 1264 345501 8030 3849 2567 949 690 310 4085 40 9986 1063 20 30 30800 30577 55 277 953 69 8 170 881 41 6 464689 34694
internal_value=-0.00172795 -0.00469093 -0.0249178 -0.000360102 -0.00875722 0.00152183 -0.00128934 -0.0239716 -0.0578359 -0.0042055 -0.00176892 -0.00511501 -0.0151144 -0.059949 -0.234401 -6.22476 -26.5999 -0.00209194 0.00746759 0.0337057 0.0477507 0.23821 1.27808 3.38089 0.0413157 0.0903724 0.610128 2.66794 -0.0498395 -0.033066
internal_weight=1469.98 768.922 135.602 633.32 82.2601 701.062 619.106 32.7801 20.203 76.2304 74.001 70.1359 50.3448 11.3316 0.90335 0.0242929 0.00564973 39.0132 32.9539 15.9698 13.3085 0.434948 0.075279 0.0291444 12.8735 5.0606 0.151366 0.0367869 53.3418 26.639
internal_count=2807928 2633403 1794442 838961 435635 174525 837697 7365 3516 425562 424872 424562 420477 11139 1153 90 70 409338 63837 33260 33205 1307 354 77 31898 1098 217 47 1358807 499383
is_linear=0
shrinkage=0.05


Tree=185
num_leaves=31
num_cat=0
split_feature=3 7 2 0 1 3 4 9 9 3 7 4 0 1 0 2 3 4 4 4 9 8 1 1 7 9 9 8 8 4
split_gain=5.63367 16.6059 16.1952 20.2371 9.8992 9.83224 9.68246 6.88744 6.7229 6.58091 8.35628 16.522 6.17716 6.08397 6.01235 5.98992 5.91687 5.73791 5.61204 18.8908 127.396 188.612 5.38117 9.20682 7.69004 53.9046 849.067 12.7869 253.091 5.29924
threshold=0.89725545048713695 0.24499999731779101 0.63453349471092235 1.0000000180025095e-35 0.42644809186458593 0.8155706822872163 0.81661397218704235 0.45341086387634283 0.70139563083648693 0.60136988759040844 0.16064515709877017 0.67068272829055797 0.29285715520381933 0.82807883620262157 0.29285715520381933 0.47140522301197058 0.27639257907867437 0.81661397218704235 0.51471862196922313 0.51668518781661998 0.57207792997360241 0.59102103114128124 0.27639257907867437 0.270728349685669 0.15075758099555972 0.41280081868171697 0.4082483053207398 0.40093457698822027 0.39915254712104803 0.90366768836975109
decision_type=2 2 2 2 2 2 2 2 2 2 2 2 2 2 2 2 2 2 2 2 2 2 2 2 2 2 2 2 2 2
left_child=1 2 3 4 8 -4 -7 16 18 10 -5 14 -8 -9 -12 -2 -3 -13 22 20 -20 -22 23 -1 -25 26 -26 28 -27 -14
right_child=15 7 5 9 -6 6 12 13 -10 -11 11 17 29 -15 -16 -17 -18 -19 19 -21 21 -23 -24 24 25 27 -28 -29 -30 -31
leaf_value=-0.032178191835540389 0.022622900025292908 -0.034001931994737618 0.016753533819555994 -0.084904919877344484 0.011809123120655754 -0.046179456094568763 0.095381161036714457 -0.0015564594467754127 0.026453407797578644 -0.034046922691588183 0.026529830827409215 -0.08024105408190671 0.01631932778399476 0.034642632274141452 0.24507928668216394 0.00046388685657055016 0.069921367245813146 -0.4802645818093213 -0.050107697100932935 -0.011886664867948319 16.771854637954927 -0.050069692563503757 -0.065434688620593692 -0.050618846399355204 -0.050024332185799041 -0.050650928595903047 45.629333236083625 0.071911743688455029 13.561264672343189 -0.03355717811554236
leaf_weight=21.887709562497964 31.952080249720439 1.76915247267783 44.814090196058189 20.398037772667752 26.263227064684784 16.870151296363147 1.6926401955461212 530.91087902715276 5.8745122131552838 18.688922661056441 0.60174891378459994 1.3490273992811124 13.256629398843872 11.866747121723163 0.65967574404612606 669.79176431145675 6.0651517589035961 0.096025279497553018 0.042176612179562478 22.086671027790956 0.0029723197126259029 0.0037923809745734616 14.395928588108474 0.29376558177470613 0.014404449878327341 0.048524453457673644 0.001094586666113174 0.37421120030012389 0.0036734156218187755 8.9014441278050054
leaf_count=413353 44771 3423 187264 598677 52456 42550 474 183487 1209 512202 4300 299 3254 1751 611 131163 5791 4 1027 90259 29 16 500963 24811 242 257 40 2696 31 518
internal_value=-0.00176684 -0.00472229 -0.016381 -0.0272909 -0.0140988 0.000594118 -0.0171896 -9.31996e-05 -0.0245622 -0.0561074 -0.0739518 0.00859872 0.00331554 -0.000765039 0.140823 0.00147284 0.0464533 -0.106823 -0.0296284 -0.00971235 0.971532 7.34126 -0.0415372 -0.0263304 0.147651 0.279455 3.17598 0.174172 0.907285 -0.00371729
internal_weight=1470.98 769.233 218.621 133.086 91.2927 85.535 40.7209 550.612 65.0294 41.7934 23.1045 2.70648 23.8507 542.778 1.26142 701.744 7.8343 1.44505 59.1549 22.1356 0.0489413 0.0067647 37.0193 22.6234 0.735674 0.441908 0.015499 0.426409 0.0521979 22.1581
internal_count=2807928 2631994 2437542 2203482 1087389 234060 46796 194452 1034933 1116093 603891 5214 4246 185238 4911 175934 9214 303 1033724 91331 1072 45 942393 441430 28077 3266 282 2984 288 3772
is_linear=0
shrinkage=0.05


Tree=186
num_leaves=31
num_cat=0
split_feature=1 8 1 2 10 8 8 1 4 1 4 4 8 11 4 3 1 3 4 4 8 3 4 4 8 8 8 8 11 8
split_gain=30.6943 117.078 265.058 501.921 284.937 348.716 1630.87 4370.76 6622.09 916.658 948.452 6295.3 2699.08 1884.85 2139.03 2147.78 3120 1559.94 3578.69 3563.41 2136.61 2091.39 462.668 616.715 408.127 497.055 325.28 633.741 282.811 754.978
threshold=0.29459981620311743 0.53671374917030346 0.26766170561313635 0.1012820526957512 1.0000000180025095e-35 0.40922380983829504 0.41191250085830694 0.27639257907867437 0.45867486298084265 0.27639257907867437 0.28759399056434637 0.2930081188678742 0.47466187179088598 1.0000000180025095e-35 0.50274726748466503 0.31851120293140417 0.270728349685669 0.27334994077682501 0.31400561332702642 0.34094446897506719 0.46683587133884435 0.27639257907867437 0.32950541377067571 0.40862709283828741 0.43913836777210241 0.43305535614490515 0.46882475912570959 0.46437034010887152 1.0000000180025095e-35 0.4349645227193833
decision_type=2 2 2 2 2 2 2 2 2 2 2 2 2 2 2 2 2 2 2 2 2 2 2 2 2 2 2 2 2 2
left_child=1 2 -1 -4 5 -5 7 8 -7 10 26 12 -12 -13 15 16 -15 18 -18 -20 -21 22 -19 -24 25 -17 27 28 -8 -30
right_child=-2 -3 3 4 -6 6 9 -9 -10 -11 11 13 -14 14 -16 24 17 21 19 20 -22 -23 23 -25 -26 -27 -28 -29 29 -31
leaf_value=-0.027115386380222529 -0.0013047638659035234 -0.0034886948449678831 -25.61930111525129 -0.33591712190033324 -0.063117646462890684 -160.09636311819327 -0.050046566883550664 -0.050006359560966288 -0.050005090767152011 -0.11267900798531594 -39.845398839030068 -0.8893481838175199 -149.8971300624074 -0.050027426151945109 -2.8974893016861234 -0.050000781371323293 -148.53900023353694 -0.050012751219837587 -0.050035478026183501 -35.955869574028519 -119.83015565759462 -91.96223576022507 -43.626700708334674 -0.050001909073323483 -0.050075604787528309 -49.515405128647103 -0.27534399080512345 -40.44897704451067 -0.050105575701698352 -21.376648130054068
leaf_weight=44.460154344807705 1190.4637405402889 225.35016496990417 0.001955470485848986 4.3768627778234794 6.6143741892328762 0.0012496379075409569 0.020064626907469241 0.0062472454612958472 0.0013386807447659521 0.80018174580076262 0.0012564267233166051 0.11911095539107963 0.0010010201809638186 0.0056406838124587457 0.034679516283176781 0.0010206655621232139 0.0010101758405376415 0.0024756729872024152 0.0023719356415909942 0.0013925300184556293 0.0016697256757409735 0.001087994448667029 0.00229480451549402 0.0012564801024836925 0.0098556649916190509 0.00101080783418106 0.22541499703371026 0.0012376551579709174 0.010122018164764768 0.0070334639376734556
leaf_count=437298 2103209 125466 108 41269 51605 269 452 746 56 33155 187 1861 156 924 810 341 404 431 353 500 458 295 524 210 1106 109 2950 219 1078 1379
internal_value=-0.00481861 -0.019649 -0.0838617 -0.289763 -0.28572 -0.546923 -1.27988 -22.6858 -77.3202 -1.12872 -2.93138 -5.65411 -88.6457 -4.64075 -11.435 -20.959 -31.3 -44.3 -62.1197 -46.055 -81.6892 -28.1598 -16.6421 -28.2088 -4.25629 -24.6627 -1.00045 -5.25057 -4.08014 -8.79364
internal_weight=1472.53 282.064 56.7134 12.2532 12.2513 5.63689 1.26003 0.00883556 0.00258832 1.25119 0.451008 0.187135 0.00225745 0.184878 0.0657667 0.0310871 0.0192 0.0135593 0.00644437 0.00543419 0.00306226 0.00711495 0.00602696 0.00355128 0.0118871 0.00203147 0.263873 0.0384578 0.0372201 0.0171555
internal_count=2807928 704719 579253 141955 141847 90242 48973 1071 325 47902 14747 8669 343 8326 6465 5655 4099 3175 1715 1311 958 1460 1165 734 1556 450 6078 3128 2909 2457
is_linear=0
shrinkage=0.05


Tree=187
num_leaves=31
num_cat=0
split_feature=1 9 1 2 1 9 8 9 11 9 8 9 9 2 9 8 9 9 2 8 9 8 10 11 8 9 9 2 3 3
split_gain=17.3033 75.6012 118.996 367.478 103.602 278.918 4656.87 14722.4 2216.79 3295.61 41843.4 310.745 1113.3 1312.85 1633.99 577.934 57.422 48.0765 621.152 31.3025 115.742 21.6119 19.2256 130.347 102.936 306.156 62.3147 146.594 45.661 530.642
threshold=0.29459981620311743 0.615800440311432 0.26766170561313635 0.091966174542903914 0.27639257907867437 0.41925825178623205 0.50641131401062023 0.40752536058425909 1.0000000180025095e-35 0.40919661521911627 0.44492964446544653 0.4082483053207398 0.41191250085830694 0.270728349685669 0.41065515577793127 0.39721170067787176 0.41799478232860571 0.61060667037963878 0.34330357611179357 0.34054243564605718 0.59384471178054821 0.39915254712104803 1.0000000180025095e-35 1.0000000180025095e-35 0.48499850928783422 0.59026268124580394 0.60169798135757457 0.27334994077682501 0.2290398105978966 0.22401433438062671
decision_type=2 2 2 2 2 2 2 2 2 2 2 2 2 2 2 2 2 2 2 2 2 2 2 2 2 2 2 2 2 2
left_child=1 2 -1 -4 5 6 8 -8 11 -10 -11 -5 13 -13 15 -15 -14 19 -19 20 -7 -18 23 24 25 28 -26 -28 29 -21
right_child=-2 -3 3 4 -6 17 7 -9 9 10 -12 12 16 14 -16 -17 21 18 -20 22 -22 -23 -24 -25 26 -27 27 -29 -30 -31
leaf_value=-0.029360521106258076 -0.0012396485871357132 -0.0022603248476932894 -18.825864688192812 0.032073109495339536 -0.04757230562770793 -0.050124417320246806 -0.050011773435807164 -195.96575800743247 -0.050000287722475202 -339.56048862712828 -0.050325504891231387 -6.456038038079182 -0.61686011537134466 -49.711339060341743 -95.662406866464153 -0.05000332038401635 -0.050036583038139106 -0.050093370925609448 -33.881811116571555 -0.050015982659279118 -7.8130791584419006 -5.5514346943673729 0.00067832051489326393 -0.15937583960842716 -0.051447618940384521 -18.382138948676992 -10.719258009535713 -0.050145703499898157 -1.3905794824630724 -31.339626088270315
leaf_weight=43.175342971975937 1190.3487129218283 226.182281820502 0.0026501281799572443 0.55097972536816664 5.5207379905359364 0.019605089826340349 0.0038582910209399293 0.0012760587049491789 0.011869301754826611 0.0010308883017692396 0.0075842316480001165 0.0078055123231024204 0.076157645651733358 0.0010068194937964403 0.0010458893895037846 0.001401122363745344 0.0022299841232324988 0.01673728055490472 0.0014763943710354504 0.0090478954384706212 0.0063588275750134917 0.0089504270331417501 0.89547236152247922 4.0619467823367419 0.2209779410812871 0.002723507952396175 0.0046821474361422597 0.010306926967132313 0.24583929527545934 0.0015936750950231735
leaf_count=491559 2103209 53801 65 14665 110148 848 314 122 7200 719 198 81 551 65 103 80 46 285 50 302 9 53 3197 16763 1540 36 32 33 1827 27
internal_value=-0.00387432 -0.015033 -0.0676831 -0.209157 -0.204938 -0.345699 -1.30474 -48.7417 -0.94125 -17.1361 -40.6762 -0.430544 -3.01573 -17.8132 -43.48 -20.8146 -1.10808 -0.227896 -2.79248 -0.21937 -1.95135 -4.45416 -0.211122 -0.252741 -1.01863 -1.70646 -0.263066 -3.38286 -1.52938 -4.73593
internal_weight=1471.4 281.053 54.8707 11.6954 11.6927 6.17196 0.675196 0.00513435 0.670062 0.0204844 0.00861512 0.649577 0.0985974 0.0112593 0.00345383 0.00240794 0.0873381 5.49677 0.0182137 5.47855 0.0259639 0.0111804 5.45259 4.55712 0.495171 0.259204 0.235967 0.0149891 0.256481 0.0106416
internal_count=2807928 704719 650918 159359 159294 49146 24197 436 23761 8117 917 15644 979 329 248 145 650 24949 335 24614 857 99 23757 20560 3797 2192 1605 65 2156 329
is_linear=0
shrinkage=0.05


Tree=188
num_leaves=31
num_cat=0
split_feature=4 9 4 4 1 2 9 8 1 1 9 10 2 9 1 11 11 4 4 4 8 8 1 4 9 9 3 10 9 8
split_gain=11.143 53.3461 41.6189 428.176 1305.34 2011.54 2664.94 841.529 212.801 737.118 955.827 121.468 294.355 535.265 28.1364 55.423 12.0664 8.21011 5.85706 5.68825 34.7308 443.872 516.216 5.03907 4.95339 10.1344 7.25002 5.42498 5.83503 23.7013
threshold=0.52851876616477977 0.64226880669593822 0.51471862196922313 0.51668518781661998 0.26766170561313635 0.24525599926710132 0.5766318440437318 0.54912123084068309 0.40238095819950109 0.31643131375312811 0.57207792997360241 1.0000000180025095e-35 0.15535445511341098 0.57207792997360241 0.28388279676437383 1.0000000180025095e-35 1.0000000180025095e-35 0.47140522301197058 0.50274726748466503 0.17712418735027316 0.65133896470069896 0.6553173065185548 0.18065268546342853 0.52223318815231334 0.54176929593086254 0.54587543010711681 0.99056604504585277 1.0000000180025095e-35 0.41396726667881018 0.40093457698822027
decision_type=2 2 2 2 2 2 2 2 2 2 2 2 2 2 2 2 2 2 2 2 2 2 2 2 2 2 2 2 2 2
left_child=1 2 16 4 5 7 -7 11 9 14 -11 12 -4 -14 -6 -16 17 24 -19 20 -18 22 -22 -3 26 -26 27 28 -1 -30
right_child=-2 23 3 -5 8 6 -8 -9 -10 10 -12 -13 13 -15 15 -17 19 18 -20 -21 21 -23 -24 -25 25 -27 -28 -29 29 -31
leaf_value=-0.046436460714319665 -0.00026476070664833431 0.0010700651999434319 -2.9659617686611752 0.00014494001003326844 -0.29941187425314703 -0.050007940160319814 -58.398894628080228 -20.402372313128829 -0.055480956076713397 -0.050207034468995826 -10.322830867619587 -0.050463576261803256 -0.050004158928057575 -49.034499581544345 -0.049737941815008048 -4.8895388381295675 -0.050346384431832328 0.019742121890473134 -0.045490172457413318 -0.07490223300811312 -0.050001662506616744 -0.05000402817211224 49.926751186621026 -0.055104959373578982 0.11532150982509269 -0.022556265673570428 0.0020838719698066019 -0.040483842469078768 -0.29978008924734906 -0.049967159924124517
leaf_weight=4.6442707123205951 1058.859287353577 306.42431916988477 0.016619479038815332 6.5759035580125351 0.31284721120824921 0.0036052324948059322 0.0042800101828106563 0.0073389939823300656 0.62156656227330132 0.042685242207539886 0.048229566515146871 0.027383967702917289 0.0012314733439779948 0.0010192851987085305 0.014212141987627547 0.010132589632576128 0.18613657412945883 14.619833165119926 4.5003222727892078 15.991235492607762 0.0010685596745361172 0.023281356199788661 0.0010004651586541513 4.0448203966483325 1.4515401242636148 16.285923761140996 7.3454183734659173 24.446811261165514 1.3685791554483531 3.1004850419628474
leaf_count=115152 752557 66166 77 66718 104 174 17 43 7341 591 32 113 101 5 124 99 24255 53908 14906 1218071 87 720 52 346 2461 29015 9743 367594 18774 58582
internal_value=-0.00297971 -0.00995519 -0.0413934 -0.15325 -1.06105 -8.14232 -31.721 -4.67315 -0.64631 -1.50413 -5.49975 -2.17745 -5.26408 -22.2333 -0.426821 -2.06413 -0.0322428 -0.0240641 0.00438836 -0.0714953 0.186116 1.92235 24.116 0.000338212 -0.0333409 -0.0112731 -0.0429099 -0.0527578 -0.0856831 -0.126468
internal_weight=1470.98 412.122 101.653 7.68706 1.11115 0.0614784 0.00788524 0.0535932 1.04967 0.428107 0.0909148 0.0462542 0.0188702 0.00225076 0.337192 0.0243447 93.9659 77.7632 19.1202 16.2027 0.211487 0.0253504 0.00206902 310.469 58.643 17.7375 40.9056 33.5601 9.11333 4.46906
internal_count=2807928 2055371 1988859 75539 8821 530 191 339 8291 950 623 296 183 106 327 223 1913320 670135 68814 1243185 25114 859 139 66512 601321 31476 569845 560102 192508 77356
is_linear=0
shrinkage=0.05


Tree=189
num_leaves=31
num_cat=0
split_feature=4 11 9 8 8 9 9 1 11 4 8 1 2 9 9 4 1 8 9 4 1 5 8 1 1 1 1 8 4 1
split_gain=52.0705 669.821 8039.95 58937 379920 1.37189e+06 9.12626 8.39731 7.02801 20.4962 20.5598 8.5136 191.852 5.89439 6.77259 6.14705 6.26121 32.6087 5.68229 21.4959 584.733 5.18451 8.44732 4.95075 4.83452 5.92606 4.80768 8.06859 7.93781 12.5637
threshold=0.17712418735027316 1.0000000180025095e-35 0.64226880669593822 0.65133896470069896 0.6553173065185548 0.53601509332656871 0.54176929593086254 0.19139194488525393 1.0000000180025095e-35 0.55848154425621044 0.48499850928783422 0.11215933039784433 0.21778655797243121 0.41925825178623205 0.41982129216194158 0.57307061553001415 0.25176055729389196 0.97413599491119396 0.70139563083648693 0.55351883172988903 0.18321678787469867 1.0000000180025095e-35 0.37150664627552038 0.26365442574024206 0.16064515709877017 0.12632978707551959 0.18065268546342853 0.68863317370414745 0.47140522301197058 0.2152509689331055
decision_type=2 2 2 2 2 2 2 2 2 2 2 2 2 2 2 2 2 2 2 2 2 2 2 2 2 2 2 2 2 2
left_child=1 6 3 -3 5 -5 -1 -8 26 10 11 12 -10 21 -15 16 17 -16 19 -12 -21 -11 -23 -4 25 -17 -2 28 29 -28
right_child=8 2 23 4 -6 -7 7 -9 9 13 18 -13 -14 14 15 24 -18 -19 -20 20 -22 22 -24 -25 -26 -27 27 -29 -30 -31
leaf_value=-0.061549345506704059 -0.015121745351062461 -0.050329656627416244 -0.0028104188101955108 17.043204256151256 -0.050003832025274919 -2115.2610900912546 0.016401947237646038 -0.042224710958856944 -0.052644080643596283 -0.049200897160559288 -0.048444756674509121 -0.092173891468751101 -10.234403789706832 0.21720186966633392 -0.050056327138257799 0.013889768480452151 0.058893125370448676 2.1002924435243737 -0.0068751314360327529 -30.364097686610236 -0.05029086742155963 0.04432672701332406 -0.06208129978304977 0.30654178693272638 -0.0019606218536948852 0.22352579846488019 0.034797165449472936 0.0071261669781162501 -0.00075208062358744613 -0.023459025668597942
leaf_weight=6.9477313255243933 54.392816002866311 0.17711595366797084 2.0278302303568698 0.0029251169471535823 0.022145995762002713 0.0010164470164117922 24.202686589154538 8.1695756949852676 0.092603663938935266 11.783694470105191 8.6522367277892709 12.113909585061073 0.0048698926945576195 0.36108041438350724 0.073041690674043092 0.93594811081126217 2.799600761131702 0.023239472880959511 23.411143660133227 0.0016493983276636417 0.044780772020914128 4.8275369010143541 3.0394277738205346 0.13814192000495484 143.95410439245919 0.52688715180170642 10.499224210965776 301.46934424665187 771.46792235730265 78.09098931653962
leaf_count=20562 64444 24255 2473 30 720 109 1392 566 10663 308482 274530 1132950 245 1180 1278 1460 9078 1 20302 93 1001 5651 2103 91 66673 608 42449 27507 295978 491054
internal_value=-0.00366699 -0.0587488 -0.875229 -10.3848 -80.5482 -532.834 -0.00955278 0.00160672 -0.00205956 -0.0104457 -0.0406972 -0.0959188 -0.561337 -0.00248021 0.000921423 0.000394869 0.0725274 0.468975 -0.0196963 -0.0542026 -1.12717 -0.0282164 0.00321563 0.0169195 -0.0010416 0.0893969 -0.000592962 8.74017e-05 -0.00237984 -0.0165548
internal_weight=1470.26 41.6892 2.36918 0.203204 0.0260876 0.00394156 39.32 32.3723 1428.57 212.646 44.3212 12.2114 0.0974736 168.325 148.674 148.313 2.89588 0.0962812 32.1098 8.69867 0.0464302 19.6507 7.86696 2.16597 145.417 1.46284 1215.92 1161.53 860.058 88.5902
internal_count=2807928 50198 27678 25114 859 139 22520 1958 2757730 1836298 1439784 1143858 10908 396514 80278 79098 10357 1279 295926 275624 1094 316236 7754 2564 68741 2068 921432 856988 829481 533503
is_linear=0
shrinkage=0.05


Tree=190
num_leaves=31
num_cat=0
split_feature=7 3 10 1 1 0 11 4 9 7 4 8 8 8 8 4 8 3 8 8 1 1 7 8 7 8 3 4 4 9
split_gain=8.21175 43.4381 42.5512 14.6268 12.9233 11.2751 10.1045 9.96294 9.86405 32.7453 9.79005 8.7467 8.55011 23.4255 8.2682 8.22737 7.53898 7.63468 19.4188 7.30856 21.6793 168.405 209.356 6.84001 9.40574 8.57686 7.76498 15.085 207.222 7.65492
threshold=0.26794873178005224 0.60660174489021312 1.0000000180025095e-35 0.27639257907867437 0.26766170561313635 0.11805555596947671 1.0000000180025095e-35 0.53410854935646068 0.62617477774620067 0.64495798945426952 0.99315068125724804 0.64418154954910289 0.37221671640872961 0.37150664627552038 0.41982129216194158 0.15504807978868487 0.47836488485336309 0.19433516263961795 0.42441171407699591 0.70782846212387096 0.30860807001590734 0.30471627414226538 0.21980676054954532 0.30517394840717321 0.056349206715822227 0.4231786727905274 0.60943254828453075 0.57307061553001415 0.56691542267799389 0.5766318440437318
decision_type=2 2 2 2 2 2 2 2 2 2 2 2 2 2 2 2 2 2 2 2 2 2 2 2 2 2 2 2 2 2
left_child=1 2 3 4 12 7 -6 19 9 -2 14 23 13 -1 -10 -4 17 18 -16 -5 21 -21 -23 26 25 -25 27 28 -3 -26
right_child=8 11 15 5 6 -7 -8 -9 10 -11 -12 -13 -14 -15 16 -17 -18 -19 -20 20 -22 22 -24 24 29 -27 -28 -29 -30 -31
leaf_value=0.031631088708889712 0.017576274612225169 -0.05001371408539871 -0.067278501495119977 -0.072666857328037501 -0.30035038218157223 -0.0790680733433448 -0.13569899664442203 0.0065286734207962369 -0.059382065449992638 -1.6212780229822557 0.050210872594385926 0.03861184419713623 -0.086087518178384226 1.3501371635399566 0.53877254946671205 -0.005023479497309467 -0.001653208123321643 0.021046114612320366 0.063131508418432347 -0.050045330173580607 -0.050137382963589355 -0.050026893355672321 20.247482277357584 -0.047660165142042375 5.6973653130825585e-05 0.022656373035243746 0.002241845479076866 -0.050727958721735189 11.552545237415657 -0.032172315681115518
leaf_weight=0.60577313312935821 92.405993525519534 0.035966987569508002 5.7015366791520128 8.1087405770697654 1.1761677977740195 18.994087780596743 4.484835545033075 10.951576717257852 6.0644921026032526 0.030489569755444701 9.3699379605313862 14.175237970434976 6.736650457910569 0.035670839535633547 0.25101956729840225 76.700707736982793 573.54272595954626 14.551887670419509 1.4784998133403844 0.030386923992012649 0.11805009984016651 0.0026232612897274512 0.0024633553803141695 24.143993938607746 137.6315058459638 5.2861072425802638 433.81681994841415 0.062175714652994429 0.0043093796466564518 21.271229850831446
leaf_count=49636 79197 3429 10073 365779 5645 591051 23938 31609 1610 14 7739 1294 238416 595 30 425342 81539 3857 539 275 773 18 23 506838 121294 47411 205735 666 96 3467
internal_value=-0.00210634 -0.00566613 -0.0315798 -0.0673547 -0.113081 -0.0517499 -0.169908 -0.0247442 0.00182276 0.0170357 -0.000500599 -0.000224271 -0.0694786 0.104953 -0.001298 -0.009331 -0.000700789 0.0328499 0.132165 -0.0661962 0.275567 1.35946 9.77969 -0.00110898 -0.00906611 -0.0350302 0.00234463 0.437584 1.1914 -0.00425734
internal_weight=1467.77 770.077 133.649 51.247 13.0391 38.2079 5.661 19.2138 697.695 92.4365 605.259 636.427 7.37809 0.641444 595.889 82.4022 589.824 16.2814 1.72952 8.26226 0.153524 0.0354735 0.00508662 622.252 188.333 29.4301 433.919 0.102452 0.0402764 158.903
internal_count=2807928 2633403 1743173 1307758 318230 989528 29583 398477 174525 79211 95314 890230 288647 50231 87575 435415 85965 4426 569 366868 1089 316 41 888936 679010 554249 209926 4191 3525 124761
is_linear=0
shrinkage=0.05


Tree=191
num_leaves=31
num_cat=0
split_feature=11 4 7 8 7 1 1 7 4 1 4 8 2 7 4 7 8 0 7 3 10 4 4 4 0 3 8 0 2 0
split_gain=19.7071 48.3503 80.5243 2502.08 7064.11 17582.6 212038 94.8244 519.704 3231.56 45.5506 1437.55 2041.69 10.8568 7.66779 19.9352 22.9982 25.1905 7.24595 34.6047 41.0573 21.269 32.4693 84.0673 1451.54 2375.71 39.2925 22.9311 22.3854 10.9973
threshold=1.0000000180025095e-35 0.57735043764114391 0.25462962687015539 0.70782846212387096 0.22902098298072818 0.30471627414226538 0.30860807001590734 0.21980676054954532 0.31400561332702642 0.31519810855388647 0.17712418735027316 0.65133896470069896 0.22401433438062671 0.075498577207326903 0.56691542267799389 0.29289215803146368 0.57979589700698864 0.81666666269302379 0.26794873178005224 0.61938297748565685 1.0000000180025095e-35 0.57307061553001415 0.55848154425621044 0.5604878067970277 0.29285715520381933 0.58123165369033825 1.0000000180025095e-35 0.29285715520381933 0.58102023601531994 0.087121214717626586
decision_type=2 2 2 2 2 2 2 2 2 2 2 2 2 2 2 2 2 2 2 2 2 2 2 2 2 2 2 2 2 2
left_child=18 2 3 10 7 -6 -7 -5 -9 -10 11 -2 -13 -3 -4 16 -16 -18 19 20 21 22 -1 24 -24 -26 27 -25 -29 -23
right_child=1 13 14 4 5 6 -8 8 9 -11 -12 12 -14 -15 15 -17 17 -19 -20 -21 -22 29 23 26 25 -27 -28 28 -30 -31
leaf_value=-0.069134368813577415 -0.050208155889253703 -0.052092254657119835 -0.0075991979809943424 -0.050331536129897159 -0.050033793874500632 -629.61821030972408 -0.050008553581591286 -0.050584866099130044 -96.958946574084464 -0.050053785962392364 -0.076916144682412715 -88.248154210820502 -0.050003103350739847 -4.4423002111260363e-05 -0.050432343999600331 0.080988943299301244 -0.050040030044752007 3.6353455521043134 0.0026913556902152412 6.1741568267568219e-05 -0.0094315652225426087 0.00013376464346098968 -0.050189555550120529 -0.31137532573473486 -0.050004794427338142 -98.132601332611657 -0.10377596828134553 -0.47435273197608441 -1.3864391548074639 -0.076609502734923424
leaf_weight=14.340496424978399 0.08095274879811043 10.718488274869882 32.240385253669182 0.10353703413929569 0.024393528542844933 0.0015087310594026357 0.011778670742842223 0.025964454198742715 0.0010316894336597207 0.0051768375355510099 28.302432956983314 0.0011335317119858237 0.0015580809563289222 153.57979319763382 0.018571806769613342 1.3012422170409079 0.0070447817670356008 0.013564682565629482 548.25375160130545 587.20765584994842 82.925518121291248 10.494241345399702 0.039061053236593035 1.3660035845177843 0.0015651010476176444 0.001019548839849449 3.6221797434449172 0.189370817521194 0.1043357597773138 8.408523421705949
leaf_count=218241 22097 277178 116706 846 418 19 274 64 44 59 1385411 243 85 59811 116 516 88 1 53056 201598 435635 11631 678 533 48 47 4213 56 21 18195
internal_value=-0.00407088 -0.0176489 -0.0552175 -0.116936 -6.10499 -25.2577 -71.5349 -0.787084 -3.15806 -16.1537 -0.0803594 -1.24545 -37.1933 -0.00343992 -0.0027275 0.114448 1.22567 2.3756 -0.00162481 -0.00496382 -0.0292538 -0.0718753 -0.10828 -0.213732 -2.45139 -38.74 -0.196089 -0.397553 -0.798361 -0.034004
internal_weight=1483.39 226.439 62.1403 28.5595 0.173391 0.0376809 0.0132874 0.13571 0.032173 0.00620853 28.3861 0.0836444 0.00269161 164.298 33.5808 1.34042 0.0391813 0.0206095 1256.95 708.7 121.492 38.5668 19.664 5.32354 0.0416457 0.00258465 5.28189 1.65971 0.293707 18.9028
internal_count=2807928 1863976 1526987 1409560 1724 711 293 1013 167 103 1407836 22425 328 336989 117427 721 205 89 943952 890896 689298 253663 223837 5596 773 95 4823 610 77 29826
is_linear=0
shrinkage=0.05


Tree=192
num_leaves=31
num_cat=0
split_feature=7 4 10 0 9 1 1 4 6 7 9 8 7 9 4 7 4 8 9 7 7 8 7 8 7 1 8 4 0 2
split_gain=11.6197 44.7144 32.2926 38.074 10.922 9.79929 13.3883 16.5313 19.4361 15.3587 9.60105 13.6499 8.66397 8.65387 9.3147 8.58259 7.92761 7.50448 10.4706 15.0629 7.66722 7.48941 7.04837 6.68096 7.01465 7.36411 8.21658 6.51564 8.64488 6.35271
threshold=0.26794873178005224 0.57307061553001415 1.0000000180025095e-35 0.46428571641445165 0.54176929593086254 0.5030120611190797 0.46894289553165441 0.56691542267799389 1.0000000180025095e-35 0.24499999731779101 0.54587543010711681 0.65133896470069896 0.20942982286214831 0.62617477774620067 0.99315068125724804 0.64495798945426952 0.43288289010524755 0.64418154954910289 0.5766318440437318 0.14550264924764636 0.26201373338699346 0.41982129216194158 0.15587044507265094 0.47836488485336309 0.31909090280532842 0.2237871661782265 0.42128865420818334 0.58102023601531994 0.63333335518836986 0.61167800426483165
decision_type=2 2 2 2 2 2 2 2 2 2 2 2 2 2 2 2 2 2 2 2 2 2 2 2 2 2 2 2 2 2
left_child=1 2 3 29 12 6 -5 9 -9 -8 11 -6 16 15 21 -2 -4 18 27 -20 -19 -15 -12 24 -23 26 -26 28 -3 -1
right_child=13 17 4 5 10 -7 7 8 -10 -11 22 -13 -14 14 -16 -17 -18 20 19 -21 -22 23 -24 -25 25 -27 -28 -29 -30 -31
leaf_value=-0.084298994318673742 0.016292086250234244 0.019289689398665752 -0.056723399403357015 -0.015983287733040207 0.11695837668454163 -0.018853078492155839 0.094984079536838323 1.9313359332441178 0.39503691654721396 1.0053501861957805 0.049639697638793771 0.96512312912883802 0.029975257028957505 -0.05669555604081309 0.05020084797396044 -0.44471914067299267 -0.002398412466610874 0.038020063030364405 0.0319719936474595 -0.058496094784667933 -0.28596241835644132 -0.061653026505679304 -0.0096581035969446442 -0.0016652537562785773 0.66610641802048842 0.028158770633596255 0.11245821140285778 -0.0019094657023548971 0.18713456354882529 -0.018971942777762991
leaf_weight=47.652136632985133 93.131084681975381 3.0473587055701037 17.329156829783805 2.7341888917214332 1.3763741468456903 14.782249343563761 2.3357673489574617 0.025222471782399114 0.11202513028547401 0.047267610631763435 7.9374455853009573 0.049129272694699355 6.111935583940066 6.0464139770776901 8.9000560954264056 0.10106633400505316 10.964731744205006 14.142174433914075 6.2025339513719286 17.820026985112598 0.18500313946060565 1.8298618954966066 13.593728722496831 573.43596892930861 0.069451988230868733 12.653865732901146 1.9087737672468035 611.75684368525958 1.0252561427241742 4.0367113383219353
leaf_count=1566820 79197 28033 341124 7005 659 34810 4749 31 81 14 2819 2 2362 1610 7739 14 62495 1491 1181 3401 54 1241 3325 81539 13 2574 598 452085 275 120587
internal_value=-0.00307798 -0.00725856 -0.0341519 -0.0565162 -0.00618771 0.00199414 0.060643 0.143773 0.677368 0.113041 0.020522 0.14619 -0.0240093 0.00161278 -0.000572892 0.0157923 -0.0356708 -0.00195175 -0.00275311 -0.0351376 0.0338366 -0.00133117 0.012202 -0.000763685 0.0306416 0.0421838 0.131896 -0.00148984 0.0615436 -0.0791972
internal_weight=1481.34 783.267 129.088 71.7256 57.3625 20.0367 5.25447 2.52028 0.137248 2.38303 22.9567 1.4255 34.4058 698.077 604.844 93.2322 28.2939 654.179 639.852 24.0226 14.3272 595.944 21.5312 589.898 16.462 14.6321 1.97823 615.829 4.07261 51.6888
internal_count=2807928 2633403 2146883 1734097 412786 46690 11880 4875 112 4763 6805 661 405981 174525 95314 79211 403619 486520 484975 4582 1545 87575 6144 85965 4426 3185 611 480393 28308 1687407
is_linear=0
shrinkage=0.05


Tree=193
num_leaves=31
num_cat=0
split_feature=3 7 4 10 9 3 1 2 0 3 4 9 2 2 4 3 9 0 2 0 4 1 4 1 0 4 4 7 2 9
split_gain=10.5818 38.7323 39.1628 42.049 14.2428 8.33943 8.69808 8.10186 22.4184 9.55612 8.95406 6.44925 5.89932 5.78997 6.31524 5.74326 7.78035 5.6926 6.42969 5.46958 40.999 5.37824 6.60941 9.68345 5.73422 16.4954 8.07237 14.6515 6.08679 5.35649
threshold=0.89725545048713695 0.24499999731779101 0.57735043764114391 1.0000000180025095e-35 0.54176929593086254 0.52704679965972911 0.53427231311798107 0.63453349471092235 1.0000000180025095e-35 0.8155706822872163 0.81661397218704235 0.45341086387634283 0.47140522301197058 0.81934732198715221 0.90366768836975109 0.32049381732940679 0.55490627884864818 0.26785714924335485 0.56070175766944896 0.58571431040763866 0.79205974936485302 0.80350878834724437 0.90366768836975109 0.81892696022987377 0.26785714924335485 0.48528139293193823 0.75147059559822094 0.29705883562564855 0.34066730737686163 0.49618232250213629
decision_type=2 2 2 2 2 2 2 2 2 2 2 2 2 2 2 2 2 2 2 2 2 2 2 2 2 2 2 2 2 2
left_child=1 2 3 -1 5 -5 -7 8 15 19 -11 -3 -2 -12 -15 -4 29 -10 -19 -9 -21 24 -23 -24 26 -26 -13 -28 -27 -17
right_child=12 11 7 4 -6 6 -8 9 17 10 13 21 -14 14 -16 16 -18 18 -20 20 -22 22 23 -25 25 28 27 -29 -30 -31
leaf_value=-0.084717421473298499 0.022640502926747959 0.045676201730383781 -0.025961840028366885 -0.044630343211947178 0.026252724137470193 0.15603411368935452 -0.046654527428296427 0.017419966407950769 -0.075987590287858578 -0.045158470372264288 -0.063114365400012945 -0.0009025658938497191 0.00052676654611852889 0.035239401560717559 -0.020683235595973071 0.013631486378882399 -0.04603124483440834 0.009965840936669277 -0.066121515141122952 -0.050425877881293227 2.398547104133633 0.038809413340478244 -0.61357858444907754 -0.03549205487317094 0.07962526037583334 0.092211676693996616 -0.081829711720080314 0.049686763794368809 -0.029413441408962612 0.070509409298623704
leaf_weight=44.424768688284566 31.584346368735851 7.7210306429308266 11.898387164806577 23.71657496073917 14.162351183683247 1.1040004727725539 1.0167974469948147 42.384525118741657 15.769485169298479 15.644796400276453 2.8673103363325962 456.17818006473141 668.32430437239782 12.492311277961564 8.472218885945038 16.664292295223035 4.2582302171106496 5.384490313346519 5.7325991634293318 0.10502728185474453 0.020411513953149552 15.014306747390949 0.075169291609199163 1.9958562357314802 3.9924090167567163 1.0538622788762868 2.434063464432259 16.292438778706128 43.054950621508453 5.5073684696836116
leaf_count=1624021 44771 9214 33273 401910 5715 1916 1848 109131 126976 31677 2496 178955 131163 1382 368 19471 1380 40671 32854 281 8 1488 18 595 606 37 102 945 2492 2164
internal_value=-0.00293789 -0.00694513 -0.0240862 -0.051234 -0.0140465 -0.0361358 0.0588569 -0.00851611 -0.0216685 0.00194573 -0.0157682 0.000302465 0.00152468 0.00352554 0.0126399 0.00288468 0.015871 -0.0566704 -0.0292691 0.0183957 0.348073 -0.000346188 0.0272595 -0.0564741 -0.001248 -0.0176985 0.000418208 0.0325923 -0.0265075 0.0277598
internal_weight=1479.35 779.438 231.626 84.4245 39.9997 25.8374 2.1208 147.201 65.2149 81.9866 39.4766 547.812 699.909 23.8318 20.9645 38.3283 26.4299 26.8866 11.1171 42.51 0.125439 540.091 17.0853 2.07103 523.006 48.1012 474.905 18.7265 44.1088 22.1717
internal_count=2807928 2631994 2437542 2035410 411389 405674 3764 402132 256789 145343 35923 194452 175934 4246 1750 56288 23015 200501 73525 109420 289 185238 2101 613 183137 3135 180002 1047 2529 21635
is_linear=0
shrinkage=0.05


Tree=194
num_leaves=31
num_cat=0
split_feature=7 3 10 9 8 8 7 8 3 8 7 8 2 2 8 9 9 7 8 8 7 7 7 9 8 8 9 9 8 3
split_gain=9.78888 58.2379 50.9017 7.6829 7.38148 6.55445 6.11979 21.9441 6.09877 5.91329 6.08923 5.86826 10.2367 18.5604 54.0117 56.0528 66.0324 7.02756 9.80472 5.56132 12.8889 5.28462 5.45303 6.29171 9.057 7.4 10.8946 6.71742 6.46435 5.45412
threshold=0.26794873178005224 0.61938297748565685 1.0000000180025095e-35 0.62617477774620067 0.71812930703163158 0.41982129216194158 0.36602871119976049 0.41686412692070013 0.70678734779357921 0.47836488485336309 0.31909090280532842 0.50920382142066967 0.32049381732940679 0.32305502891540533 0.53171876072883617 0.50920382142066967 0.51075392961502086 0.11269841343164445 0.51628047227859508 0.63897106051445018 0.44097222387790685 0.64495798945426952 0.39444445073604589 0.59384471178054821 0.75093984603881847 0.5265987515449525 0.53171876072883617 0.54587543010711681 0.44255042076110845 0.41223156452178961
decision_type=2 2 2 2 2 2 2 2 2 2 2 2 2 2 2 2 2 2 2 2 2 2 2 2 2 2 2 2 2 2
left_child=1 2 11 21 -3 6 7 -5 -8 10 -7 -1 -13 14 15 -14 -17 18 -15 20 -11 22 23 25 -25 26 28 -27 29 -2
right_child=3 4 -4 5 -6 9 8 -9 -10 19 -12 12 13 17 -16 16 -18 -19 -20 -21 -22 -23 -24 24 -26 27 -28 -29 -30 -31
leaf_value=-0.07459231899678144 -0.061285949192437676 -0.00052435293470037088 -0.0083315240400657058 -0.10297936057114737 0.056776942004196487 -0.05664315388570669 -0.067808427865506768 -1.3455382861455976 0.054285831192492674 -0.034529284385274833 0.039676493326555227 -0.073874644143555865 -0.050125877320926673 0.81552785538235362 -0.050034409221815637 9.7990721865770016 -0.050004466198653133 -0.0094408152978166671 0.10541071875638548 0.0012904175387124539 0.0028990310844843915 -0.2821930681815113 0.042346375163979801 0.031026006512762196 0.32888175692225308 -0.038899792678021149 -0.023558935854155826 0.0068046393676385215 0.070859710172443538 0.034178486674531432
leaf_weight=53.301709879325614 1.9911232541538337 624.00817053072706 81.917024639690112 1.8550096890464391 5.6713181682662244 1.8421870142517978 2.5415959088468298 0.036226259495421576 1.7115893886075353 37.985523504988514 15.014634802452358 8.1168497915259383 0.0057151767131252695 0.057641728631806444 0.034536135045641458 0.0050764913668217559 0.002559969367780468 5.2099701082783527 0.31018724035871353 484.62902820804288 58.310593618325989 0.14953020437462683 15.530166281140394 18.513818025470631 0.25878607866533698 14.870394063192547 9.0103996582208179 17.501197025149082 9.9025533119009594 6.0188775697624841
leaf_count=1168868 3591 838461 435635 965 500 1263 542 54 99 17784 3335 116786 290 2136 1770 12 286 55137 13522 65416 5856 14 8102 17835 111 16613 8768 17209 6285 683
internal_value=-0.00280523 -0.00665917 -0.0347735 0.00149597 -8.25883e-06 -0.000571282 -0.0519493 -0.12678 -0.0186746 -4.31832e-05 0.0291503 -0.0670812 -0.0379484 0.0138866 0.994041 3.69471 6.49737 0.00547154 0.216692 -0.000890295 -0.0118652 0.0148134 0.0152879 0.00990505 0.035132 0.0019182 0.0212868 -0.0141904 0.0438452 0.010448
internal_weight=1476.31 778.641 148.961 697.673 629.679 603.926 6.14442 1.89124 4.25319 597.782 16.8568 67.0442 13.7425 5.62569 0.0478878 0.0133516 0.00763646 5.5778 0.367829 580.925 96.2961 93.7468 93.5973 78.0671 18.7726 59.2945 26.923 32.3716 17.9126 8.01
internal_count=2807928 2633403 1794442 174525 838961 95314 1660 1019 641 93654 4598 1358807 189939 73153 2358 588 298 70795 15658 89056 23640 79211 79197 71095 17946 53149 19327 33822 10559 4274
is_linear=0
shrinkage=0.05


Tree=195
num_leaves=31
num_cat=0
split_feature=3 7 2 10 3 3 8 3 1 7 2 3 9 0 3 1 1 7 9 8 9 8 8 2 7 1 3 1 3 3
split_gain=9.21433 33.4502 30.223 38.545 8.20901 7.72515 9.17895 20.1767 8.24221 22.0307 450.755 449.205 13.5532 10.4751 8.19604 7.65219 19.5255 17.005 7.37785 7.33016 5.73747 5.67024 9.85747 5.23346 5.0147 4.95302 5.03828 5.65437 4.91385 9.26847
threshold=0.89725545048713695 0.24499999731779101 0.63453349471092235 1.0000000180025095e-35 0.8155706822872163 0.61167800426483165 0.19530533254146579 0.60660174489021312 0.30860807001590734 0.23669467866420749 0.29459981620311743 0.32305502891540533 0.238968200981617 1.0000000180025095e-35 0.32757078111171728 0.32466214895248419 0.32305502891540533 0.21240601688623431 0.59026268124580394 0.48993107676506048 0.45341086387634283 0.56536731123924266 0.5953289568424226 0.47140522301197058 0.1490740776062012 0.82807883620262157 0.84924244880676281 0.75181159377098095 0.97014260292053234 0.93440860509872448
decision_type=2 2 2 2 2 2 2 2 2 2 2 2 2 2 2 2 2 2 2 2 2 2 2 2 2 2 2 2 2 2
left_child=1 2 3 5 -4 6 7 -1 9 12 -11 -12 -8 14 -10 16 -16 -18 19 -5 -3 -21 24 -2 -23 26 -22 -28 29 -25
right_child=23 20 4 18 -6 -7 8 -9 13 10 11 -13 -14 -15 15 -17 17 -19 -20 21 25 22 -24 28 -26 -27 27 -29 -30 -31
leaf_value=-0.060575416836190603 0.021256304364517226 0.042805232104860536 0.015566900684892155 -0.006923123265369229 -0.015645978006245044 -0.027045661651220184 0.5329929185221608 -0.2237767072776915 -0.071800110481759952 -0.050389582699107552 -46.242395241856087 -0.050005400658457426 -0.099255471801996981 -0.07018634994202258 0.11578812149041114 0.0043380965168520929 -0.050096361578545169 2.2107093905568198 0.021146381014074317 -0.058860136962828297 -0.00067783529813797341 0.18169554659022447 -0.070132273014668178 -0.0012744869185593952 0.016512611491156029 0.032141888483092025 0.0050219274721900499 -0.11147609728635054 -0.00069562530213203939 0.044407711264135272
leaf_weight=5.208063033346745 31.770771502646767 7.7919087454384899 45.232015852290559 39.745609004003718 39.426431580227515 12.179151087311025 0.085370884078842191 2.9760232191781597 4.1721850752031395 0.039819813648485858 0.0010824017501818153 0.0010244429610111183 11.901211051505614 24.661190134808642 0.28550607398396088 8.2382601948909997 0.013334490683064359 0.022106554897391106 14.201352368350852 14.827149012264847 523.72557288998462 0.84660252270960024 1.8969257612388899 29.288314094551083 1.0047800313193169 11.438919822405294 1.9941664856460182 2.1804064073949121 620.95980920534259 17.882804826808297
leaf_count=30365 44771 9214 187264 416210 46796 480373 1079 1029 99560 328 52 38 419328 571164 9456 153876 1442 70 1702 14971 183337 891 849 3804 699 1751 90 60 125480 1879
internal_value=-0.00272847 -0.00648749 -0.022625 -0.0366979 0.0010307 -0.0632255 -0.0708748 -0.119921 -0.0627528 -0.0987545 -1.2429 -23.7816 -0.0947525 -0.0511717 -0.0143396 0.0136695 0.253192 1.36009 -0.0111718 -0.0190414 0.000206815 -0.0449705 0.00997243 0.00142903 0.0920477 -0.000408611 -0.00111394 -0.0558257 0.000486209 0.0160439
internal_weight=1474 774.096 226.965 142.307 84.6584 69.7843 57.6052 8.18409 49.4211 12.0285 0.0419267 0.00210684 11.9866 37.3926 12.7314 8.55921 0.320947 0.035441 72.5224 58.3211 547.131 18.5755 3.74831 699.902 1.85138 539.339 527.9 4.17457 668.131 47.1711
internal_count=2807928 2631994 2437542 2203482 234060 1768160 1287787 31394 1256393 420825 418 90 420407 835568 264404 164844 10968 1512 435322 433620 194452 17410 2439 175934 1590 185238 183487 150 131163 5683
is_linear=0
shrinkage=0.05


Tree=196
num_leaves=31
num_cat=0
split_feature=7 3 10 4 0 9 4 4 7 2 4 4 4 4 4 7 3 7 9 10 6 7 4 2 4 0 5 9 4 2
split_gain=8.32889 49.7005 45.5033 12.405 9.45158 6.7755 8.84649 6.58312 5.89824 7.82115 5.48654 4.97017 6.10394 5.10884 4.84585 4.821 5.89489 4.76649 8.29089 7.85263 9.04029 8.06275 7.78153 6.65422 6.223 9.41219 7.41348 6.12589 6.84051 10.0629
threshold=0.26794873178005224 0.61938297748565685 1.0000000180025095e-35 0.5912291705608369 1.0000000180025095e-35 0.62617477774620067 0.99315068125724804 0.15504807978868487 0.22902098298072818 0.11215933039784433 0.35585997998714453 0.25176055729389196 0.26365442574024206 0.28759399056434637 0.35751880705356603 0.22474747896194461 0.5912291705608369 0.48809523880481726 0.75249087810516369 1.0000000180025095e-35 1.0000000180025095e-35 0.44722221791744238 0.69416099786758434 1.0000000180025095e-35 0.87026646733284008 0.70833334326744091 1.0000000180025095e-35 0.7807200849056245 0.25176055729389196 0.14415584504604342
decision_type=2 2 2 2 2 2 2 2 2 2 2 2 2 2 2 2 2 2 2 2 2 2 2 2 2 2 2 2 2 2
left_child=1 2 3 -1 -5 10 17 8 -4 -10 -2 -9 -13 -14 -12 16 -15 19 -19 20 27 23 -22 -21 -24 -26 -27 -7 29 -29
right_child=5 -3 7 4 -6 6 -8 11 9 -11 14 12 13 15 -16 -17 -18 18 -20 21 22 -23 24 -25 25 26 -28 28 -30 -31
leaf_value=-0.079995773207345369 -0.018293216910945497 -4.4685248148290697e-05 -0.08235930136748193 -0.0022220764241534952 -0.066790830075699401 -0.044063877945186097 0.050192159512390623 0.02859233666890575 0.25364652300746859 -0.064009297363427267 0.31965753511969935 -0.059249752429514559 0.058350019791416824 0.0044245070946410635 0.01793225789318929 -0.033166699248542243 -0.090583088366024841 0.022893610001890129 -0.00061115919492237989 0.061198993777098171 -0.029037357713610309 -0.043282334440516532 0.029276758631783858 0.0023657691232279593 0.04977311482137739 -0.23868424178761305 -0.047541099907492335 -0.054163843047088656 -0.018594910632915525 0.18829305628828452
leaf_weight=41.760399903519811 11.610459131397063 629.6711042441201 4.6388682474206169 11.495086777917519 11.179730042308281 35.438928065598816 8.4694833460962382 10.266243369219309 0.32502588513307262 0.47985721949953586 0.13328751843705688 5.4976599381729576 3.0955473617887739 41.331386871319282 82.239335105032467 13.93453369841154 1.69981848358202 41.909380185681471 357.97360925789428 5.0627689494285724 15.324550796594847 9.3184582825633679 19.070351466565629 94.794594483042601 1.8957267787773151 0.67792244441807303 2.0152506278827786 0.72623769308847652 9.2824797111841217 1.0419263998192043
leaf_count=1279195 48662 838961 10013 29013 50599 46958 7739 67566 22 38 475 15796 41892 297640 30074 2161 507 7793 24074 63 546 197 311 5158 81 16 125 76 1864 313
internal_value=-0.00256864 -0.00613407 -0.0324498 -0.06383 -0.0340574 0.0013978 -0.000548431 -0.00756953 -0.0606801 0.0642657 0.013885 -0.00375654 -0.00882223 -0.00420639 0.0184205 -0.00760573 0.000671517 -0.00127126 0.00185224 -0.00768811 -0.0190382 0.00119783 -0.00128071 0.00534861 0.0166978 -0.0355772 -0.0956554 -0.0339287 -0.00142573 0.0887088
internal_weight=1472.36 775.375 145.704 64.4352 22.6748 696.985 603.002 81.2689 5.44375 0.804883 93.9831 75.8252 65.5589 60.0613 82.3726 56.9657 43.0312 594.532 399.883 194.649 85.4734 109.176 38.9838 99.8574 23.6593 4.5889 2.69317 46.4896 11.0506 1.76816
internal_count=2807928 2633403 1794442 1358807 79612 174525 95314 435635 10073 60 79211 425562 357996 342200 30549 300308 298147 87575 31867 55708 50290 5418 1079 5221 533 222 141 49211 2253 389
is_linear=0
shrinkage=0.05


Tree=197
num_leaves=31
num_cat=0
split_feature=7 3 10 8 3 8 9 8 7 8 8 7 8 7 8 3 8 8 7 12 9 2 2 2 0 8 7 3 8 10
split_gain=7.54552 45.7365 45.2667 7.74925 12.056 7.04993 6.09563 5.92276 8.62378 8.06813 7.10514 17.7252 5.90825 5.6999 5.28922 6.10645 6.85414 5.37169 12.7775 5.03118 7.37349 5.00138 5.45882 4.97294 13.2134 8.62195 4.91801 5.65385 5.05582 4.58231
threshold=0.26794873178005224 0.61414393782615673 1.0000000180025095e-35 0.19530533254146579 0.60660174489021312 0.64418154954910289 0.62617477774620067 0.30517394840717321 0.056349206715822227 0.4231786727905274 0.54589802026748668 0.1490740776062012 0.41982129216194158 0.053342817351222045 0.48157843947410589 0.19433516263961795 0.42441171407699591 0.63897106051445018 0.44097222387790685 1.0000000180025095e-35 0.34930197894573217 0.34178434312343603 0.34066730737686163 0.3483316451311112 1.0000000180025095e-35 0.23825291544198993 0.36602871119976049 0.70678734779357921 0.41910465061664587 1.0000000180025095e-35
decision_type=2 2 2 2 2 2 2 2 2 2 2 2 2 2 2 2 2 2 2 2 2 2 2 2 2 2 2 2 2 2
left_child=1 2 3 4 -1 7 -2 13 9 -9 -10 -12 26 19 15 16 -14 18 -16 21 -21 22 -3 25 -25 -5 28 -28 -8 -22
right_child=6 5 -4 23 -6 -7 12 8 10 -11 11 -13 14 -15 17 -17 -18 -19 -20 20 29 -23 -24 24 -26 -27 27 -29 -30 -31
leaf_value=-0.058607369430561856 0.013154650422401014 0.055182340113731021 -0.007195609949621054 0.32657252816666871 -0.18163298037084949 0.035231411516370957 -0.096486148501220184 -0.046781449355272252 0.0014652573388762588 0.021974651226415717 0.024783953557488761 -0.053563199460909754 0.28258979183396898 0.031150833984042611 -0.03504146452760621 0.015512957671502209 0.060898634053111966 0.0012448086955256709 0.0028994434835951008 -0.042465009508864816 -0.050092839470364053 0.0017196958268628827 0.42450904175240334 0.00014866629540210522 -0.06779408040245774 -0.079849853924906178 -0.066175710020407105 0.053209230542503927 -0.46921044702401959 0.12494981900466021
leaf_weight=4.8043245959977039 94.200838343397095 2.6799340631118862 81.076358803610447 0.13137166418385859 3.4011428528851297 13.80886515383497 1.8681050496563774 22.793739512236886 126.27239137521023 5.2492806462897894 11.323176004927673 19.917679287127218 0.43036668814334889 16.48138362367979 36.310144027716788 16.642805532534346 1.8363304923136052 483.68870598968908 57.066644653595958 11.997725632785828 0.55191550213720453 400.00468325455631 0.10393015722092958 10.713366687929748 21.550554450682952 19.529837454171226 2.4857337675553026 1.6499951293808406 0.095640140171440069 1.1590741307654753
leaf_count=30367 79211 801 435497 2324 1131 1269 1000 493252 114958 46111 3573 3575 30 7837 17486 4386 593 65416 5743 138892 20309 36047 20 162185 529897 605300 542 99 19 58
internal_value=-0.0024487 -0.00584752 -0.0315755 -0.0644479 -0.109601 -0.000102274 0.00132733 -0.000891102 -0.00836497 -0.0339112 -0.00381682 -0.0251665 -0.000523182 0.00231188 -2.2103e-05 0.0259989 0.10299 -0.000874769 -0.0118541 0.00117068 -0.0286172 0.0021845 0.0689704 -0.0573125 -0.0452334 -0.0771342 -0.0494833 -0.0185458 -0.114639 0.0684861
internal_weight=1469.83 773.551 141.207 60.1306 8.20547 632.344 696.275 618.535 185.556 28.043 157.513 31.2409 602.074 432.979 595.975 18.9095 2.2667 577.065 93.3768 416.497 13.7087 402.789 2.78386 51.9251 32.2639 19.6612 6.09947 4.13573 1.96375 1.71099
internal_count=2807928 2633403 1766701 1331204 31498 866702 174525 865433 661469 539363 122106 7148 95314 203964 93654 5009 623 88645 23229 196127 159259 36868 821 1299706 692082 607624 1660 641 1019 20367
is_linear=0
shrinkage=0.05


Tree=198
num_leaves=31
num_cat=0
split_feature=3 7 4 10 9 3 1 8 6 0 3 8 3 9 4 9 4 1 4 1 0 6 0 0 7 4 1 0 3 4
split_gain=6.97647 25.4203 27.7181 31.9877 11.9369 7.31867 7.35611 7.16451 6.4195 15.0988 8.33968 9.25678 5.59506 8.71043 5.69087 5.19458 10.617 5.04506 10.5045 9.69445 8.19242 8.04116 8.35187 10.9065 12.7774 9.33157 9.08819 7.30187 6.40749 6.23097
threshold=0.89725545048713695 0.24499999731779101 0.57735043764114391 1.0000000180025095e-35 0.54176929593086254 0.52704679965972911 0.53427231311798107 0.32444286346435552 1.0000000180025095e-35 1.0000000180025095e-35 0.61414393782615673 0.6553173065185548 0.32757078111171728 0.55490627884864818 0.57804551720619213 0.46882475912570959 0.93063354492187511 0.77032968401908886 0.71010184288024913 0.76277056336402904 0.77500000596046459 1.0000000180025095e-35 0.63333335518836986 0.81666666269302379 0.69615384936332714 0.81661397218704235 0.99056604504585277 0.26785714924335485 0.95119047164917003 0.99315068125724804
decision_type=2 2 2 2 2 2 2 2 2 2 2 2 2 2 2 2 2 2 2 2 2 2 2 2 2 2 2 2 2 2
left_child=1 2 3 -1 5 -5 -7 -6 9 12 11 -11 -4 14 -14 -12 -17 18 20 27 -2 -19 -23 24 25 -24 -25 -20 -29 -28
right_child=17 -3 8 4 7 6 -8 -9 -10 10 15 -13 13 -15 -16 16 -18 21 19 -21 -22 22 23 26 -26 -27 29 28 -30 -31
leaf_value=-0.076026436336605038 0.014313951808416501 0.00017646860830533811 -0.02367180128091112 -0.041297888850406521 0.44682527015203699 0.13944749521165917 -0.045535595846461316 0.021338068808157553 0.0075618066441942664 -0.076429573742265861 -0.013591937671226129 0.3716027508200308 0.37898837453090539 -0.043154613835922 0.026454928014033527 -0.068367586583295836 0.40772303531681131 0.012118953650480744 0.16320446924008544 0.072740602117421505 0.072179366088724231 0.018500959328060937 -0.0029013274984529339 0.052400143539884404 -0.11966868680871584 -0.042228146661925613 -0.0079780149259612333 0.11088851431777316 -0.013267413290131494 0.0088998298066779863
leaf_weight=38.856475074328195 111.71203320395574 546.24792223808868 11.40392390212846 22.779399886166505 0.099627634537681753 1.1756949759956108 0.98996439159805039 14.246933552740563 50.187934034182547 11.013902673914838 30.866464760978594 0.11650671623192543 0.11494944968149212 5.0991179570774028 27.846000721181468 7.150891269543215 0.11905135872075323 90.520478297320096 0.6030146800167121 3.7095788749957128 6.4709646052547773 36.478324023954428 34.691461912978411 7.3159994045599879 3.3934702934348016 26.688179527955072 231.76158467389814 1.0542409553563619 72.764465215417658 71.57151733522187
leaf_count=1624021 109534 194452 34340 401910 33 1916 1848 5682 92380 39955 203293 9 262 1368 21536 8981 8 11140 149 550 557 4336 3137 480 414 1883 20233 204 13848 9469
internal_value=-0.00233417 -0.00562233 -0.0198864 -0.0438587 -0.0120472 -0.0329473 0.0548882 0.0242928 -0.00686943 -0.0145966 -0.0336612 -0.0717398 0.00652723 0.0169442 0.0279042 -0.0225476 -0.0605712 0.00128141 0.00807822 -0.00614659 0.0174823 -0.00137435 -0.00433968 -0.00655901 -0.0252224 -0.0200008 -0.00266752 -0.0100788 -0.0114943 -0.00399568
internal_weight=1467.05 768.315 222.067 78.1481 39.2916 24.9451 2.16566 14.3466 143.919 93.7308 49.2668 11.1304 44.464 33.0601 27.961 38.1364 7.26994 698.735 196.314 78.1313 118.183 502.421 411.901 375.422 64.7731 61.3796 310.649 74.4217 73.8187 303.333
internal_count=2807928 2631994 2437542 2035410 411389 405674 3764 5715 402132 309752 252246 39964 57506 23166 21798 212282 8989 175934 124842 14751 110091 51092 39952 35616 5434 5020 30182 14201 14052 29702
is_linear=0
shrinkage=0.05


Tree=199
num_leaves=31
num_cat=0
split_feature=2 7 0 5 8 7 6 10 2 8 0 9 8 4 0 2 4 4 2 4 4 2 2 8 8 2 10 4 4 8
split_gain=6.40199 27.2589 17.772 11.7798 7.4484 17.0315 11.2131 13.1617 14.1405 7.36242 6.13023 5.90549 5.53437 5.11686 7.31408 5.08569 20.835 4.72026 6.40631 4.38261 17.0026 22.0542 32.0536 16.2363 4.22006 8.11083 4.93334 4.14187 3.90344 3.81844
threshold=0.63702240586280834 0.065591398626565947 0.46428571641445165 1.0000000180025095e-35 0.38115416467189794 0.2788888961076737 1.0000000180025095e-35 1.0000000180025095e-35 0.34525330364704138 0.41519744694232946 0.15476191043853763 0.71471861004829418 0.70782846212387096 0.75147059559822094 0.29285715520381933 0.34330357611179357 0.23294574022293094 0.80259740352630626 0.53248947858810436 0.64051282405853283 0.63453349471092235 0.55403152108192455 0.60943254828453075 1.0000000180025095e-35 0.42441171407699591 0.19399641454219821 1.0000000180025095e-35 0.59675306081771862 0.88067796826362621 0.43085423111915594
decision_type=2 2 2 2 2 2 2 2 2 2 2 2 2 2 2 2 2 2 2 2 2 2 2 2 2 2 2 2 2 2
left_child=1 2 3 11 28 6 7 8 15 -7 -2 -1 -8 24 -15 -6 -17 -9 -19 20 27 -22 23 -23 25 26 -11 -4 -3 -26
right_child=10 4 19 -5 5 9 12 17 -10 13 -12 -13 -14 14 -16 16 -18 18 -20 -21 21 22 -24 -25 29 -27 -28 -29 -30 -31
leaf_value=-0.057492974369583727 0.025092872627174259 0.022440227182225159 0.021134025352951585 0.10281950438157501 -0.080615895301305265 -0.058486514399447048 0.0088071457766388198 -0.01163738757340925 -0.018924156007376413 0.067837164012313808 0.00016528441878620848 0.12479143643053528 0.150255428777228 0.04886241702414626 -0.010236035061773702 -1.4715271578310263 -0.14716377286065313 -0.020340433068999252 -0.17940338250308674 -0.019994213331510354 -0.050493789948958284 1.5217076715910594 -0.050378971536819722 -0.050032004192550467 -0.075435531269054321 0.0087931691787194108 0.32554977566033949 -0.051008833907034506 -0.15261615242879245 0.00020826045272928856
leaf_weight=47.258003190054289 25.53661742808913 33.343814567260893 10.943707736430946 1.2002482102291185 16.791654750104289 5.1830988000252765 19.320478811376066 64.183292173272775 15.8424733704363 0.35380253243604709 721.43360429558936 0.44853819374112092 0.71720322291457606 13.023439589476768 8.7547357016592269 0.03293522152658318 0.30209130159644254 1.7205308689735823 1.0014619953290091 18.370337704711346 0.17975852829249639 0.095407767803408206 0.080263779857432382 0.019849604571845703 1.6744971681170557 1.9265571724054393 0.39083486050367355 2.431575903201975 0.32151354366578644 452.34711944958786
leaf_count=1429097 3926 184340 27399 2397 400972 3960 23130 66746 201982 192 308182 3 32 917 544 256 5440 32 32 10764 302 12 153 224 1017 1258 9 4001 30 130579
internal_value=-0.0022234 -0.00559383 -0.0329097 -0.0518869 -0.00212046 -0.00339714 -0.0202654 -0.0271139 -0.0529708 0.000785001 0.00101748 -0.0557791 0.01387 0.00142707 0.0251051 -0.0844645 -0.277357 -0.0143724 -0.0788621 -0.0040154 0.0173318 0.349258 0.716782 1.25102 0.00029794 0.0629597 0.203102 0.00801873 0.0207684 -7.07248e-05
internal_weight=1465.23 718.259 81.0277 48.9068 637.232 603.566 119.912 99.8744 32.9692 483.654 746.97 47.7065 20.0377 478.471 21.7782 17.1267 0.335027 66.9053 2.72199 32.1209 13.7506 0.37528 0.195521 0.115257 456.693 2.67119 0.744637 13.3753 33.6653 454.022
internal_count=2807928 2495820 1474352 1431497 1021468 837098 698622 675460 608650 138476 312108 1429100 23162 134516 1461 406668 5696 66810 64 42855 32091 691 389 236 133055 1459 201 31400 184370 131596
is_linear=0
shrinkage=0.05


Tree=200
num_leaves=31
num_cat=0
split_feature=3 7 4 10 9 3 7 9 3 9 1 2 3 1 3 3 4 4 0 9 7 4 9 1 4 7 9 7 9 9
split_gain=5.96293 21.4046 24.7262 31.6492 10.3562 7.12576 9.0709 4.97214 4.7774 4.69897 5.31907 4.61047 4.58876 4.68563 4.02688 8.55608 10.3152 5.61963 4.52857 4.28178 10.9982 9.78288 6.29669 4.24591 9.10187 10.4027 21.8691 4.22545 7.55572 4.50984
threshold=0.89725545048713695 0.24499999731779101 0.59317129850387584 1.0000000180025095e-35 0.53866082429885875 0.4654348641633988 0.07275132462382318 0.45341086387634283 0.27639257907867437 0.47285011410713201 0.83457711338996898 0.47140522301197058 0.84924244880676281 0.75181159377098095 0.97014260292053234 0.93440860509872448 0.94826048612594616 0.89059829711914074 0.35416667163372045 0.81844761967659008 0.55902779102325451 0.99315068125724804 0.6209508776664735 0.52240803837776195 0.71010184288024913 0.84900286793708812 0.90377491712570202 0.53589746356010448 0.69056183099746715 0.73097601532936107
decision_type=2 2 2 2 2 2 2 2 2 2 2 2 2 2 2 2 2 2 2 2 2 2 2 2 2 2 2 2 2 2
left_child=1 2 3 -1 5 -5 -7 8 -3 -9 12 -2 -11 -14 15 16 17 -13 -16 20 27 23 -22 24 25 26 -21 29 -29 -20
right_child=11 7 -4 4 -6 6 -8 9 -10 10 -12 14 13 -15 18 -17 -18 -19 19 21 22 -23 -24 -25 -26 -27 -28 28 -30 -31
leaf_value=-0.072844484867179801 0.019781499715037079 -0.034141252386849473 -0.0056474577697637968 -0.041250590391043777 0.022097328209097277 -0.1692401422122792 0.060767849840107781 -0.052674263484813889 0.059892034600295269 -0.00030155748725985436 0.036591414367036536 -0.010849024529451584 0.0047433968118645005 -0.099714421147301183 -0.037685798436643089 0.042143275977409356 -0.099902094062240987 0.036488922306221763 -0.00026401816385882585 0.050275193077013218 -0.22506749180918051 0.0501642716673842 0.075468945866998122 -0.015089118285253379 0.052808793665629808 0.051464552376587272 -0.62645124622897563 -0.33350373702488045 -0.029364940749215418 0.021719505315267389
leaf_weight=38.936990808416589 31.901752604076478 1.7267251503269507 138.36513691325285 21.101873540392262 15.665055999605878 0.48970094586445556 3.4383762326883698 4.275735366828143 6.2031062128495522 519.33345547353383 9.7247596444467472 16.674796493507991 1.9760242636921237 2.350646310733282 8.1851279458471691 17.488424788093198 2.4672502284811335 10.046917245541406 505.623442810558 0.20090475579490774 0.17938268114812572 5.9283335812797295 6.1319261315802578 67.523302071640501 0.51487811165861785 0.23612242029048502 0.2942157193319872 0.2556005046935742 1.0156248682760631 24.458087445338606
leaf_count=1681040 44771 3423 340593 399768 6229 8284 1628 4910 5791 178526 1647 2771 88 67 16848 1879 154 879 88643 44 12 5971 809 10576 59 46 37 14 101 2320
internal_value=-0.00212407 -0.00517877 -0.0184223 -0.0406192 -0.00978605 -0.0297403 0.0320935 0.000112825 0.0394162 -0.000466851 -4.83449e-05 0.00121229 -0.000728773 -0.0520077 0.000324443 0.0144874 -0.00208255 0.00694925 -0.000740888 -0.000247064 0.00131133 -0.0114641 0.066927 -0.0167769 -0.108231 -0.221622 -0.351856 0.000531956 -0.090517 0.000750307
internal_weight=1462.71 763.588 217.997 79.632 40.695 25.03 3.92808 545.59 7.92983 537.661 533.385 699.126 523.66 4.32667 667.224 46.6774 29.189 26.7217 620.547 612.362 537.664 74.6978 6.31131 68.7694 1.24612 0.731243 0.49512 531.353 1.27123 530.082
internal_count=2807928 2631994 2437542 2096949 415909 409680 9912 194452 9214 185238 180328 175934 178681 155 131163 5683 3804 3650 125480 108632 91899 16733 821 10762 186 127 81 91078 115 90963
is_linear=0
shrinkage=0.05


Tree=201
num_leaves=31
num_cat=0
split_feature=3 7 4 10 9 3 7 6 0 12 4 8 8 1 4 8 1 1 4 4 4 0 6 0 0 7 4 5 1 4
split_gain=5.4232 19.5946 23.1589 30.4866 9.45438 6.58456 8.05559 5.66019 12.3954 7.4884 12.6384 5.32594 5.10442 4.51773 4.70129 6.15293 4.50897 9.13072 10.9892 8.63604 53.9789 8.13921 7.25101 7.19986 9.62518 9.73137 8.38266 8.59021 8.33816 7.83199
threshold=0.89725545048713695 0.24499999731779101 0.59317129850387584 1.0000000180025095e-35 0.53866082429885875 0.4654348641633988 0.07275132462382318 1.0000000180025095e-35 1.0000000180025095e-35 1.0000000180025095e-35 0.93063354492187511 0.38115416467189794 0.41910465061664587 0.82807883620262157 0.91734972596168529 0.48993107676506048 0.77032968401908886 0.76277056336402904 0.71010184288024913 0.48528139293193823 0.48313754796981817 0.77500000596046459 1.0000000180025095e-35 0.63333335518836986 0.81666666269302379 0.69615384936332714 0.83457711338996898 1.0000000180025095e-35 0.99056604504585277 0.91734972596168529
decision_type=2 2 2 2 2 2 2 2 2 2 2 2 2 2 2 2 2 2 2 2 2 2 2 2 2 2 2 2 2 2
left_child=1 2 3 -1 5 -5 -7 8 -4 -10 -11 -6 -12 -3 -15 -16 17 18 21 20 -19 -2 -18 -24 25 26 -25 29 -26 -28
right_child=16 13 7 4 11 6 -8 -9 9 10 12 -13 -14 14 15 -17 22 19 -20 -21 -22 -23 23 24 28 -27 27 -29 -30 -31
leaf_value=-0.07197072263940163 0.012015849980759205 -0.00055374183819338445 0.0066730270417857873 -0.040191829218971208 0.15829912061923551 -0.15903111723861307 0.056412152516575401 0.0082468758116492086 -0.0051735932418467611 -0.050410548817244043 0.024716342300680358 0.014643219591531503 0.38480308751817494 0.043651126572779614 -0.16981611313716105 0.040265263534600935 0.011477496538233758 -0.050505531637149083 -0.0094502660471887968 0.059812840489289802 3.2874113808422294 0.070333021340728483 0.017152249240409145 -0.0053531560613733617 0.050672588597319636 -0.10174512982522475 -0.11424507056176687 -0.015056514771034514 -0.0037997335356846924 -0.023238367862758721
leaf_weight=37.476363076165711 109.92587946663309 534.08767660952105 42.324169327495781 20.588092980015059 0.67385978790434897 0.49494973930086317 3.5165656715957994 49.077464158056941 17.749674730757761 28.387537491042668 0.17122761112113849 15.166077905350736 0.23144869716634275 9.8576048825780145 0.63216364014078752 0.77683188040464302 90.316920375661994 0.063292626251494677 74.086284260881257 6.3332412575909984 0.014978217768657487 6.3275474096141116 36.134413694993327 40.157632587301123 7.1918557212666192 3.7577173981117076 5.9836444679422129 11.752543457190768 303.16174289781429 3.9082006966054905
leaf_count=1681040 108604 192691 47344 399768 265 8284 1628 78268 9132 205769 65 5964 15 1299 25 437 11140 160 14201 1319 3 555 4336 3510 480 414 531 736 29702 243
internal_value=-0.00201965 -0.00493973 -0.0176907 -0.0394818 -0.00937342 -0.0287732 0.0298303 -0.00538199 -0.0129089 -0.030717 -0.046465 0.0207546 0.231686 0.000107227 0.0314401 -0.0539904 0.00115979 0.00757609 0.00559922 0.0662639 0.588251 0.01519 -0.00135316 -0.00416552 -0.00621467 -0.0236223 -0.0188723 -0.0439548 -0.00253744 -0.0782889
internal_weight=1460.33 761.212 215.857 77.9159 40.4395 24.5996 4.01152 137.942 88.8641 46.5399 28.7902 15.8399 0.402676 545.354 11.2666 1.409 699.116 196.751 190.34 6.41151 0.0782708 116.253 502.365 412.048 375.913 65.5597 61.802 21.6444 310.354 9.89185
internal_count=2807928 2631994 2437542 2096949 415909 409680 9912 340593 262325 214981 205849 6229 80 194452 1761 462 175934 124842 123360 1482 163 109159 51092 39952 35616 5434 5020 1510 30182 774
is_linear=0
shrinkage=0.05


Tree=202
num_leaves=31
num_cat=0
split_feature=2 7 3 0 8 8 8 2 7 1 0 10 1 1 9 7 8 6 1 10 1 1 2 7 8 3 8 9 9 8
split_gain=5.07581 22.8837 23.2887 7.90883 6.78848 6.71787 14.2334 11.3183 8.93472 5.83912 5.44102 5.38316 5.29233 4.87993 4.86473 8.68462 5.37776 4.65831 6.16786 6.21807 6.45471 7.6698 6.32716 5.7361 5.23901 4.88372 4.74955 11.6158 5.8476 16.7027
threshold=0.63702240586280834 0.065591398626565947 0.61414393782615673 1.0000000180025095e-35 0.17295821756124499 0.38115416467189794 0.41280081868171697 0.39736843109130865 0.2788888961076737 0.55625879764556896 0.15476191043853763 1.0000000180025095e-35 0.64747309684753429 0.62575301527977001 0.66828480362892162 0.4220647811889649 0.66841188073158275 1.0000000180025095e-35 0.86729559302330028 1.0000000180025095e-35 0.51471862196922313 0.53427231311798107 0.36266924440860754 0.24499999731779101 0.70782846212387096 0.38165266811847692 0.56536731123924266 0.50133690237998974 0.49618232250213629 0.59102103114128124
decision_type=2 2 2 2 2 2 2 2 2 2 2 2 2 2 2 2 2 2 2 2 2 2 2 2 2 2 2 2 2 2
left_child=1 2 3 13 9 -3 7 11 17 -4 12 -7 -2 -1 15 -10 -17 18 19 22 26 23 -8 -22 -19 -24 -21 28 -28 -30
right_child=10 5 4 -5 -6 6 8 -9 14 -11 -12 -13 -14 -15 -16 16 -18 24 -20 20 21 -23 25 -25 -26 -27 27 -29 29 -31
leaf_value=-0.033308317047740593 0.082912959200423533 0.019879262245409701 0.018939824929392141 -0.077252898278210677 -0.046987228079173167 -0.10125746717131064 -0.071482724867264869 -0.0014388291797384808 0.0041752953801894111 -0.020797191754701648 0.00015221610771036075 -0.036160211881059966 0.014906049994793898 0.089525884724233645 -0.00081019751363169677 0.063390045593486974 -0.0032553109693127511 0.0029715127643491837 0.091830648034398304 -0.019229574072072545 -0.080622943310035319 -0.029712722991756476 0.079829058628509073 -0.27387394648462676 0.1403336874474975 -0.029102189105127574 0.11262043777975601 0.0031420801408473687 0.212722018794547 1.4188170008784886
leaf_weight=6.0277850432535791 3.2890590826427255 33.796703214565582 20.834898464897407 24.391723047740538 9.0306335460498541 7.2291603865752858 10.826160559633353 9.8323157922409177 57.404779706720959 16.61884743338976 720.99703009190489 5.6640125225943372 21.968473497883053 0.93382904510292508 405.35984675301052 11.660636958711155 4.0881463697978058 16.036905826662082 1.2152815297649784 29.165118406285053 1.0844789206398653 6.7987532735637615 1.1339669881137791 0.59446854214183975 0.72555768952224653 11.108102371356624 0.89970773504564039 19.881310290843309 0.18328788886356051 0.034035942480841186
leaf_count=403584 688 184370 13254 562629 480561 82744 367912 30733 82473 13216 308182 14026 3238 1108 42580 6201 3682 17881 59 46687 136 310 28629 10 32 108769 588 3521 93 32
internal_value=-0.00193067 -0.00494892 -0.0305359 -0.0638371 -0.00807455 -0.00181112 -0.00303101 -0.0418458 -0.00150544 0.00130785 0.000951306 -0.07266 0.023762 -0.0168314 0.00133146 0.0131988 0.0460899 -0.015123 -0.0199825 -0.0216455 -0.0129945 -0.0533462 -0.0436371 -0.149048 0.00891719 -0.019012 -0.00617498 0.0119569 0.168845 0.401613
internal_weight=1458.82 712.56 77.8377 31.3533 46.4844 634.723 600.926 22.7255 578.201 37.4537 746.255 12.8932 25.2575 6.96161 478.513 73.1536 15.7488 99.6871 82.9247 81.7094 58.6412 8.4777 23.0682 1.67895 16.7625 12.2421 50.1635 20.9983 1.11703 0.217324
internal_count=2807928 2495820 1474352 967321 507031 1021468 837098 127503 709595 26470 312108 96770 3926 404692 134936 92356 9883 574659 556746 556687 51377 456 505310 146 17913 137398 50921 4234 713 125
is_linear=0
shrinkage=0.05


Tree=203
num_leaves=31
num_cat=0
split_feature=8 3 3 10 8 9 1 3 9 1 8 3 8 2 4 9 4 4 4 1 1 1 8 8 4 9 9 4 1 11
split_gain=4.73061 11.3518 27.9626 8.51559 16.6401 7.12323 7.0591 10.1915 7.21079 6.44521 14.7185 10.7118 6.05731 5.79102 8.21193 8.72725 5.56157 5.48805 5.26877 5.88754 5.04709 4.601 4.31583 10.0508 7.55397 17.426 35.8955 7.21533 5.9045 7.69022
threshold=0.71812930703163158 0.61414393782615673 0.60495716333389293 1.0000000180025095e-35 0.47285011410713201 0.70139563083648693 0.27639257907867437 0.53907206654548656 0.238968200981617 0.54433220624923717 0.47643721103668218 0.40862709283828741 0.19530533254146579 0.45512083172798162 0.62575301527977001 0.90377491712570202 0.99315068125724804 0.45748709142208105 0.43159537017345434 0.28388279676437383 0.74133810400962841 0.39767442643642431 0.58355855941772472 0.55190372467041027 0.63224515318870556 0.6546536684036256 0.60169798135757457 0.77032968401908886 0.32757078111171728 1.0000000180025095e-35
decision_type=2 2 2 2 2 2 2 2 2 2 2 2 2 2 2 2 2 2 2 2 2 2 2 2 2 2 2 2 2 2
left_child=1 2 3 4 6 21 8 -8 -1 13 11 -11 -4 14 15 -6 -7 18 19 -17 -5 -2 23 27 25 26 -25 -16 -24 -30
right_child=5 -3 12 20 9 16 7 -9 -10 10 -12 -13 -14 -15 22 17 -18 -19 -20 -21 -22 -23 28 24 -26 -27 -28 -29 29 -31
leaf_value=0.24206464266994565 0.0086265318282427571 -0.00034735130339194967 -0.13019235751039879 -0.0029887412677559585 -0.032883090676203763 0.00055539335927678817 0.0089040348890970684 -0.061551904635282075 -0.087234772574454694 1.3903890835006383 0.034338169303910593 -0.045023338368161872 -0.058780873940713109 -0.054816683500310465 -0.021961948119398299 0.092833566666031223 0.050157513094994777 -0.06978822944589376 0.2047905300704207 -0.030383366193702604 0.094494437513098217 0.058871580192233257 0.05014566722799374 -0.050106111801824886 0.1069177701856333 0.22323148116069411 3.2767173134799989 0.21266106333641874 -0.074894934478669711 0.055323854021484667
leaf_weight=0.16882882701546265 9.3007667787878301 746.82091499938201 3.9839867094103747 189.63432890455374 24.003157153587235 389.48799258649689 8.654464389264696 12.612939274911504 10.850436311117479 0.034668250469051531 6.6776332251050627 0.02079233539657821 11.661530777780396 6.5626286035711336 3.1491190436667291 2.2654267121106382 5.7343504265882066 0.98823289282154281 0.55354749970138062 1.6946942564682101 1.337128802697406 8.931644157923289 3.848614174140037 0.017606647935054176 2.4201198540822588 0.17462265651556663 0.015029358274659899 0.36574102175973155 3.4271901815736783 1.6942942739578937
leaf_count=1354 6834 876184 1347 441145 359824 31193 574500 247738 205976 8 4548 272 26766 15928 3708 73 6237 14 7 99 108 1126 1011 94 854 5 28 48 209 690
internal_value=-0.00184165 -0.00363483 -0.0119065 -0.00828632 -0.0209475 0.00268468 -0.0497096 -0.0328809 -0.0821895 -0.00491252 0.0410753 0.852249 -0.0769651 -0.0109625 -0.00451218 -0.0198639 0.00127508 0.0369348 0.0603009 0.0401041 -0.00230619 0.0332404 0.0254603 0.0577506 0.131728 0.421435 1.48194 0.0024519 0.00334969 -0.0318158
internal_weight=1457.09 1043.64 296.817 281.171 90.1998 413.455 32.2867 21.2674 11.0193 57.9131 6.73309 0.0554606 15.6455 51.18 44.6174 29.5051 395.222 5.5019 4.51367 3.96012 190.971 18.2324 15.1123 6.14224 2.62738 0.207259 0.032636 3.51486 8.9701 5.12148
internal_count=2807928 2762538 1886354 1858241 1416988 45390 1029568 822238 207330 387420 4828 280 28113 382592 366664 360017 37430 193 179 172 441253 7960 6647 4737 981 127 122 3756 1910 899
is_linear=0
shrinkage=0.05


Tree=204
num_leaves=31
num_cat=0
split_feature=3 7 2 10 3 3 1 3 2 3 1 7 9 3 1 9 9 2 2 9 9 9 9 9 7 1 10 2 3 8
split_gain=4.33437 14.5801 16.7933 21.758 10.6863 7.47645 5.57572 5.53422 6.0818 5.68261 6.12795 5.52106 6.72008 5.35147 5.91805 6.79827 5.35985 4.99869 7.18312 16.7856 10.3665 8.20643 9.83885 6.30332 4.90264 4.58423 4.54592 4.72012 5.29392 4.50005
threshold=0.93440860509872448 0.24499999731779101 0.63453349471092235 1.0000000180025095e-35 0.96362435817718517 0.8155706822872163 0.7228132188320161 0.92940199375152599 0.8029850721359254 0.73401361703872692 0.69028213620185863 0.55050507187843334 0.94166260957717907 0.58397436141967785 0.41612553596496588 0.54176929593086254 0.24918300658464435 0.35585997998714453 0.3483316451311112 0.44392034411430364 0.44239278137683874 0.55747640132904064 0.66828480362892162 0.34759725630283361 0.2788888961076737 0.55848154425621044 1.0000000180025095e-35 0.74133810400962841 0.82842725515365612 0.39626988768577581
decision_type=2 2 2 2 2 2 2 2 2 2 2 2 2 2 2 2 2 2 2 2 2 2 2 2 2 2 2 2 2 2
left_child=1 2 3 6 -2 -4 -1 8 9 10 -3 -9 -13 14 15 -5 -15 18 21 20 -20 23 -23 -16 -12 -6 27 -11 -29 -19
right_child=4 7 5 13 25 -7 -8 11 -10 26 24 12 -14 16 17 -17 -18 29 19 -21 -22 22 -24 -25 -26 -27 -28 28 -30 -31
leaf_value=-0.05364262498635182 0.044081730768099958 -0.00022762822072331965 0.015502329191640055 -0.029503360363590782 0.013291429438913486 -0.01152805726708259 0.010823195009390206 0.02768690054294011 0.027550088884302406 -0.050897157251096115 0.10769244527306915 -0.26566960529613132 0.057693708763506574 0.21284005557619301 0.12206507413805821 0.012606622684431558 -0.06034977266726356 0.035887305325385095 -0.050031256763785219 0.1639372324160048 1.7820260808680706 0.39243091931124213 0.038320868639759399 -0.047862279813725012 0.021579635866331499 -0.0010829739027212514 0.0054046123259670854 0.020918366714899696 -0.069486156305228655 -0.014977489075560447
leaf_weight=54.210951467107577 14.211763095301647 484.06335841320424 44.88099239713469 27.53897521987264 61.170381597813616 59.49136395426072 3.5753634363546771 0.51341529644559958 19.851310686965007 14.249578939085508 1.9195852426942099 0.6127885248279199 0.2177663782495074 0.18499234803039044 0.7707387579855588 14.700864194261127 6.0928793677442172 7.4196883431221776 0.010771017256729354 0.39775754996799151 0.02727070264518261 0.33264560853785941 0.47807791037485003 1.8694029921780382 11.895022455464639 594.77845763152618 11.291993217950219 6.0294183755341795 2.2139407587783353 10.504543081858627
leaf_count=1748251 1512 189395 187264 401346 71096 49449 20044 65 2186 1319 114 49 43 91 2212 5682 2535 14465 295 39 1 53 5 3299 1236 99506 719 311 45 5301
internal_value=-0.00176684 -0.00428733 -0.0147931 -0.0269222 0.00118687 9.52366e-05 -0.049654 0.000130533 0.000377483 -0.000637092 0.000709468 -0.101208 -0.180886 -0.00824445 -0.00392643 -0.0148477 -0.0522996 0.0172241 0.0686277 0.259903 1.2633 0.0444721 0.183615 0.00174475 0.0335453 0.000257508 -0.0204809 -0.0334761 -0.00336182 0.00607786
internal_weight=1455.51 785.345 232.487 128.115 670.161 104.372 57.7863 552.858 551.514 531.663 497.878 1.34397 0.830555 70.3286 64.0507 42.2398 6.27787 21.8109 3.88666 0.435799 0.0380417 3.45087 0.810724 2.64014 13.8146 655.949 33.7849 22.4929 8.24336 17.9242
internal_count=2807928 2635814 2440332 2203619 172114 236713 1768295 195482 195325 193139 190745 157 92 435324 432698 407028 2626 25670 5904 335 296 5569 58 5511 1350 170602 2394 1675 356 19766
is_linear=0
shrinkage=0.05


Tree=205
num_leaves=31
num_cat=0
split_feature=13 2 7 3 0 9 1 1 9 7 10 2 4 3 4 4 1 0 1 4 7 1 4 1 9 2 9 0 9 9
split_gain=4.27601 4.08287 18.5931 19.7172 7.01286 6.06968 6.01324 5.03806 4.94138 10.133 8.19486 13.691 6.84474 6.00908 5.41324 5.23021 4.73397 4.64187 4.98973 4.63418 4.31013 4.29465 4.28643 4.18588 4.38918 3.97225 13.0689 3.8293 3.78429 3.7612
threshold=1.0000000180025095e-35 0.63702240586280834 0.065591398626565947 0.61414393782615673 1.0000000180025095e-35 0.19456735998392108 0.77032968401908886 0.55625879764556896 0.38587585091590887 0.24499999731779101 1.0000000180025095e-35 0.37786844372749334 0.15504807978868487 0.38165266811847692 0.88067796826362621 0.80259740352630626 0.27334994077682501 0.15476191043853763 0.64747309684753429 0.19639987498521808 0.21240601688623431 0.18065268546342853 0.89059829711914074 0.62575301527977001 0.71471861004829418 0.55625879764556896 0.35734237730503088 0.10555555671453477 0.45476087927818304 0.35829523205757147
decision_type=2 2 2 2 2 2 2 2 2 2 2 2 2 2 2 2 2 2 2 2 2 2 2 2 2 2 2 2 2 2
left_child=1 2 3 4 23 7 8 -5 14 10 11 -10 16 20 25 19 -12 18 -3 21 -13 -14 -9 24 -1 -4 -27 -28 -11 -29
right_child=-2 17 6 5 -6 -7 -8 22 9 28 12 13 15 -15 -16 -17 -18 -19 -20 -21 -22 -23 -24 -25 -26 26 27 29 -30 -31
leaf_value=-0.044578213072371989 0.036972733474177712 0.080136877545481419 0.0361396338782407 0.016714360785641268 -0.073739287981386584 -0.046409814627767908 0.051996889818440195 -0.027048264496035646 -0.076424496745600645 0.038029400206423702 -0.062848306599561407 -0.050594676896779635 -0.023375739614810872 -0.01370580853753329 -0.26445497649128963 -0.065508862284884561 -0.30709673393419534 -2.8258065136721225e-05 0.013323769650338758 -0.0041615710129360665 0.28543542511912462 0.095809318648964623 0.074554115575771795 0.079605319732085913 0.11799602507152591 -0.077351974435261706 0.19553568703363189 0.27827205919907666 -0.00079476048402804056 0.013681246656411732
leaf_weight=5.3181214456737242 7.1180092653812599 3.2074973991300935 15.849244610066352 21.437412660588933 22.401281105254437 8.3180135631734426 5.1532683217467357 15.244476758629277 13.783196719652581 6.3558743454519222 3.0070126172341096 0.14205556781829665 1.1338820454544341 15.814843877056937 0.16420253021169529 3.2743416047305791 0.21239401628542287 718.51395672864328 21.69910863300521 52.336210798603588 0.29072671876167588 2.2669504758391668 1.113925636433122 0.98571691644247028 0.45031931996345509 3.1686097450847113 0.57216514174979227 0.15044727296617555 502.83901996106516 1.2524088242717821
leaf_count=403582 2620 680 132322 14579 562629 478055 1442 14376 461870 7994 1498 6791 851 150696 26 40 30 306326 3127 62762 467 1440 21 1108 2 6449 76 101 181716 4252
internal_value=-0.00168571 -0.00187594 -0.00460762 -0.0280903 -0.0602743 -0.00774201 -0.00179204 0.000767909 -0.00223724 -0.00307267 -0.0183191 -0.0397702 -0.00796745 -0.00867565 0.0215125 -0.00409429 -0.0789621 0.000707337 0.021928 -0.000486413 0.175138 0.0560715 -0.0201296 -0.0156153 -0.0318867 0.0237493 -0.0144294 0.0865198 -0.000310149 0.0420569
internal_weight=1453.57 1446.46 703.036 75.2693 29.1554 46.1138 627.767 37.7958 622.614 601.457 92.2616 30.0308 62.2308 16.2476 21.1571 59.0114 3.21941 743.421 24.9066 55.737 0.432782 3.40083 16.3584 6.75416 5.76844 20.9929 5.14363 1.97502 509.195 1.40286
internal_count=2807928 2805308 2495175 1474352 967321 507031 1020823 28976 1019381 876155 686445 619824 66621 157954 143226 65093 1528 310133 3807 65053 7258 2291 14397 404692 403584 143200 10878 4429 189710 4353
is_linear=0
shrinkage=0.05


Tree=206
num_leaves=31
num_cat=0
split_feature=13 3 7 2 3 8 0 9 7 3 10 8 9 4 8 4 8 9 9 9 9 4 7 4 8 0 4 8 3 2
split_gain=3.9942 3.79216 11.8708 23.3844 9.74846 8.14914 6.37397 6.14095 6.28271 6.40376 11.7542 5.45482 7.11362 5.8854 5.31092 5.25099 5.93635 5.34206 5.91078 5.04236 4.84324 4.76994 5.66235 4.66466 5.82649 5.49666 5.17299 4.64958 4.64123 5.00068
threshold=1.0000000180025095e-35 0.93440860509872448 0.075498577207326903 0.61435899138450634 0.96362435817718517 0.27465948462486273 1.0000000180025095e-35 0.34759725630283361 0.24499999731779101 0.32757078111171728 1.0000000180025095e-35 0.65133896470069896 0.63069993257522594 0.33508773148059851 0.44255042076110845 0.85145786404609691 0.3740422278642655 0.3390821665525437 0.33971422910690313 0.55188018083572399 0.45341086387634283 0.72834226489067089 0.15587044507265094 0.41060766577720648 0.32444286346435552 0.15476191043853763 0.94826048612594616 0.34384952485561376 0.92940199375152599 0.8029850721359254
decision_type=2 2 2 2 2 2 2 2 2 2 2 2 2 2 2 2 2 2 2 2 2 2 2 2 2 2 2 2 2 2
left_child=1 2 3 6 -3 -5 -1 15 9 10 -9 23 13 -13 -7 16 17 -4 -19 -12 -10 22 -21 24 -11 -25 -27 -17 29 -22
right_child=-2 4 7 5 -6 14 -8 8 20 11 19 12 -14 -15 -16 27 -18 18 -20 21 28 -23 -24 25 -26 26 -28 -29 -30 -31
leaf_value=-0.015138116529149724 0.036428735574126285 0.042309025716225031 0.021282721346384932 0.0028481238005034324 9.2071771671402335e-05 -0.063840449230112548 -0.065460927117823517 -0.074777426209262005 0.039425982490890313 0.21131662444244906 -0.029656803997717942 0.5499213969785236 0.010690145857298758 0.11564628833691115 0.035710562698283772 -0.0081294262536978894 -0.058093018342252015 0.52742980921306815 0.10035982121242748 0.035410477413295449 -0.001402713755934856 0.14070804741106588 -0.039229849122564858 0.010528476588214869 -0.076267455116732386 -0.018175803778398659 -0.31798462953907136 0.17977008940235154 -0.090902421843700051 0.024773063592821203
leaf_weight=8.2686646409457314 6.8694318850466507 13.966330504058531 7.8678776828628916 63.890643356577073 653.77152058811282 7.8529288151375152 26.328368759744077 10.485853668157864 7.6184871145301249 0.18519058953927947 17.569593242832362 0.083006913505918045 4.1385173325055886 1.2976385567114377 1.615309808452764 0.48299378673254878 1.9652946041235448 0.086137904200476956 1.3633475730537226 6.2194808633561998 518.80727939642418 0.68909028917551118 4.296004775374012 29.487660987143009 3.5972059687094191 31.129736085162651 0.14454541192389925 1.0341820646572157 1.4229470193386067 18.911176370886096
leaf_count=437595 2620 1451 25729 38686 168623 216999 943197 372005 8818 6284 45148 542 1438 1026 9710 80 20996 388 3911 1551 183514 8 1646 55867 166800 91080 6 40 145 2025
internal_value=-0.0016072 -0.00178808 -0.00416317 -0.0195481 0.000975077 -0.00356715 -0.0534338 -0.00168008 -0.00234925 -0.0132915 -0.0294574 -0.00423289 0.0434768 0.141756 -0.0468567 0.0326196 0.020876 0.0375328 0.125739 -0.012942 -0.000161375 0.0132681 0.00491686 -0.00831253 -0.062187 -0.00495888 -0.0195615 0.119952 -0.000720775 -0.00048213
internal_weight=1451.45 1444.58 776.839 107.956 667.738 73.3589 34.597 668.883 656.083 109.324 39.26 70.0635 5.51916 1.38065 9.46824 12.7998 11.2827 9.31736 1.44949 28.7742 546.76 11.2046 10.5155 64.5443 3.7824 60.7619 31.2743 1.51718 539.141 537.718
internal_count=2807928 2805308 2635234 1646187 170074 265395 1380792 989047 937903 743401 420358 323043 3006 1568 226709 51144 51024 30028 4299 48353 194502 3205 3197 320037 173084 146953 91086 120 185684 185539
is_linear=0
shrinkage=0.05


Tree=207
num_leaves=31
num_cat=0
split_feature=8 3 11 8 9 7 9 2 7 8 3 6 9 9 7 7 6 9 1 9 3 2 1 1 7 7 8 2 4 9
split_gain=3.75752 8.51093 12.9925 11.8952 7.02412 6.95404 10.0448 7.47877 13.0411 11.3922 8.5146 10.1223 9.82216 8.8442 8.42353 6.06025 5.68529 7.02538 5.72905 13.8493 10.7233 11.4656 6.51056 6.44746 7.40095 5.65405 5.45377 5.02216 4.85282 4.93261
threshold=0.71812930703163158 0.89725545048713695 1.0000000180025095e-35 0.45983158051967626 0.81844761967659008 0.44097222387790685 0.6209508776664735 0.64346247911453258 0.065591398626565947 0.38115416467189794 0.69631093740463268 1.0000000180025095e-35 0.68013605475425731 0.73097601532936107 0.41885964572429663 0.67708334326744091 1.0000000180025095e-35 0.68013605475425731 0.52240803837776195 0.75249087810516369 0.72871574759483349 0.68614074587821972 0.64899963140487682 0.99056604504585277 0.44097222387790685 0.5419580638408662 0.37018518149852758 0.45923791825771337 0.99315068125724804 0.86319074034690868
decision_type=2 2 2 2 2 2 2 2 2 2 2 2 2 2 2 2 2 2 2 2 2 2 2 2 2 2 2 2 2 2
left_child=1 2 5 -4 15 7 -7 8 -1 26 -9 12 14 -14 -12 16 18 -18 -2 -20 21 22 -21 -22 -25 -5 -10 -28 29 -6
right_child=4 -3 3 25 28 6 -8 10 9 -11 11 -13 13 -15 -16 -17 17 -19 19 20 23 -23 -24 24 -26 -27 27 -29 -30 -31
leaf_value=-0.047804838145477306 0.0084070482951175401 0.00074318628110351802 -0.059003551867091976 -0.022617878301347802 -0.016151071372247063 0.083876143376342013 0.0035753118151094134 0.047834549391227582 0.011615887853417666 -0.01440817859294987 -0.01496596860486798 0.013435308395715106 -0.26411464124773926 -0.013045263674310165 -0.49846256907390246 0.059103128623674395 0.096683689595784911 0.019830161533012348 0.01886609848252423 -0.15368506010542704 0.011862616644036997 -0.39073711289752261 0.056421123410732854 -0.28325125118804301 0.054108018073488189 0.030753437257001984 0.041163613210740732 0.16693403083424224 0.050136748408833968 0.00051874984012408574
leaf_weight=25.210331669901848 83.674054854431844 597.99725025905229 22.804532836848082 21.698853546903074 55.818748724043928 4.097447924963773 78.58989116524026 9.4574734797577076 21.190569565058443 159.33909119403557 37.460796508115436 47.165490987688827 0.77378296619281062 0.641604641568847 0.090301035263108953 6.4597454402537542 3.3250633708348714 28.13208190703881 7.5440890935181084 1.8305751044244978 2.7053771445353054 0.43732849298976351 0.46170040736615181 0.4399760229862294 0.25784371379995719 6.4336133057893177 2.9449544738208422 1.0865931360028183 4.3827056495501884 216.48718803542579
leaf_count=570837 18372 157036 1338689 393580 3593 317 2316 10481 39446 193151 37429 6320 19 31 4 317 187 2574 401 63 254 17 76 50 73 2225 9665 992 5191 14222
internal_value=-0.001533 -0.00313785 -0.00842471 -0.0321667 0.00250676 -0.00530823 0.0075545 -0.00879127 -0.0140734 -0.00946583 0.00280042 -0.00214442 -0.0210023 -0.150303 -0.0161287 0.0118444 0.00947441 0.0279537 0.00350317 -0.0264983 -0.0823021 -0.156126 -0.111366 -0.0230899 -0.158597 -0.0104124 0.0217572 0.0750616 -0.00205825 -0.00289832
internal_weight=1448.94 1036.98 438.985 50.937 411.956 388.048 82.6873 305.361 209.772 184.561 95.5894 86.132 38.9665 1.41539 37.5511 135.268 128.808 31.4571 97.3509 13.6769 6.1328 2.7296 2.29228 3.4032 0.69782 28.1325 25.2221 4.03155 276.689 272.306
internal_count=2807928 2762538 2605502 1734494 45390 871008 2633 868375 814091 243254 54284 43803 37483 50 37433 22384 22067 2761 19306 934 533 156 139 377 123 395805 50103 10657 23006 17815
is_linear=0
shrinkage=0.05


Tree=208
num_leaves=31
num_cat=0
split_feature=13 4 0 3 12 7 7 3 10 4 0 4 8 7 7 8 4 3 7 2 4 9 4 7 7 4 4 8 8 9
split_gain=3.70324 3.27626 5.63788 7.86801 5.65909 5.82349 5.11325 17.126 24.248 6.44344 7.48143 5.96204 6.17038 5.91186 5.52201 5.33179 4.9672 4.45926 4.17667 6.65875 4.79009 4.1272 6.93508 6.51057 5.90706 4.66518 8.68989 6.30662 12.0911 5.31469
threshold=1.0000000180025095e-35 0.84292763471603405 0.29285715520381933 0.77485185861587536 1.0000000180025095e-35 0.17752101272344592 0.24499999731779101 0.61414393782615673 1.0000000180025095e-35 0.59675306081771862 1.0000000180025095e-35 0.15504807978868487 0.41191250085830694 0.22902098298072818 0.19292803853750232 0.26480327546596533 0.7228132188320161 0.58397436141967785 0.11269841343164445 0.56070175766944896 0.73286384344100963 0.62617477774620067 0.83457711338996898 0.29705883562564855 0.64495798945426952 0.48808848857879644 0.4901809841394425 0.61394822597503673 0.61830145120620739 0.49324201047420507
decision_type=2 2 2 2 2 2 2 2 2 2 2 2 2 2 2 2 2 2 2 2 2 2 2 2 2 2 2 2 2 2
left_child=1 6 4 -4 -3 -6 7 8 9 -1 18 12 13 -10 -12 -16 -9 -13 19 20 -11 22 24 -24 25 -8 27 29 -29 -27
right_child=-2 2 3 -5 5 -7 21 16 11 10 14 17 -14 -15 15 -17 -18 -19 -20 -21 -22 -23 23 -25 -26 26 -28 28 -30 -31
leaf_value=-0.069113995063477915 0.035849008299752773 0.12362173155613559 -0.061717426728595148 0.0026482961715497844 -0.022797315725133101 0.057918089620407266 -0.0097483650755913649 0.0044789252797894545 -0.050044813836882744 -0.055918413060362153 -0.071789326562276379 0.0013065582571157044 -0.073851559696209684 0.52325096023024587 0.4616915826269048 -0.050167508747849157 -0.0072562503536940815 -0.076822158740639232 -0.015716146771535155 0.21315795156566852 0.13302636221032546 -0.0017834367519842108 -0.26277603371293135 -0.009365372645353056 -0.32345211858430334 0.4894986101153106 0.014839570675374544 1.2636837303205317 -0.050246947140027337 0.065245203411629579
leaf_weight=26.6383639396748 6.6208783665206274 1.6512515130452801 4.8246161038766777 298.32887155791104 3.9371851539592608 5.1677539421871188 22.039923763642392 170.55455863286258 0.093745405112072855 0.93913647340792972 7.0325706132165271 57.645677824536861 4.2054321241625416 0.086425408720970154 0.096573067930876166 0.10751757148864272 191.32605705697787 1.8860953301491452 5.5523237787303481 0.56924397115449199 0.52182264712925508 552.95649732066761 0.45016934350132831 0.58004261914175004 0.13243453257518822 0.092348691209731548 82.037308726835619 0.038001587489361555 0.032468707745920256 0.36789745466088053
leaf_count=1221760 2620 28 2518 29233 1452 1181 102691 778979 8049 13798 42411 422635 1969 1 2 291 68700 547 9961 508 1052 83969 17 24 13 47 13179 6 76 211
internal_value=-0.00145941 -0.00163096 0.00288612 0.00162393 0.0384597 0.0230149 -0.00289027 -0.00689089 -0.0246301 -0.0544117 -0.0279834 -0.00531348 -0.0615758 0.224957 -0.0643488 0.192038 -0.00172545 -0.00116873 0.00672321 0.0680917 0.0115685 -5.24972e-05 0.00899666 -0.120098 0.0102664 0.0106889 0.0161442 0.217816 0.658299 0.150372
internal_weight=1446.51 1439.89 313.91 303.153 10.7562 9.10494 1125.98 467.256 105.375 41.4576 14.8192 63.9174 4.3856 0.180171 7.23666 0.204091 361.881 59.5318 7.58253 2.0302 1.46096 658.727 105.771 1.03021 104.74 104.608 82.568 0.530716 0.0704703 0.460246
internal_count=2807928 2805308 34412 31751 2661 2633 2770896 2570663 1722984 1289783 68023 433201 10019 8050 42704 293 847679 423182 25319 15358 14850 200233 116264 41 116223 116210 13519 340 82 258
is_linear=0
shrinkage=0.05


Tree=209
num_leaves=31
num_cat=0
split_feature=13 11 7 3 8 9 8 7 9 2 9 2 7 1 1 8 8 0 9 9 8 0 8 7 9 8 9 8 7 9
split_gain=3.45717 2.95112 12.848 4.20611 8.43097 7.24501 6.73695 9.5638 4.08921 3.85542 9.63795 214.231 323.923 3.40312 4.32911 3.58956 12.251 3.8732 3.42381 6.02021 5.56189 5.80603 5.3468 4.86583 3.98166 5.3784 4.1527 50.1716 3.73843 4.46887
threshold=1.0000000180025095e-35 1.0000000180025095e-35 0.075498577207326903 0.39250700175762182 0.50641131401062023 0.3215534389019013 0.50802230834960949 0.90238094329833995 0.59384471178054821 0.18350168317556384 0.53171876072883617 0.18046133220195773 0.31909090280532842 0.4246212244033814 0.45923791825771337 0.60054644942283641 0.60476461052894603 0.46428571641445165 0.81844761967659008 0.7807200849056245 0.75093984603881847 0.10555555671453477 0.70782846212387096 0.59166666865348827 0.55188018083572399 0.44255042076110845 0.54912123084068309 0.40329357981681829 0.31009615957736975 0.52316638827323925
decision_type=2 2 2 2 2 2 2 2 2 2 2 2 2 2 2 2 2 2 2 2 2 2 2 2 2 2 2 2 2 2
left_child=1 -1 8 4 5 -4 7 -6 -3 10 11 -8 -13 15 -15 -5 17 -17 19 23 22 -22 -20 24 26 -26 28 -28 29 -16
right_child=-2 2 3 13 6 -7 9 -9 -10 -11 -12 12 -14 14 18 16 -18 -19 20 -21 21 -23 -24 -25 25 -27 27 -29 -30 -31
leaf_value=-0.00062288776736460407 0.035285649147050367 -0.055500925576735471 0.28661861459966193 -0.043679987874366583 -0.050255616643003036 -0.069834591949370015 -0.051762024177174237 0.85100905310805364 0.16611378105291696 -0.018208765286491752 0.020893115436099022 -0.050077343037863792 27.479720082621636 -0.05731689764458886 0.0056861764755547738 -0.050144793642771357 0.04696006023154535 0.94887406078875414 -0.024779946211518487 0.038366316895307992 0.05001051577579544 -0.0071959289488270003 -0.11390110502221314 0.083123810189832947 -0.089203623993010503 -0.0075549919406303692 2.7767267526288624 0.047964495768631404 -0.037544273092508844 0.054289080136268278
leaf_weight=1229.584288602975 6.3959993533353545 14.38459139153106 0.1450935791620499 1.1099726069004408 0.062930978275295923 8.1389883182402389 0.075545641137980318 0.05530177429318428 0.2112091580782306 18.481311224354549 5.7223462782913694 0.0025954180580352306 0.0018162161968575674 3.4271908608057222 22.734152259980874 0.012042643888946603 4.6460610042649932 0.049917603937501553 11.131807750149163 12.333232112243421 4.8946222224913063 47.270839791512117 1.9827082456904452 1.746767101225031 2.1302226691226442 37.931670545499173 0.017685836078725425 0.35424120379346391 3.7091441088946331 5.9718200310952652
leaf_count=941334 2620 1094911 7539 65000 4308 333664 8386 1 140 190565 21129 956 74 20848 90387 319 7338 2 191 194 100 921 29 71 1200 9088 34 395 559 5625
internal_value=-0.00139294 -0.00155605 -0.00705293 -0.00365162 -0.0200084 -0.0635914 -0.00521255 0.371299 -0.052294 -0.00704572 0.0285105 0.573666 11.2836 -0.000340237 -0.00174375 0.0372048 0.0562744 0.754704 -0.000492442 0.00600605 -0.00914604 -0.00182832 -0.0382537 0.000655782 -0.00132163 -0.0118965 0.0115996 0.177722 0.00969356 0.0157972
internal_weight=1444.72 1438.32 208.736 194.14 32.6859 8.28408 24.4018 0.118233 14.5958 24.2836 5.8023 0.0799573 0.00441163 161.454 155.636 5.81799 4.70802 0.0619602 152.209 86.9289 65.28 52.1655 13.1145 74.5957 72.8489 40.0619 32.787 0.371927 32.4151 28.706
internal_count=2807928 2805308 1863974 768923 566622 341203 225419 4309 1095051 221110 30545 9416 1030 202301 129642 72659 7659 321 108794 107553 1241 1021 220 107359 107288 10288 97000 429 96571 96012
is_linear=0
shrinkage=0.05


Tree=210
num_leaves=31
num_cat=0
split_feature=2 11 2 7 7 8 7 8 4 4 8 8 8 8 4 4 7 4 4 7 7 4 4 4 8 8 2 4 8 8
split_gain=34.0876 444.438 8339.51 22522.7 41971.7 122396 135681 138765 432564 47384.7 7057.94 9557.57 3344.22 1546.16 3099.66 11447.4 465.932 446.466 5.95726 6.46013 8.10376 6.66129 5.55007 23.8669 154.549 467.033 5.50942 4.31746 6.54641 6.26072
threshold=0.18350168317556384 1.0000000180025095e-35 0.18046133220195773 0.43303571641445165 0.31909090280532842 0.64418154954910289 0.34057971835136419 0.54589802026748668 0.5604878067970277 0.21580041944980624 0.51371133327484142 0.61830145120620739 0.58355855941772472 0.6975214183330537 0.21132376790046695 0.30245855450630194 0.3514705896377564 0.18677325546741488 0.74133810400962841 0.12060606107115747 0.15587044507265094 0.19639987498521808 0.13873296231031421 0.15504807978868487 0.50641131401062023 0.5342988669872285 0.16064515709877017 0.66287881135940563 0.7729182541370393 0.8825557827949525
decision_type=2 2 2 2 2 2 2 2 2 2 2 2 2 2 2 2 2 2 2 2 2 2 2 2 2 2 2 2 2 2
left_child=1 18 27 4 -4 6 7 9 -9 17 -8 12 -12 14 16 -16 -7 -6 19 -1 22 -22 -21 24 -24 -26 -20 28 -3 -30
right_child=-2 2 3 -5 5 13 10 8 -10 -11 11 -13 -14 -15 15 -17 -18 -19 26 20 21 -23 23 -25 25 -27 -28 -29 29 -31
leaf_value=-0.068316488390510896 -0.0013191764127926612 -0.067830115773262742 -0.050711524189088836 -0.050734734556889788 -43.272124562443089 43.161916981652958 -0.050058117358048992 -1234.0839145142338 -0.050020107664058733 -421.53508731190408 -108.08876112279927 -20.638241670414402 -224.38093720422867 -0.050064494903432011 -162.15944271320799 -0.050017212596662967 -0.050007321845168998 -0.050037394956922457 0.043888765034166971 -0.094101507410657093 0.015490835049309315 -0.015003540180141217 -0.050756767832412876 0.096464860639894734 32.52005487349242 -0.050015807429869552 0.26248308193206404 0.089946095891684577 0.11114228485292582 -0.053384206498574199
leaf_weight=3.8623000662242211 1347.3204037129317 2.4129850701974864 0.061767250273727488 0.278718936057885 0.0011568149149638893 0.0011570881069928865 0.0037155756849681009 0.0014181129807759874 0.0014224050864868332 0.0010676531019555568 0.0013883903251752368 0.0024285716527998615 0.0011144248157499703 0.02324929296355549 0.0015421676346469848 0.0037060571503388928 0.0013535385805880651 0.0012356671422821819 2.2999449479793834 0.36203197525263986 26.779340474309713 54.062243181365439 0.028083295702799993 2.0861684411778123 0.0015351520419244471 0.0038887680402694969 0.32955172317633685 1.4116114222912299 1.5118806198004922 0.93631222503609013
leaf_count=69676 2633302 75984 8049 234 24 29 48 122 8 85 42 33 29 142 53 70 19 17 158 620 1911 8664 163 6568 25 37 31 948 696 141
internal_value=-0.003375 -0.0320858 -0.426209 -7.55501 -26.9713 -63.1542 -180.681 -357.156 -616.135 -144.553 -52.0914 -91.3022 -159.87 -6.49997 -25.827 -47.6852 19.8653 -20.9488 -0.00286398 -0.00510029 -0.00217002 -0.00490206 0.0868263 0.117728 1.44158 9.16841 0.0712849 0.012968 -0.00938527 0.0482191
internal_weight=1443.79 96.4743 6.65923 0.386442 0.107723 0.0459558 0.0149476 0.00630065 0.00284052 0.00346014 0.00864696 0.00493139 0.00250282 0.0310081 0.00775885 0.00524822 0.00251063 0.00239248 89.8151 87.1856 83.3233 80.8416 2.48171 2.11968 0.0335072 0.00542392 2.6295 6.27279 4.86118 2.44819
internal_count=2807928 174626 86773 9004 8770 721 408 256 130 126 152 104 71 313 171 123 48 41 87853 87664 17988 10575 7413 6793 225 62 189 77769 76821 837
is_linear=0
shrinkage=0.05


Tree=211
num_leaves=31
num_cat=0
split_feature=4 9 11 8 8 2 2 8 2 2 10 8 8 4 4 1 8 8 4 4 8 9 1 1 9 11 4 9 2 2
split_gain=34.744 96.4236 851.293 1713.01 3769.03 7304.15 56407.1 395.039 589.233 5415.19 124.171 347.428 7289.29 7427.34 73112.2 34770.9 14.4154 113.824 248.369 1580.42 1149.36 2919.05 7.13961 153.923 834.835 6.52677 116.198 1234.61 5476.3 61535.6
threshold=0.18677325546741488 0.69056183099746715 1.0000000180025095e-35 0.64418154954910289 0.66841188073158275 0.18350168317556384 0.16064515709877017 0.6975214183330537 0.18046133220195773 0.18808962404727939 1.0000000180025095e-35 0.5342988669872285 0.50802230834960949 0.15504807978868487 0.13873296231031421 0.15535445511341098 0.54176929593086254 0.50920382142066967 0.15504807978868487 0.13873296231031421 0.5342988669872285 0.53171876072883617 0.27334994077682501 0.29217478632926946 0.42631272971630102 1.0000000180025095e-35 0.2014492750167847 0.70139563083648693 0.18350168317556384 0.18046133220195773
decision_type=2 2 2 2 2 2 2 2 2 2 2 2 2 2 2 2 2 2 2 2 2 2 2 2 2 2 2 2 2 2
left_child=1 2 10 -4 5 6 -5 8 -6 -10 11 12 -1 14 -14 -16 17 22 19 -19 21 -21 -12 24 -24 -2 27 28 29 -27
right_child=25 -3 3 4 7 -7 -8 -9 9 -11 16 -13 13 -15 15 -17 -18 18 -20 20 -22 -23 23 -25 -26 26 -28 -29 -30 -31
leaf_value=-0.087013160394357858 -0.00016985974065313351 -0.00090593290890744662 -0.050204979920118312 -0.050002604022248501 -0.050002472131949444 -0.050003135256394132 -349.57260071722379 -0.050007442833404296 -109.79293033281793 -0.050002907647220929 -0.020411434285813809 -0.052029423757277371 -0.050022636714024217 -0.050017856875319011 -524.60901717426816 -128.17740351607779 0.0074091555257991409 -0.052188417739124443 0.05327031632802845 -33.177590668146223 -0.050406843058079714 -2.7238632813870391 -49.791371911797 -0.063130178320214392 -0.050073772444435838 -0.050004588212998427 -0.0074453136119768852 -0.053477999199492844 -0.05000507569823081 -379.75663597049726
leaf_weight=0.39055536913863009 1191.8578671355754 33.168237485633746 0.12378577913807176 0.0059782767541349804 0.007816866124386479 0.0087376530422034193 0.0014305226682569394 0.033106461376434027 0.0013668307269791855 0.0063295407120733671 5.2981292516918934 1.0134471949882351 0.010669152577514968 0.012303846145787362 0.0010484997739251276 0.0011707098475899347 4.9420774819798119 0.22118380840856805 0.41825974085342327 0.013583963055129766 0.019049938531907173 0.018701940283623264 0.0010051994674629885 0.17351417324312024 0.0052451744563768799 0.010706399610679714 204.90080157059086 0.75342052711874941 0.048770358805149384 0.0011851254645547519
leaf_count=4276 917024 1853 29776 374 293 364 126 554 32 207 18838 1444 143 224 36 35 492 116 173 42 11 10 252 388 42 3429 1815244 539 11075 516
internal_value=-0.00299517 -0.045801 -0.16279 -3.49746 -10.0861 -31.0166 -67.5373 -3.13518 -9.71916 -19.5397 -0.112649 -0.55134 -1.76849 -27.8364 -54.3626 -315.478 -0.0562194 -0.107196 -0.712018 -1.88657 -9.79014 -15.537 -0.030926 -0.340817 -8.04958 -0.00158942 -0.00981395 -0.605989 -7.46817 -37.8921
internal_weight=1443.47 45.8967 12.7285 0.188552 0.0647662 0.0161465 0.0074088 0.0486197 0.0155132 0.00769637 12.5399 1.42919 0.415748 0.0251922 0.0128884 0.00221921 11.1108 6.16867 0.690779 0.27252 0.0513358 0.0322859 5.47789 0.179765 0.00625037 1397.57 205.715 0.814082 0.0606619 0.0118915
internal_count=2807928 60101 58248 31726 1950 864 500 1086 532 239 26522 6158 4714 438 214 71 20364 19872 352 179 63 52 19520 682 294 2747827 1830803 15559 15020 3945
is_linear=0
shrinkage=0.05


Tree=212
num_leaves=31
num_cat=0
split_feature=8 4 11 9 4 3 4 9 4 8 4 4 2 8 1 1 8 4 4 8 9 4 8 9 4 0 2 9 4 1
split_gain=3.4404 7.66664 10.6765 8.45271 6.71583 11.7276 7.43646 6.23205 6.03176 6.00233 63.3368 184.433 748.254 26.7547 84.228 713.572 5.75156 5.35812 28.8466 165.177 739.313 10.7856 47.398 448.914 4.56334 5.05602 10.5066 5.65619 8.64377 10.4348
threshold=0.71812930703163158 0.57735043764114391 1.0000000180025095e-35 0.7807200849056245 0.56440424919128429 0.89725545048713695 0.55036231875419628 0.81844761967659008 0.58102023601531994 0.68863317370414745 0.20761494338512423 0.2014492750167847 0.18350168317556384 0.6975214183330537 0.18321678787469867 0.16784037649631503 0.51871871948242199 0.17712418735027316 0.16807910054922107 0.65133896470069896 0.6546536684036256 0.2014492750167847 0.65133896470069896 0.73097601532936107 0.99315068125724804 0.58571431040763866 0.7103942632675172 0.86319074034690868 0.45748709142208105 0.64346247911453258
decision_type=2 2 2 2 2 2 2 2 2 2 2 2 2 2 2 2 2 2 2 2 2 2 2 2 2 2 2 2 2 2
left_child=1 2 4 9 6 -6 -1 -2 -3 17 11 13 -13 14 15 -11 -8 18 -4 -20 -21 22 -19 -24 25 26 27 28 -9 -30
right_child=7 8 3 -5 5 -7 16 24 -10 10 -12 12 -14 -15 -16 -17 -18 21 19 20 -22 -23 23 -25 -26 -27 -28 -29 29 -31
leaf_value=-0.0067118475592105519 0.011358827546483935 0.052386026712330218 -0.050157561241600257 0.014690422633414467 -0.069192662500677168 0.020865302366266131 -0.0029599558477246381 0.00031553107318558988 -0.00087819939288323687 -0.050009592761377591 -0.063641734231278904 -49.218714585583889 -0.050003876062093361 -0.050006479666172582 -0.050184378764954324 -42.214822883170569 0.070540155157773385 -0.050101754021494721 -0.050077451183623681 46.884168369560832 -0.05001034619669318 -0.049084672033710766 -0.050009284457541818 -25.4054145418148 0.050133223124366792 -0.016773916488749773 0.040437909204210254 0.0020190431447223568 -0.058611596185947148 0.063183606687689117
leaf_weight=177.28400441038946 135.29445557441443 5.3509051868251154 0.15759107492697508 5.5995618647405889 10.449197230046421 5.5270820876139615 4.9927255926803564 25.573258779157641 794.6068685386067 0.006522838778666328 0.7290474113741332 0.0010169069753203077 0.0032362319900585135 0.031380711826145102 0.014273397434237722 0.0011858226930629989 5.7007176606409757 0.075463821390373442 0.024227568547481454 0.0010653219195546617 0.0039504666810898925 20.79832052386303 0.015211756682077748 0.0019719664769590741 4.1759600765508358 50.719452991412254 15.491452204092637 162.62862706199667 15.813357175005082 1.9786312836804416
leaf_count=729722 22384 19108 21359 1811 15118 1323 17633 1352 469935 142 9993 18 86 581 142 37 818 19353 4722 124 68 1449777 656 12 5191 8016 2831 5071 408 137
internal_value=-0.00129811 -0.00284053 -0.0108555 -0.0401219 -0.00691449 -0.0380366 -0.00426941 0.00256613 -0.000521916 -0.0541595 -0.189766 -1.78568 -11.806 -0.987037 -2.3247 -6.53622 0.0362232 -0.0490985 0.217473 1.65972 9.91851 -0.0514825 -0.589764 -2.95974 -0.00173809 -0.00253386 0.000727074 -0.00225932 -0.0183041 -0.0450669
internal_weight=1443.05 1031.38 231.418 27.464 203.954 15.9763 187.977 411.675 799.958 21.8645 0.786663 0.0576159 0.00425314 0.0533628 0.0219821 0.00770866 10.6934 21.0778 0.186834 0.0292434 0.00501579 20.891 0.0926475 0.0171837 276.381 272.205 221.485 205.994 43.3652 17.792
internal_count=2807928 2762538 2273495 1508881 764614 16441 748173 45390 489043 1507070 10999 1006 104 902 321 179 18451 1496071 26273 4914 192 1469798 20021 668 23006 17815 9799 6968 1897 545
is_linear=0
shrinkage=0.05


Tree=213
num_leaves=31
num_cat=0
split_feature=4 11 7 8 8 4 8 8 7 7 8 7 8 1 2 2 7 7 8 1 2 4 7 1 1 4 1 3 2 4
split_gain=90.5137 1379.81 12085 93874.2 500824 3034.04 11246 125797 262473 185.439 724.833 100.689 495.692 7.55122 9.99891 44.3031 7.3921 5.45123 8.56533 4.05193 3.51664 3.17194 5.09863 5.32049 15.596 117.494 5.75426 3.87259 3.70725 3.56865
threshold=0.17712418735027316 1.0000000180025095e-35 0.28869047760963445 0.65133896470069896 0.68863317370414745 0.16807910054922107 0.68863317370414745 0.6553173065185548 0.45227272808551794 0.3514705896377564 0.63349834084510814 0.55050507187843334 0.63349834084510814 0.19139194488525393 0.13446328043937686 0.12632978707551959 0.12060606107115747 0.70714285969734203 0.92546296119689953 0.26365442574024206 1.0000000180025095e-35 0.19639987498521808 0.51666668057441723 0.11215933039784433 0.11882352828979494 0.19292803853750232 0.27334994077682501 0.18046133220195773 0.22401433438062671 0.57804551720619213
decision_type=2 2 2 2 2 2 2 2 2 2 2 2 2 2 2 2 2 2 2 2 2 2 2 2 2 2 2 2 2 2
left_child=1 13 3 -3 -5 19 7 9 -9 10 -7 12 -11 16 15 -15 -1 18 -16 -4 -18 22 23 -2 25 -25 27 -26 -24 -23
right_child=21 2 5 4 -6 6 -8 8 -10 11 -12 -13 -14 14 17 -17 20 -19 -20 -21 -22 29 28 24 26 -27 -28 -29 -30 -31
leaf_value=-0.072025200986860036 -0.062884394998496712 -0.050344514405233347 0.002034124221301226 -1013.1165958191077 -0.050041585631834799 -0.050005464283743278 -0.050757538633566371 -744.29511816949014 -23.990066933062348 -0.050012531974923446 44.365680992513717 -0.050525260929674992 -30.966925720613922 -0.035994097279632528 -0.055494945090098752 -2.7462640938365128 -0.02326917392019083 0.011109127771922425 -0.36173272508309062 0.27155261272750492 0.025041055927627294 -0.0052798851774865712 0.025419775410120245 -0.050831275472854875 -0.017074458033185348 6.8039727453299079 -0.082878760534784268 0.080569900597343425 -0.040649739586920232 0.00025773594796824599
leaf_weight=2.601739210235503 1.0208605440743337 0.060074219280718433 1.8423538178914785 0.0014806529106118349 0.0069292811088814688 0.0049912046856661263 0.1946542102341482 0.0018139185285748196 0.0041771038813751549 0.0065362805062250144 0.0011257284659222933 0.037423649846459739 0.0016172378182447754 0.080588046358570531 5.4926433020566972 0.018548671909648151 4.5853102319679264 3.4801329981419258 0.23823556303977955 0.15087166930882023 21.106254737295167 415.92320994430031 4.1486543703504122 0.043701207154095978 1.2038237937472844 0.0072946776352438283 0.71629772589695129 6.488288004109946 4.3488473497745872 968.15692469909288
leaf_count=12683 2197 23304 3005 435 197 194 200 63 13 111 49 16 31 174 6325 80 387 32 2 60 2837 2225411 117 261 4726 37 2367 16763 101 505750
internal_value=-0.00324902 -0.077491 -1.26251 -21.9532 -178.411 -0.631497 -5.79689 -25.1868 -242.079 -0.0503829 8.12403 -1.14747 -6.18233 -0.004567 -0.0436266 -0.543091 0.00828591 -0.038251 -0.0682254 0.0224346 0.0164189 -0.00113531 0.0197318 0.0449413 0.0579534 0.92971 0.0526663 0.0652885 -0.00839325 -0.00140635
internal_weight=1441.98 39.9175 2.31405 0.0684842 0.00840993 2.24556 0.252339 0.0576851 0.00599102 0.0516941 0.00611693 0.0455772 0.00815352 37.6035 9.31015 0.0991367 28.2933 9.21101 5.73088 1.99323 25.6916 1402.06 17.9778 9.48027 8.45941 0.0509959 8.40841 7.69211 8.4975 1384.08
internal_count=2807928 50198 27678 23936 632 3742 677 477 76 401 243 158 142 22520 6613 254 15907 6359 6327 3065 3224 2757730 26569 26351 24154 298 23856 21489 218 2731161
is_linear=0
shrinkage=0.05


Tree=214
num_leaves=31
num_cat=0
split_feature=11 1 9 8 8 9 8 7 9 1 7 2 7 1 3 7 9 9 1 1 9 3 1 9 1 9 9 8 3 1
split_gain=16.0304 78.6044 115.66 1006.78 5743.98 16017.2 13923.6 18279.5 5836.18 2238.49 4857.8 4642.45 23881.9 1247.59 4344.81 678.84 642.902 546.568 379.063 240.069 653.534 1481.62 792.072 33.1919 457.876 498.082 21.4737 170.217 179.865 613.188
threshold=1.0000000180025095e-35 0.27639257907867437 0.71471861004829418 0.63349834084510814 0.65133896470069896 0.55490627884864818 0.63897106051445018 0.29705883562564855 0.50641131401062023 0.2014492750167847 0.34057971835136419 0.21778655797243121 0.29705883562564855 0.14459930360317233 0.17467582225799563 0.30602006614208227 0.6546536684036256 0.56620469689369213 0.24048192799091342 0.2290398105978966 0.60625612735748302 0.25677657127380377 0.23132664710283282 0.47836488485336309 0.17467582225799563 0.45954339206218725 0.59384471178054821 0.6553173065185548 0.24525599926710132 0.2237871661782265
decision_type=2 2 2 2 2 2 2 2 2 2 2 2 2 2 2 2 2 2 2 2 2 2 2 2 2 2 2 2 2 2
left_child=-1 2 3 -2 5 6 7 -5 -9 10 11 13 -13 16 -15 -16 -7 -11 -8 -19 21 -21 -22 24 25 -6 -25 28 -28 -30
right_child=1 -3 -4 4 23 9 18 8 -10 17 -12 12 -14 14 15 -17 -18 19 -20 20 22 -23 -24 26 -26 -27 27 -29 29 -31
leaf_value=-0.00027086560682495407 -0.052112955560808971 -0.0052234276205178898 -0.0030342642688671309 -0.050017882345858682 -0.050022470711523541 -0.050040553435897021 -0.050001780027013776 -132.0250666256961 -280.06629711530081 -31.422013938858676 -0.050104885764508847 -0.050031541882821232 -251.46352688088962 -97.88596566144065 -44.57645129541941 -0.05007345835662004 -39.185128508578458 -0.051836777059253263 -31.435676008260515 -60.993025460120435 -41.966566507381394 -0.050003774093938719 -0.050006726196609667 0.10712551648532261 -0.050259046359878684 -49.89177294882095 -0.050003986164606024 -0.23921171827153695 -24.711006787662036 -0.050007112172414395
leaf_weight=1234.3266475829157 7.7909373608395311 187.09096675454944 11.22741990349936 0.0014661884643438015 0.0010018243332582102 0.0058755052028374626 0.0024286290034669557 0.0011365784239487642 0.0016070493257092089 0.0015937772442060757 0.020142711817006397 0.0029380134411383088 0.0013921287636753377 0.0020442380653418043 0.0011229281083431344 0.0036010243225064187 0.0012776248173638214 0.057070184076328544 0.001593083466861156 0.001640876901405605 0.0011928458407244316 0.0025427955574457428 0.020424602598504069 0.30941672419622124 0.02246361675466671 0.0010031750871355438 0.010065120083165513 0.52929447771427596 0.004048121063648269 0.0066802453539480666
leaf_count=943952 277911 1555513 8353 275 31 499 443 76 144 198 337 195 77 312 226 73 66 655 257 223 76 353 1069 3776 188 22 586 11594 89 359
internal_value=-0.00243081 -0.0153027 -0.109432 -0.245087 -1.72623 -11.4933 -79.0147 -142.574 -218.739 -6.96936 -16.9797 -35.6636 -80.8788 -21.5997 -36.9875 -10.6344 -7.03998 -2.41909 -12.4825 -1.8613 -5.86371 -23.9524 -2.36295 -0.277799 -2.09367 -24.9877 -0.226104 -0.413541 -4.85106 -9.35531
internal_weight=1441.45 207.124 20.0334 8.806 1.01506 0.131091 0.00823153 0.00420982 0.00274363 0.122859 0.0383942 0.0182515 0.00433014 0.0139213 0.00676819 0.00472395 0.00715313 0.0844651 0.00402171 0.0828713 0.0258011 0.00418367 0.0216174 0.883973 0.0244686 0.002005 0.859505 0.550088 0.0207935 0.0107284
internal_count=2807928 1863976 308463 300110 22199 5554 1195 495 220 4359 1785 1448 272 1176 611 299 565 2574 700 2376 1721 576 1145 16645 241 53 16404 12628 1034 448
is_linear=0
shrinkage=0.05


Tree=215
num_leaves=31
num_cat=0
split_feature=11 7 4 9 4 3 4 9 1 7 9 9 3 1 7 1 9 1 1 1 9 10 4 9 4 4 1 7 4 3
split_gain=3.87045 11.2314 11.0333 18.43 41.8867 200.216 709.193 1415.2 422.031 499.605 5.33909 859.401 78.2979 686.511 4.88079 3.68674 3.68351 3.53722 3.95284 3.27668 3.12544 5.0416 6.26979 9.46154 5.69807 4.25323 3.50768 3.48947 3.665 3.1979
threshold=1.0000000180025095e-35 0.075498577207326903 0.52851876616477977 0.81844761967659008 0.17712418735027316 0.27639257907867437 0.16807910054922107 0.70139563083648693 0.28388279676437383 0.48809523880481726 0.59798866510391246 0.59384471178054821 0.18350168317556384 0.18065268546342853 0.29705883562564855 0.4246212244033814 0.59384471178054821 0.16064515709877017 0.12632978707551959 0.53248947858810436 0.90377491712570202 1.0000000180025095e-35 0.48934240639209753 0.94166260957717907 0.39250700175762182 0.49205549061298376 0.11215933039784433 0.77350428700447094 0.31139971315860754 0.27639257907867437
decision_type=2 2 2 2 2 2 2 2 2 2 2 2 2 2 2 2 2 2 2 2 2 2 2 2 2 2 2 2 2 2
left_child=20 16 3 4 5 8 -7 -8 10 -10 11 12 13 -3 -5 -16 -2 18 -4 -17 -1 26 23 24 27 -24 -22 28 29 -23
right_child=1 2 17 14 -6 6 7 -9 9 -11 -12 -13 -14 -15 15 19 -18 -19 -20 -21 21 22 25 -25 -26 -27 -28 -29 -30 -31
leaf_value=-0.0011714409119663097 -0.055160325390793935 -0.050001533302270709 0.01001139591931386 0.30196383945295635 -0.051107365874715149 -0.050282252339794789 -55.794279560640206 -6.5069161807415288 -46.440318124876974 -0.050040789144763898 -0.050151517186253491 -43.412480806695548 -0.35844673730727999 37.770557173640178 0.020063981713527013 -0.064073343687297918 0.14934462389907296 0.00011586988901977323 0.17228543675050811 0.02241085091823132 -0.062412994978124484 0.019044695246342669 0.17074632661720099 -0.021204560592223753 -0.042197941200502631 0.016256266336949304 0.0252917680770776 0.059152257953676214 0.057296435900628773 -0.034783408861188268
leaf_weight=1090.3617599937168 13.261846893082678 0.012984182186687064 0.92476667902118648 0.13920082626582697 16.133933158002414 0.028863026186556416 0.0017937941922865413 0.0077436616893467322 0.0010778113352334316 0.0012575415894389189 0.39295865475666719 0.0011530645434589806 0.24980975346155793 0.0013220322957172596 11.350225110262807 2.9997872731619273 0.22390611075190747 158.7824926829025 0.63157171346927232 1.7250163533462908 1.1772752525284875 8.2814286351204007 0.45119838276877899 45.294433693808969 3.5282842837041235 35.3368753654795 36.02943407035491 5.899268109817057 3.7874973881989709 4.1379008144140235
leaf_count=929335 1094911 10817 2467 50 647615 1185 593 33 117 5 4147 197 7178 1553 3329 167 140 88370 1083 19 14 39 4 521 45 11497 2419 31 25 22
internal_value=-0.00131814 -0.0076474 -0.00457087 -0.0308774 -0.0675241 -0.446465 -3.95626 -15.7768 -0.24243 -21.4601 -0.167151 -0.34047 -0.152429 3.44498 0.00716759 0.00461482 -0.0517649 0.000851116 0.0758632 -0.0324981 -0.000257331 0.00666794 0.00114231 -0.0074664 0.0168081 0.018204 0.0225167 0.0262259 0.0142407 0.00111012
internal_weight=1441.16 206.872 193.386 33.0471 16.8329 0.698964 0.0384005 0.00953746 0.660563 0.00233535 0.658228 0.265269 0.264116 0.0143062 16.2142 16.075 13.4858 160.339 1.55634 4.7248 1234.29 143.924 106.717 70.9288 25.6344 35.7881 37.2067 22.1061 16.2068 12.4193
internal_count=2807928 1863976 768925 677005 673440 25825 1811 626 24014 122 23892 19745 19548 12370 3565 3515 1095051 91920 3550 186 943952 14617 12184 683 162 11501 2433 117 86 61
is_linear=0
shrinkage=0.05


Tree=216
num_leaves=31
num_cat=0
split_feature=4 11 9 3 8 3 8 7 3 9 7 8 7 3 8 7 8 9 3 3 3 9 4 8 9 9 3 7 3 3
split_gain=45825.8 434932 6.87823e+07 1.10306e+08 2.91455e+06 4.20888e+06 1.39798e+06 2.93062e+07 358412 944702 153093 1.26867e+07 5.90178e+07 2.88709e+06 1.77092e+07 13045.9 4994.37 123027 61855.3 133284 10165.8 1494.96 1037.34 2618.2 349.87 257.146 1535.51 16535.3 15471.3 31.7482
threshold=0.17712418735027316 1.0000000180025095e-35 0.42438536882400518 0.20204082131385806 0.36932876706123358 0.24068965017795566 0.4349645227193833 0.15587044507265094 0.18350168317556384 0.6209508776664735 0.28869047760963445 0.46195203065872198 0.17519181966781619 0.18350168317556384 0.63897106051445018 0.11269841343164445 0.61830145120620739 0.59798866510391246 0.18350168317556384 0.13446328043937686 0.087922707200050368 0.55490627884864818 0.16807910054922107 0.43645593523979193 0.45476087927818304 0.59384471178054821 0.18350168317556384 0.39444445073604589 0.13446328043937686 0.2930081188678742
decision_type=2 2 2 2 2 2 2 2 2 2 2 2 2 2 2 2 2 2 2 2 2 2 2 2 2 2 2 2 2 2
left_child=1 -1 3 -3 5 -4 7 -6 9 -9 11 15 -13 14 -14 -8 17 18 19 20 -12 -16 23 -17 -24 26 27 28 -18 -27
right_child=-2 2 4 -5 6 -7 10 8 -10 -11 16 12 13 -15 21 22 25 -19 -20 -21 -22 -23 24 -25 -26 29 -28 -29 -30 -31
leaf_value=-0.0043710306847717182 -0.00099838542425635017 -20804.998680415247 -4212.9689399011122 -0.050000896621973323 -8399.4432348936425 -0.050053908294223765 -15.58081117642814 -1774.2517120929665 -0.050382505675557104 -0.050017042325400274 -0.050000966798236283 -10352.802666720891 -7314.4630790634246 -0.050083852818164604 -59.99600856313706 -0.4968486095062874 -31.497808207268395 -0.0505181651843193 -0.050000858308285961 -623.82768741126301 -183.37294574680234 -0.050037540466673351 -0.40730616890198434 -7.8625116908901678 -2.702685734662142 0.020967680709796387 -0.29801273255178823 -1.5791122308229701 -276.34166401593666 -1.5183664634717482
leaf_weight=37.458901716046562 1399.6373862458654 0.0010358112544112225 0.0010088017508794725 0.0016550919657889347 0.001089364404711377 0.001437794318164265 0.21925833585815313 0.0010709041642404165 0.028314222870253758 0.0025060873244200366 0.0014058963429307561 0.0016469049867507126 0.0010253727698870422 0.011686321574327254 0.0016681700650003073 0.24339746307724056 0.0015899359799795279 0.16556280504864063 0.0024275474602291069 0.0020039147301311733 0.001636456365651906 0.0027620807924080785 0.49737163353788916 0.23922902553229028 0.24918310360680962 2.0194147729042409 0.28031958283066322 0.032732163030774641 0.0010858090977192703 0.034061031927609675
leaf_count=22520 2757730 4290 1200 2351 3170 235 1007 429 357 66 97 6315 1904 1498 43 57 108 753 214 167 119 345 35 720 155 1669 152 65 84 73
internal_value=-0.049552 -1.68683 -17.2573 -8008.51 -11.9411 -1737.16 -10.8969 -335.096 -59.6279 -531.223 -8.23016 -21.0908 -1312 -443.407 -1393.11 -4.34546 -0.80774 -9.00812 -207.44 -307.207 -98.6579 -22.6221 -2.34133 -4.14787 -1.17345 -0.208819 -1.53728 -11.3484 -130.855 -0.00456528
internal_weight=1441.14 41.5065 4.04759 0.0026909 4.0449 0.0024466 4.04245 0.0329806 0.0318912 0.00357699 4.00947 1.46723 0.0187889 0.0171419 0.00545562 1.44844 2.54224 0.173037 0.00747381 0.00504627 0.00304235 0.00443025 1.22918 0.482626 0.746555 2.3692 0.315727 0.0354079 0.00267575 2.05348
internal_count=2807928 50198 27678 6641 21037 1435 19602 4022 852 495 15580 12079 10105 3790 2292 1974 3501 1350 597 383 216 388 967 777 190 2151 409 257 192 1742
is_linear=0
shrinkage=0.05


Tree=217
num_leaves=31
num_cat=0
split_feature=4 8 11 1 7 7 8 4 9 9 1 7 2 9 9 7 9 11 2 7 9 1 7 7 8 11 9 8 2 7
split_gain=388.937 4820.8 8881.19 31535.4 54288.6 1.53214e+06 5896.29 304.153 32.3173 31.348 13.2267 15.0186 35.9387 146.217 613.696 6.90924 6.40457 6.34704 171.756 807.816 5.01734 4.58808 6.73567 29.7909 16.8306 14.989 80.8444 6.14107 5.70715 5.21681
threshold=0.17712418735027316 0.46195203065872198 1.0000000180025095e-35 0.26138716936111456 0.12060606107115747 0.26201373338699346 0.45291082561016088 0.15504807978868487 0.48022346198558813 0.52106758952140819 0.19139194488525393 0.70714285969734203 0.13446328043937686 0.60169798135757457 0.54587543010711681 0.12060606107115747 0.48292520642280584 1.0000000180025095e-35 0.30471627414226538 0.48809523880481726 0.51628047227859508 0.13446328043937686 0.38278388977050787 0.36939570307731634 0.67936623096466076 1.0000000180025095e-35 0.54176929593086254 0.75093984603881847 0.15535445511341098 0.80476191639900219
decision_type=2 2 2 2 2 2 2 2 2 2 2 2 2 2 2 2 2 2 2 2 2 2 2 2 2 2 2 2 2 2
left_child=1 2 -1 4 7 -6 -7 9 -9 16 15 12 13 14 -12 -3 -4 -14 -19 -20 -10 27 23 25 -25 -23 -27 -17 -28 -24
right_child=-2 10 3 -5 5 6 -8 8 20 -11 11 -13 17 -15 -16 21 -18 18 19 -21 -22 22 29 24 -26 26 28 -29 -30 -31
leaf_value=0.02565262311346439 -0.00094858440019112691 -0.071101951084716827 -9.4277608701644784 -0.080175065882415852 -1554.0090973242443 -0.050315420670191492 -102.70316530413734 -12.512996487857821 -13.78785967462934 -11.514542272132777 -0.050491506215787602 0.014634233363048969 -0.077057594779187583 -0.051112376710453128 -20.050901963138887 -0.04643477279727936 -10.336020129430354 -0.16633920345524833 -49.349846182358696 -0.050067449895258798 -14.885002694197404 0.048500636199838493 -0.0094860790329679787 0.58823716153844063 2.1288080735146684 4.832979043543066 0.53911109002297597 0.023970450987502039 -0.051132075352064925 0.075547838211329224
leaf_weight=1.8076187903901686 1399.4672039827292 2.4537713075426444 0.10023469407842163 0.75923097835843356 0.0016731434874418241 0.032776881220459533 0.0014612309794610609 0.08358038512569109 0.046971999646722197 0.025940874740241288 0.016469466514486331 4.0235153815422109 4.8804562657800163 0.078402608036412857 0.0049998098315162656 5.2271477857386905 0.024070262754730995 0.53504355958529659 0.0010142019959880058 0.004598144083679756 0.013391238479128882 3.8865285607277618 6.7391786926439377 0.077975835391953185 0.022945589931623545 0.010238732144906115 0.084612270199443146 7.6011261204435456 0.079371473082936489 2.4628471995238215
leaf_count=18322 2757730 3074 4097 547 3988 509 78 2689 349 231 98 54 1134 44 39 5021 427 3624 343 16 185 908 537 67 25 1603 554 256 1343 36
internal_value=-0.00540019 -0.157026 -2.12347 -5.68969 -18.5916 -76.6279 -4.43138 -11.5072 -13.1497 -9.93357 -0.00785966 -0.0588364 -0.11238 -1.05224 -4.70823 0.00912534 -9.60364 -0.0950646 -0.257612 -8.95899 -14.0313 0.0166414 0.0371446 0.0899289 0.938503 0.0688394 0.522553 -0.00471763 0.253421 0.0132726
internal_weight=1440.55 41.0872 2.89695 1.08933 0.330101 0.0359113 0.0342381 0.294189 0.143944 0.150246 38.1902 9.5445 5.52098 0.0998719 0.0214693 28.6457 0.124305 5.42111 0.540656 0.00561235 0.0603632 26.192 13.3637 4.16167 0.100921 4.06075 0.174222 12.8283 0.163984 9.20203
internal_count=2807928 50198 31422 13100 12553 4575 587 7978 3223 4755 18776 5352 5298 181 137 13424 4524 5117 3983 359 534 10350 5073 4500 92 4408 3500 5277 1897 573
is_linear=0
shrinkage=0.05


Tree=218
num_leaves=31
num_cat=0
split_feature=13 2 1 7 12 2 7 9 1 2 2 9 4 6 0 9 7 6 10 4 4 4 7 9 9 2 5 2 0 1
split_gain=3.20773 3.00483 11.5612 9.55701 15.5749 8.53776 66.0792 7.95631 6.05706 5.84249 9.98771 7.23536 5.58253 4.88873 5.97663 4.55042 6.14283 9.06929 11.774 7.13229 11.4583 4.55572 5.97995 4.44036 6.70101 4.42769 5.16414 5.80574 4.97693 7.65254
threshold=1.0000000180025095e-35 0.70087718963623058 0.71010184288024913 0.065591398626565947 1.0000000180025095e-35 0.70678734779357921 0.94427245855331432 0.57979589700698864 0.79118219017982494 0.91106721758842479 0.84889996051788341 0.90377491712570202 0.75147059559822094 1.0000000180025095e-35 0.15476191043853763 0.38587585091590887 0.2788888961076737 1.0000000180025095e-35 1.0000000180025095e-35 0.53410854935646068 0.5388936996459962 0.80259740352630626 0.078461539000272765 0.6209508776664735 0.63069993257522594 0.34178434312343603 1.0000000180025095e-35 0.45393940806388861 0.81666666269302379 0.68133461475372326
decision_type=2 2 2 2 2 2 2 2 2 2 2 2 2 2 2 2 2 2 2 2 2 2 2 2 2 2 2 2 2 2
left_child=1 3 9 4 25 6 -4 -6 15 10 12 -12 13 14 -3 -5 17 18 19 -17 -21 23 -23 -19 -25 -1 27 -27 29 -28
right_child=-2 2 5 8 7 -7 -8 -9 -10 -11 11 -13 -14 -15 -16 16 -18 21 -20 20 -22 22 -24 24 -26 26 28 -29 -30 -31
leaf_value=0.054070579956171011 0.034810101080515528 0.092639866910704693 -0.11156086984011718 0.019601242854851885 -0.051303011355043754 6.8875162300975021e-05 -3.6742947451442802 0.11560176110358977 0.049912109273202068 0.070737551713132896 -0.059413812404148593 -0.36565333035437586 -0.031673371345596113 0.066390613961580122 -0.027846634203966405 -0.071242121323165056 -2.6714937981141626e-05 0.01067667321069956 -0.0080804297931075623 0.2881900279840145 -0.028296637559310774 0.25700064766704112 -0.056225093398537956 0.22732006694939028 0.042842018143788241 -0.05552046440350307 0.1133195527185875 -0.0051325819099814329 -0.069357137446634382 -0.065181976384092774
leaf_weight=3.1236011702624173 6.2051585013687136 1.4109489525757655 0.42730998128274578 24.124725009410895 30.207967453522915 643.051092925131 0.013423665077425539 0.73131255971915621 5.7295887875087592 7.6541243502610987 1.0660951410184214 0.23547791363671411 3.0909574595871225 8.391681284281189 3.8045888595398076 13.978479220393746 509.99296603589977 19.387037739230998 74.561807364798938 0.29111470074717161 16.243757171044006 0.16005665436159633 3.1762535721177301 0.56048851238699526 4.0435758898014456 6.4821573621927646 2.6245216821553181 48.41066393095889 0.75580778717994679 0.77854172512888897
leaf_count=4132 2620 134 824 148799 1542679 137854 4 217 1644 521 267 12 1473 4698 19421 592229 140569 26397 69096 2762 59057 74 407 109 316 13437 94 38068 4 10
internal_value=-0.00106187 -0.00121704 0.00123034 -0.00335674 -0.0183693 -8.19021e-05 -0.220073 -0.0473579 -0.00127733 0.0341462 0.0185863 -0.114818 0.0289848 0.0427636 0.00474834 -0.00171737 -0.00251798 -0.0121139 -0.0187875 -0.0449509 -0.0227245 0.0135462 -0.0411984 0.0211593 0.0653 -0.00394412 -0.00701287 -0.0110828 0.0467055 0.0724826
internal_weight=1440.72 1434.51 669.146 765.364 93.1146 643.492 0.440734 30.9393 672.25 25.6539 17.9997 1.30157 16.6982 13.6072 5.21554 666.52 642.396 132.403 105.075 30.5134 16.5349 27.3274 3.33631 23.9911 4.60406 62.1753 59.0517 54.8928 4.15887 3.40306
internal_count=2807928 2805308 165208 2640100 1598641 138682 828 1542896 1041459 26526 26005 279 25726 24253 19555 1039815 891016 750447 723144 654048 61819 27303 481 26822 425 55745 51613 51505 108 104
is_linear=0
shrinkage=0.05


Tree=219
num_leaves=31
num_cat=0
split_feature=11 7 4 9 7 2 9 1 1 4 4 7 1 1 7 7 2 9 13 2 1 1 9 4 9 9 9 7 4 2
split_gain=3.00413 10.5924 7.62901 12.9095 3.49465 4.20414 3.3251 3.06425 3.0771 3.02905 7.3533 23.0463 76.4696 265.903 5.91012 91.9752 2.9123 2.86766 2.79591 2.68713 3.48269 6.5376 5.61441 4.31192 3.83165 3.38806 5.52286 4.59934 3.57373 3.40393
threshold=1.0000000180025095e-35 0.075498577207326903 0.52851876616477977 0.81844761967659008 0.29705883562564855 0.4248871803283692 0.59384471178054821 0.16064515709877017 0.12632978707551959 0.2014492750167847 0.19639987498521808 0.34057971835136419 0.18321678787469867 0.18065268546342853 0.55050507187843334 0.56696429848670971 0.42179392278194433 0.2274575084447861 1.0000000180025095e-35 0.24525599926710132 0.40862709283828741 0.40238095819950109 0.94166260957717907 0.54653680324554454 0.3215534389019013 0.81844761967659008 0.7807200849056245 0.59166666865348827 0.80982521176338207 0.45923791825771337
decision_type=2 2 2 2 2 2 2 2 2 2 2 2 2 2 2 2 2 2 2 2 2 2 2 2 2 2 2 2 2 2
left_child=18 6 3 9 -5 16 -2 8 -4 10 14 12 13 -12 -3 -16 -6 -9 -1 -19 21 22 23 -21 -25 26 27 -22 -28 -27
right_child=1 2 7 4 5 -7 -8 17 -10 -11 11 -13 -14 -15 15 -17 -18 19 -20 20 25 -23 -24 24 -26 29 28 -29 -30 -31
leaf_value=-0.00023193128378715206 -0.054862809342103108 -0.068231291035525582 0.0097047200467448129 0.23063829463880767 0.016208623180208076 -0.039088231665299171 0.13496874625989835 0.11553517339116542 0.14899523163407463 -0.046599349873765739 -0.050070617718362999 -0.050300879186679553 -0.050061025943404586 -18.780460315069707 -5.0112399923705189 -0.050044643525305736 0.22063539042697813 -0.068646542308266875 0.034105801589169316 0.25564503095118252 -0.001578866814902829 0.26514848349405573 0.14373437759627181 0.21708532472120301 -0.01896330138657365 -0.058617353094601247 0.058149993962952597 0.081492415666696891 0.0027967744573279916 -0.0069434356367902676
leaf_weight=1226.1967417392841 12.220030306611088 2.3026912236229542 0.92743368825258832 0.17223425861660047 11.845104606488441 4.162435486301546 0.23511697597114078 0.53654974894743546 0.69259173259689744 14.882892979610569 0.0065326413669316808 0.078594418221674123 0.021873937633876264 0.002668977070348918 0.010051165748336754 0.13239821657779793 0.17682178269024085 1.4232198528115976 5.9569603841810013 0.16130216410290676 72.166881814381213 0.304870889000881 0.846879273187369 0.18018983120799781 3.7451924548091835 3.3595617425162336 7.4815358448977332 1.7056037153379282 4.7782334283692762 62.03575404942967
leaf_count=941334 1094911 39178 2467 50 3316 191 140 223 1083 628227 1132 318 4017 255 31 282 8 6786 2618 3129 60757 31 11 286 15742 33 72 39 99 1162
internal_value=-0.00100147 -0.00658114 -0.00371351 -0.0253036 0.00660453 0.00422035 -0.0512793 0.000836783 0.0692541 -0.0552334 -0.10553 -0.506065 -1.65876 -5.48292 -0.0875656 -0.400104 0.0192154 0.000138486 -6.59224e-05 -0.000252919 0.000368001 0.0404497 0.0265644 0.00228338 -0.00812778 -0.00101766 0.00549697 0.000339123 0.0365761 -0.00959809
internal_weight=1438.75 206.595 194.14 33.7943 16.3566 16.1844 12.4551 160.346 1.62003 17.4377 2.55481 0.10967 0.0310756 0.00920162 2.44514 0.142449 12.0219 158.726 1232.15 158.189 156.766 5.23843 4.93356 4.08668 3.92538 151.528 86.1323 73.8725 12.2598 65.3953
internal_count=2807928 1863976 768925 677005 3565 3515 1095051 91920 3550 673440 45213 5722 5404 1387 39491 313 3324 88370 943952 88147 81361 19199 19168 19157 16028 62162 60967 60796 171 1195
is_linear=0
shrinkage=0.05


Tree=220
num_leaves=31
num_cat=0
split_feature=5 2 11 7 4 7 1 4 4 0 2 4 7 6 4 4 7 7 2 4 4 7 1 1 1 4 6 1 6 4
split_gain=2.78645 6.51736 3.71089 10.6253 5.06785 7.02306 4.22842 5.13645 6.05368 5.09226 4.74531 4.52336 3.5654 3.25123 4.94702 17.9863 3.02466 3.36124 2.96003 2.95628 13.1103 5.9656 5.6003 4.8602 4.41923 8.4418 7.224 3.7664 3.6287 3.54189
threshold=1.0000000180025095e-35 0.45512083172798162 1.0000000180025095e-35 0.098387096077203764 0.52851876616477977 0.31909090280532842 0.91476997733116161 0.93063354492187511 0.84292763471603405 0.63333335518836986 0.93440860509872448 0.71516755223274242 0.36602871119976049 1.0000000180025095e-35 0.51191151142120372 0.45867486298084265 0.48809523880481726 0.24499999731779101 0.90098038315773021 0.68614074587821972 0.68108487129211437 0.17519181966781619 0.79118219017982494 0.67099568247795116 0.83457711338996898 0.81661397218704235 1.0000000180025095e-35 0.72850123047828685 1.0000000180025095e-35 0.55848154425621044
decision_type=2 2 2 2 2 2 2 2 2 2 2 2 2 2 2 2 2 2 2 2 2 2 2 2 2 2 2 2 2 2
left_child=2 -2 -1 -4 5 -5 18 8 10 -9 -8 -12 19 -14 15 -15 17 -13 -6 20 27 23 -21 -22 25 26 -24 28 -3 -30
right_child=1 12 3 4 6 -7 7 9 -10 -11 11 16 13 14 -16 -17 -18 -19 -20 22 21 -23 24 -25 -26 -27 -28 -29 29 -31
leaf_value=-0.00091221133741280994 0.072332113183036034 -0.019023871465952025 -0.055397224794669811 -0.057423769910050881 0.0035181886661332521 -0.007420369222521369 -0.077959540707780314 0.070405725109531428 -0.056313696624246491 -0.057183883220910607 -0.03978299342441019 -0.017582503111541244 0.046257562217812742 0.05369263956333592 0.012255917369326734 -0.59293637825761347 -0.0030038354633843216 0.074126828947391352 0.046639963598985534 -0.028589173788284461 0.27930438952942843 0.30967313812361486 -0.094786244058265468 0.059872961720825651 -0.00066244191972863152 0.070679131943725479 0.029709700845097282 -0.0071156573697834504 -0.044875637610300223 0.090628157804441875
leaf_weight=982.30198554957747 3.3871198792035093 1.6967348358850856 11.537019360162104 10.107946009581037 74.640140096068421 23.00151894634968 2.0808021122648013 2.977514927275478 9.3133318430627678 1.0605757692828772 4.6041884413789402 1.3885044935741442 7.5809698786506479 0.34875314997043716 29.261914175498532 0.15548478529672138 6.7764410749077797 3.5626096539199352 4.2037681529400279 17.271677260636352 0.29990738850210563 0.38900140702025954 1.8604121154003204 1.5912125794857273 207.69933855914041 6.1787844613427296 3.1182422517576924 15.803637574118056 0.57159315122476106 3.085314666602244
leaf_count=922858 1518 1516 1179651 526600 72030 71542 27 75 168 16 352 181 3750 39 10926 29 39 27 107 2006 35 14 86 110 9852 310 202 1417 1370 1075
internal_value=-0.000916628 0.00336734 -0.00204754 -0.00923082 -0.00552478 -0.0226858 -0.000387773 -0.01579 -0.0234632 0.0368952 -0.00684699 0.00221335 0.0025806 0.0170252 0.00958016 -0.145699 0.0187009 0.0484076 0.00581734 0.000502275 0.0174394 0.131352 -0.00117885 0.094672 0.00098431 0.0316391 -0.0168117 0.00516295 0.0414087 0.0694482
internal_weight=1437.86 300.3 1137.56 155.254 143.717 33.1095 110.608 31.764 27.7259 4.03809 18.4125 16.3317 296.913 37.3471 29.7662 0.504238 11.7276 4.95111 78.8439 259.566 23.4374 2.28012 236.128 1.89112 218.857 11.1574 4.97865 21.1573 5.35364 3.65691
internal_count=2807928 34255 2773673 1850815 671164 598142 73022 885 794 91 626 599 32737 14744 10994 68 247 208 72137 17993 5537 159 12456 145 10450 598 288 5378 3961 2445
is_linear=0
shrinkage=0.05


Tree=221
num_leaves=31
num_cat=0
split_feature=13 2 1 7 12 9 2 2 8 1 2 8 8 2 1 7 6 10 8 2 2 8 6 10 10 2 0 1 1 1
split_gain=2.79053 2.50915 10.4391 8.58093 14.3358 7.29543 5.59255 8.67452 5.82182 5.44248 4.39489 4.32874 8.67212 7.40415 4.57984 4.47949 7.02415 6.39211 5.90771 4.73666 4.09882 4.07181 3.98125 5.12007 3.94039 3.87387 4.89511 3.7675 3.66825 4.88566
threshold=1.0000000180025095e-35 0.70087718963623058 0.71010184288024913 0.065591398626565947 1.0000000180025095e-35 0.57979589700698864 0.91106721758842479 0.84889996051788341 0.8825557827949525 0.79118219017982494 0.7103942632675172 0.38115416467189794 0.41280081868171697 0.39736843109130865 0.68801230192184459 0.2788888961076737 1.0000000180025095e-35 1.0000000180025095e-35 0.70782846212387096 0.36266924440860754 0.42179392278194433 0.4231786727905274 1.0000000180025095e-35 1.0000000180025095e-35 1.0000000180025095e-35 0.34178434312343603 0.29285715520381933 0.63224515318870556 0.41612553596496588 0.55625879764556896
decision_type=2 2 2 2 2 2 2 2 2 2 2 2 2 2 2 2 2 2 2 2 2 2 2 2 2 2 2 2 2 2
left_child=1 3 6 4 25 -6 7 22 -9 11 -4 14 13 -13 -5 16 17 19 -18 -14 21 -21 23 -3 27 -1 -27 -15 -28 -30
right_child=-2 2 10 9 5 -7 -8 8 -10 -11 -12 12 15 24 -16 -17 18 -19 -20 20 -22 -23 -24 -25 -26 26 28 -29 29 -31
leaf_value=0.049373810915867365 0.03368532521727656 -0.043147011932052955 -0.094004334062191275 0.020035981243080852 -0.050457562228223063 0.10863778892113299 0.069219766763583948 -0.075665276544368248 -0.48486982958025859 0.04775615103032025 0.00016077558167681199 -0.061608838682921607 -0.067981611629531924 0.059974178276293172 -0.048707486554186268 0.00068496546272508237 0.0073864650404498571 -0.0089272649807128224 0.11350909853894385 0.17636881645501321 -0.036435218019361212 0.0068299077682543305 0.046520234693945527 0.047522968208553569 -0.027392910063731724 -0.043088828956666075 -0.059110525559646632 -0.055120030545884172 0.025125091789761897 -0.0089049209228982042
leaf_weight=3.2441142575867721 5.8183406916650702 3.5831258677331386 1.2415003627824024 34.37204277243859 28.256769017945494 0.73942522903387953 7.399078763212855 1.2693521010206712 0.093308998737484106 5.6710774414542575 641.80139842974552 11.246660396873903 9.106490440665171 3.2297840660627624 2.6065937890558635 500.15138727579887 21.511439223309413 60.207620991377212 1.3965643110941517 0.40754684555587983 10.318030436325317 2.7030876856800328 10.409922990634598 2.75349753036744 6.7056015306441168 8.0064583775267106 2.5802311861449416 0.91174539823488876 15.574652376057086 32.674836485027981
leaf_count=4132 2620 20425 1368 186884 1542679 217 521 269 10 1644 137314 96770 367912 27661 2781 135175 21364 51459 47 5374 72628 65596 5098 203 1613 36035 1048 4551 4034 10496
internal_value=-0.000871382 -0.00101197 0.00122336 -0.00297414 -0.0173747 -0.0464005 0.0325933 0.0176284 -0.103686 -0.00101819 -2.10257e-05 -0.00143422 -0.00241328 -0.0331827 0.0151903 -0.00129111 -0.0106459 -0.0174295 0.0138561 -0.040145 -0.0212679 0.0290424 0.0274997 -0.00374755 -0.00370953 -0.00381741 -0.00675027 0.0346365 -0.00102639 0.00207977
internal_weight=1435.99 1430.17 668.551 761.622 91.0765 28.9962 25.5083 18.1092 1.36266 670.546 643.043 664.875 627.896 22.0938 36.9786 605.802 105.651 82.7428 22.908 22.5352 13.4287 3.11063 16.7465 6.33662 10.8471 62.0803 58.8362 4.14153 50.8297 48.2495
internal_count=2807928 2805308 165208 2640100 1598641 1542896 26526 26005 279 1041459 138682 1039815 850150 130595 189665 719555 584380 562969 21411 511510 143598 70970 25726 20628 33825 55745 51613 32212 15578 14530
is_linear=0
shrinkage=0.05


Tree=222
num_leaves=31
num_cat=0
split_feature=4 0 3 8 7 8 7 3 11 7 3 8 4 1 8 0 6 9 0 7 7 1 7 6 3 3 3 8 4 8
split_gain=2.67197 5.09433 7.27944 4.78204 5.21818 3.81479 5.37444 5.73424 10.3562 6.79457 6.50291 6.57614 6.28551 6.59951 13.1384 6.62233 5.9714 5.61657 8.2019 5.32787 5.07442 4.85939 11.8652 7.66955 7.49983 7.37692 6.5892 6.34168 6.99056 6.17722
threshold=0.84292763471603405 0.29285715520381933 0.77485185861587536 1.0000000180025095e-35 0.17752101272344592 0.68863317370414745 0.87083333730697643 0.91547620296478283 1.0000000180025095e-35 0.64495798945426952 0.84924244880676281 0.66841188073158275 0.7228132188320161 0.75716626644134533 0.63349834084510814 0.81666666269302379 1.0000000180025095e-35 0.69056183099746715 0.29285715520381933 0.43303571641445165 0.48809523880481726 0.68801230192184459 0.075498577207326903 1.0000000180025095e-35 0.61414393782615673 0.52419984340667736 0.45748709142208105 0.38115416467189794 0.82446312904357921 0.41280081868171697
decision_type=2 2 2 2 2 2 2 2 2 2 2 2 2 2 2 2 2 2 2 2 2 2 2 2 2 2 2 2 2 2
left_child=5 3 -3 -2 -5 6 7 8 10 -10 11 21 13 15 16 -9 -15 -13 -19 -7 -21 22 24 25 26 -23 -1 -24 29 -29
right_child=1 2 -4 4 -6 19 -8 12 9 -11 -12 17 -14 14 -16 -17 -18 18 -20 20 -22 23 27 -25 -26 -27 -28 28 -30 -31
leaf_value=-0.010749692605098541 0.11428795528916505 -0.060441897987809169 0.0030225455653122208 -0.02117688900557399 0.056655503698923942 0.011526988715179275 0.026742251444172811 0.012688982167046886 -0.039913059376728614 0.041775279782318736 -0.037531309426224228 -0.0078710745396834356 -0.0068122190347636533 0.025247597954006558 -0.1138724930274097 0.073803242377362896 -0.008170806250730309 -0.047586187432633015 -0.20831783959338185 -0.029500271587631646 -1.1707760746702717e-05 0.091174675577140513 0.022433000813339675 0.029260406599638529 -0.0011777166513757275 -0.01892781528969234 -0.077647671341590965 -0.037569996622233877 -0.14263990135010504 -0.0017115111323162725
leaf_weight=5.3356081819022227 1.7004993016597882 4.587674132106371 298.88237914217234 3.8236602871120038 4.9300451842991606 105.73950583853104 13.759454606741199 86.152210152383105 35.146862245969785 2.7443090982790599 15.844159841878193 8.8710368286066359 175.94216963716826 17.558757868991961 2.6326616551377802 4.6731098213581097 55.998457030527788 6.9468537497959906 0.89606852014549065 15.358669352950526 291.04002144518131 1.6457465472958528 23.867599086538405 27.070402425875905 9.3043083222137977 20.122012747132715 11.868416109114248 12.938430877696247 0.91761811105243296 167.4021791986674
leaf_count=394347 28 2519 30351 1452 1269 25433 516 107860 1718634 450 6318 1525 18269 4420 92 316 10768 278 11 1791 18233 95 41105 6457 110253 29527 97439 29485 66 148621
internal_value=-0.000831384 0.00324532 0.00206313 0.0375626 0.0226579 -0.00197427 -0.00420145 -0.00481506 -0.00930852 -0.0339967 -0.00632011 -0.00465612 -0.000217245 0.00673023 -0.0041216 0.0158334 -0.000193538 -0.0351243 -0.0659501 0.00184978 -0.00148986 -0.00284045 -0.00586245 0.0114926 -0.0373418 -0.0106035 -0.0569001 -0.00179438 -0.00498458 -0.00428416
internal_weight=1433.7 313.924 303.47 10.4542 8.75371 1119.78 707.638 693.879 350.922 37.8912 313.03 297.186 342.957 167.015 76.1899 90.8253 73.5572 16.714 7.84292 412.138 306.399 280.472 231.634 48.8382 26.5083 21.7678 17.204 205.126 181.258 180.341
internal_count=2807928 35619 32870 2749 2721 2772309 2726852 2726336 2584611 1719084 865527 859209 141725 123456 15280 108176 15188 1814 289 45457 20024 857395 821316 36079 602039 29622 491786 219277 178172 178106
is_linear=0
shrinkage=0.05


Tree=223
num_leaves=31
num_cat=0
split_feature=13 4 0 3 8 7 0 0 4 3 0 2 0 2 4 10 2 2 8 4 2 7 0 7 8 11 4 7 4 8
split_gain=2.59287 2.45132 4.67208 6.77786 4.11442 4.85709 3.55857 6.37144 7.03357 7.51445 6.8887 6.93576 6.35322 6.91842 9.09789 4.79682 42.0433 33.2143 56.2292 8.37035 5.73511 4.71738 3.94693 5.55873 4.86117 3.70623 4.08823 5.78183 16.4424 30.3387
threshold=1.0000000180025095e-35 0.84292763471603405 0.29285715520381933 0.77485185861587536 1.0000000180025095e-35 0.17752101272344592 0.63333335518836986 0.46428571641445165 0.90366768836975109 0.88493064045906078 0.38750000298023229 0.8841681480407716 0.81666666269302379 0.92450141906738292 0.89059829711914074 1.0000000180025095e-35 0.8410526216030122 0.77032968401908886 0.70782846212387096 0.87026646733284008 0.84889996051788341 0.098387096077203764 0.70833334326744091 0.19292803853750232 0.7729182541370393 1.0000000180025095e-35 0.90366768836975109 0.82085561752319347 0.89059829711914074 0.92546296119689953
decision_type=2 2 2 2 2 2 2 2 2 2 2 2 2 2 2 2 2 2 2 2 2 2 2 2 2 2 2 2 2 2
left_child=1 -1 4 -4 -3 -6 7 8 9 -5 11 -10 13 14 15 22 17 -17 -19 -20 -18 -13 23 -8 -24 26 27 -14 -29 -30
right_child=-2 2 3 6 5 -7 12 -9 10 -11 -12 21 25 -15 -16 16 20 18 19 -21 -22 -23 24 -25 -26 -27 -28 28 29 -31
leaf_value=-0.0020248352891920137 0.033077386866934191 0.10630867497878738 -0.059536868744508087 0.043763140046551623 -0.020230194878094486 0.055599395770773399 -0.044672924123305514 0.027878584136643143 -0.046684384045154965 -0.028692588974485785 -0.25212716837530563 -0.021497368080999758 0.019826517969303084 -0.072643835572883106 0.011697031061528553 0.051333793852782465 0.44938680221648508 -1.70812929493326 0.050284095503876428 -0.67669149554790753 0.047196800068724232 0.052123196078587702 -0.053608232136922618 0.04497609520629977 -0.22130432176221693 -0.011671244338049646 0.00069291679733120325 -0.010982286743119947 0.050108873387113589 -1.3179100888548372
leaf_weight=1113.6138352017924 5.62824542641465 1.7357576456269601 4.4294950149616161 11.650078335172113 3.8030047573776624 4.7484408882464777 5.5810152148878824 34.650114002285591 10.266445501189088 5.1648545504394852 0.32180002651875739 4.5171194671638641 53.512922171445098 5.2607903195093959 18.2378371269333 0.15918455109931595 0.10671548440586776 0.11370494333095849 0.093413566937670112 0.068726582103408873 0.52324250608216971 4.1982179160695523 2.2327534781506997 2.5053213252685964 0.53586830617859949 33.9489185956445 103.25822230157792 0.81806031102314491 0.090956384432502091 0.073098446824587882
leaf_count=2770896 2620 28 2518 3134 1452 1181 402 3203 777 479 10 176 2214 391 1297 30 18 22 38 17 133 640 121 54 10 4356 11234 385 51 41
internal_value=-0.000792906 -0.000926567 0.00298586 0.00185829 0.0361226 0.0218764 0.00277121 0.0125613 -0.0021332 0.0215077 -0.0227263 -0.0188372 -0.000279298 -0.0197345 -0.0105049 -0.0444745 -0.145738 -0.523782 -0.855669 -0.25786 0.115328 0.013966 -0.0345395 -0.0168977 -0.0860659 0.00331522 0.00654034 0.0176202 -0.102599 -0.559444
internal_weight=1431.85 1426.22 312.606 302.319 10.2872 8.55145 297.889 70.7686 36.1185 16.8149 19.3036 18.9818 227.121 35.4186 30.1578 11.9199 1.06499 0.43503 0.275845 0.16214 0.629958 8.71534 10.855 8.08634 2.76862 191.702 157.753 54.495 0.982115 0.164055
internal_count=2807928 2805308 34412 31751 2661 2633 29233 8419 5216 3613 1603 1593 20814 2533 2142 845 258 107 77 55 151 816 587 456 131 18281 13925 2691 477 92
is_linear=0
shrinkage=0.05


Tree=224
num_leaves=31
num_cat=0
split_feature=13 5 2 7 3 10 9 8 9 1 7 1 8 2 1 9 1 8 0 3 8 8 1 7 7 1 0 8 1 8
split_gain=2.41408 2.22869 5.93641 2.97319 11.0871 20.5679 5.68443 6.86896 6.67162 5.19972 10.2071 9.73474 29.7311 31.9723 130.78 6.17832 4.87288 4.17311 4.97869 3.91202 3.89783 5.53722 11.5034 4.50019 4.44674 4.16634 3.78316 11.3997 8.61618 5.14705
threshold=1.0000000180025095e-35 1.0000000180025095e-35 0.45512083172798162 0.26794873178005224 0.61414393782615673 1.0000000180025095e-35 0.62617477774620067 0.62303319573402416 0.59384471178054821 0.35043859481811529 0.39444445073604589 0.37884436547756201 0.61830145120620739 0.36266924440860754 0.36882591247558599 0.55747640132904064 0.3536857813596726 0.73186674714088451 0.21111111342906955 0.58397436141967785 0.70782846212387096 0.54589802026748668 0.80350878834724437 0.11651583760976793 0.1490740776062012 0.68133461475372326 1.0000000180025095e-35 0.37221671640872961 0.32305502891540533 0.37150664627552038
decision_type=2 2 2 2 2 2 2 2 2 2 2 2 2 2 2 2 2 2 2 2 2 2 2 2 2 2 2 2 2 2
left_child=1 3 -3 4 5 26 7 9 -9 10 -5 12 -11 16 -15 -12 -14 -10 -19 -7 21 -6 24 -24 -23 -26 27 29 -29 -1
right_child=-2 2 -4 6 20 19 -8 8 17 11 15 -13 13 14 -16 -17 -18 18 -20 -21 -22 22 23 -25 25 -27 -28 28 -30 -31
leaf_value=0.045098251086949169 0.032472780357698849 0.06998421794409064 0.0022357624329869025 -0.023276036434619424 0.00049727139122366412 -0.0011816463956902906 -0.0014515897767381318 -0.04737033163506954 0.0034532856394508199 0.077523490748873922 0.1386644353410362 0.020569744203150123 0.7931584952146421 -0.050191955124932887 9.4864796281929316 0.0064334773634123106 -0.051092308069199011 0.21225556834857257 -0.023665843556471781 -0.075991627123112415 0.044922658398451984 0.038231773220481269 0.04256812075312881 -0.069497383946886301 0.01256929216331016 -0.05163845597139758 -0.063180932429851497 -0.074740085517702698 -0.0039424122733114552 0.39038542758394418
leaf_weight=2.8688099567794794 5.4509240107654469 3.2692773109490636 294.97764200447978 13.912928622843385 350.43948125609586 74.042804057104831 544.81446207237514 8.4584921335375718 6.3188284525882148 4.6366426818844735 1.7490989121904283 45.343046558314818 0.059068088548656195 0.011436224747285451 0.0052429975055474634 1.784754728359206 0.024050805374827178 0.55362324679486352 0.3751660524867475 1.7897581296107308 4.6332691667421377 6.1327942127537787 0.97676749012782593 10.81133840624352 5.7622384907737025 4.4992324315136329 19.227892407610316 11.136575608520344 6.9979638806412181 0.1121480505985909
leaf_count=111831 2620 1453 31185 38641 842317 434903 77570 13317 7878 4789 1158 9964 21 34 36 2142 78 510 19 546 238 3670 77 419 2515 951 634569 388103 195066 1308
internal_value=-0.000738268 -0.000865243 0.0029784 -0.00188198 -0.00476128 -0.0182922 0.000407667 0.0125778 -0.0172054 0.0195052 -0.00400176 0.0276945 0.0959019 0.949769 2.94759 0.0718819 0.548871 0.0179993 0.11696 -0.00294727 -0.000659657 -0.00121746 -0.0225396 -0.0602116 0.00454802 -0.0155832 -0.0471357 -0.0325248 -0.0474199 0.0580885
internal_weight=1431.18 1425.72 298.247 1127.48 499.431 116.176 628.047 83.2324 15.7061 67.5263 17.4468 50.0795 4.73644 0.0997981 0.0166792 3.53385 0.0831189 7.24762 0.928789 75.8326 383.255 378.622 28.1824 11.7881 16.3943 10.2615 40.3434 21.1155 18.1345 2.98096
internal_count=2807928 2805308 32638 2772670 2616513 1766326 156157 78587 21724 56863 41941 14922 4958 169 70 3300 99 8407 529 435449 850187 849949 7632 496 7136 3466 1330877 696308 583169 113139
is_linear=0
shrinkage=0.05


Tree=225
num_leaves=31
num_cat=0
split_feature=8 3 7 8 9 7 9 8 9 9 8 1 9 1 1 1 3 1 8 2 9 9 9 8 1 1 7 7 9 1
split_gain=3.01324 9.96503 15.7378 9.50757 10.5613 7.61532 8.46663 7.32197 6.77754 6.72766 9.27984 5.77456 5.72968 6.17662 8.57976 5.97321 5.19138 5.80183 5.12816 4.87177 4.65144 14.7731 9.38062 13.0812 7.03105 33.3929 6.67934 6.06611 4.64959 4.49073
threshold=0.64418154954910289 0.61414393782615673 0.065591398626565947 0.61830145120620739 0.58705621957778942 0.36939570307731634 0.5835326910018922 0.38115416467189794 0.81844761967659008 0.615800440311432 0.56536731123924266 0.29459981620311743 0.68013605475425731 0.51222422719001781 0.62115561962127697 0.63453349471092235 0.46841755509376531 0.62575301527977001 0.43763412535190588 0.19399641454219821 0.56268712878227245 0.56973218917846691 0.50133690237998974 0.61394822597503673 0.24048192799091342 0.24316334724426272 0.26491229236125952 0.11651583760976793 0.7807200849056245 0.36237373948097235
decision_type=2 2 2 2 2 2 2 2 2 2 2 2 2 2 2 2 2 2 2 2 2 2 2 2 2 2 2 2 2 2
left_child=1 2 16 5 -5 7 18 -4 9 10 29 -10 13 -2 -15 -16 17 -1 -7 -11 22 24 23 27 -22 -26 -25 -12 -6 -9
right_child=12 -3 3 4 28 6 -8 8 11 19 20 -13 -14 14 15 -17 -18 -19 -20 -21 21 -23 -24 26 25 -27 -28 -29 -30 -31
leaf_value=-0.030676963299677132 0.00095530677319402872 0.00013167208796804831 0.014680628670728477 -0.10467810164698073 -0.038698379991543512 -0.027164533105595058 0.0049064943446524454 -0.032801417216164655 0.14912511560867212 -0.00011607254811038788 0.26281040232681158 -0.030132559122576043 0.00032546962864035732 0.084746183847920958 -0.11862336047947829 0.024264128540248786 -0.066177017785472234 0.1205004303510985 0.092343437497920636 -0.062469513522579505 -0.052850667284260827 0.022368645773405995 -0.047890012302076623 1.1607576364037122 2.1953047579581795 0.23376021101363401 -0.050082138897040766 0.023726195315504614 0.014584673818982105 -0.0052173436561834367
leaf_weight=4.1713816821023499 24.604437176177147 702.63144021383835 22.3927045984979 4.7042952821397277 12.10613991920547 1.1149022992849857 50.919050945409907 34.672994446605081 1.1180169792427239 4.1324175193060873 0.31082106941660992 0.75108087052649342 466.1217179096036 6.6782029435222432 0.76641124995286958 16.014109587173159 16.546245474352094 0.74852858061738814 4.6066204426383504 12.947664382693832 0.18869760360268972 6.2249407276638422 4.4313912463013958 0.041247420822854486 0.022263170443286739 0.85302428477424641 0.015733868668915463 1.8118173304089658 6.1865444545049177 25.685364863960991
leaf_count=513969 40952 872936 162295 11940 16367 494 10746 430881 36 4813 2260 57 51836 614 61 1191 452903 456 3193 26701 1069 24231 25501 398 33 2600 220 11361 221 137593
internal_value=-0.0010449 -0.00275929 -0.0121328 -0.0076649 -0.0378613 -0.00363318 0.0113865 -0.0109924 -0.0171602 -0.0190889 -0.0125809 0.077092 0.00202032 0.0184572 0.0368139 0.0177381 -0.052769 -0.00767642 0.069056 -0.0473835 0.0242515 0.0517975 -0.00611927 0.0788049 0.223974 0.283653 0.826416 0.0587356 -0.0206782 -0.0210631
internal_weight=1433.52 919.335 216.704 195.238 22.997 172.241 56.6406 115.6 93.2075 91.3384 74.2583 1.8691 514.185 48.0632 23.4587 16.7805 21.4662 4.91991 5.72152 17.0801 13.8999 7.28893 6.61101 2.17962 1.06399 0.875287 0.0569813 2.12264 18.2927 60.3584
internal_count=2807928 2713274 1840338 873010 28528 844482 14433 830049 667754 667661 636147 93 94654 42818 1866 1252 967328 514425 3687 31514 67673 27933 39740 14239 3702 2633 618 13621 16588 568474
is_linear=0
shrinkage=0.05


Tree=226
num_leaves=31
num_cat=0
split_feature=8 3 7 8 9 7 4 10 9 9 0 3 9 9 9 1 1 4 3 1 7 1 4 1 8 9 3 7 4 7
split_gain=2.73989 9.16789 14.8125 8.79594 10.1706 6.94509 7.88777 11.6898 7.33015 6.48776 6.33671 6.58214 6.20293 5.9925 5.16326 5.56467 7.54765 5.57514 8.48863 7.34798 8.65838 21.6315 5.53955 5.51669 5.31052 5.32128 18.3869 5.81089 5.01025 5.67212
threshold=0.64418154954910289 0.61414393782615673 0.065591398626565947 0.61830145120620739 0.58705621957778942 0.36939570307731634 0.48808848857879644 1.0000000180025095e-35 0.5835326910018922 0.238968200981617 0.29285715520381933 0.30068494379520422 0.81844761967659008 0.615800440311432 0.68013605475425731 0.51222422719001781 0.62115561962127697 0.26365442574024206 0.16807910054922107 0.18957772105932238 0.5419580638408662 0.39767442643642431 0.99315068125724804 0.63453349471092235 0.65133896470069896 0.6546536684036256 0.17467582225799563 0.35388994216918951 0.49089705944061285 0.29705883562564855
decision_type=2 2 2 2 2 2 2 2 2 2 2 2 2 2 2 2 2 2 2 2 2 2 2 2 2 2 2 2 2 2
left_child=1 2 -1 5 -5 6 7 9 -7 -4 11 12 -9 28 15 17 -17 18 -2 24 -21 -22 -16 -18 -20 27 -27 -26 29 -8
right_child=14 -3 3 4 -6 8 13 10 -10 -11 -12 -13 -14 -15 22 16 23 -19 19 20 21 -23 -24 -25 25 26 -28 -29 -30 -31
leaf_value=-0.051761120251073593 -0.04619433138660501 0.00012508652270175691 0.2405523352339142 -0.1039446945613771 -0.019955853759364209 0.063505828858418004 -0.051054527879771473 -0.005982373277734176 0.0046541015093739665 -0.072088912267178354 0.13576114025675123 -0.049464910268074161 0.10290148339200918 -0.039233928601146155 -0.00028681332460775286 0.079514248145510225 -0.11619064956819376 -0.015257135989260824 -0.054515919686756356 0.021395246751850439 -0.050567276332758121 1.6095564186785218 0.05015924256000729 0.023102346620939698 0.21720423916317572 1.5499463247887133 0.23281023860453318 -0.052360785732920162 0.0030641079374579693 0.19318222721014411
leaf_weight=20.811906918138135 2.2401453363264281 702.64203941145308 0.16817364633552578 4.505676054059836 18.020956806808996 5.9034826625041452 0.35586888350440549 19.10053443886282 50.994398606606453 12.475126399580898 0.72077387599119802 9.1813510880411879 1.4041642546653736 8.7516178384557914 460.60635255921045 6.7595769236962218 0.74391283591468926 16.846331066573779 0.24494987702297932 3.8532022974009106 0.056370803840195438 0.03009950294472219 5.5070836218437753 15.97938301714726 0.88655650803218755 0.031229356031050648 0.17483411091413364 0.25812814374661319 62.040372925918021 0.71600846976298271
leaf_count=967328 1987 872936 492 11940 16588 3687 3920 45696 10746 650996 41 32972 8 3487 45100 614 61 31099 110 6619 116 2 6736 1191 589 32 192 206 92347 90
internal_value=-0.00100312 -0.00264018 -0.011671 -0.00737773 -0.0367549 -0.00352603 -0.0105997 -0.0275247 0.0107603 -0.0679303 -0.0107238 -0.0142805 0.00147401 -0.00046074 0.00191876 0.0175147 0.0349279 0.000906883 0.0359276 0.0691621 0.0324993 0.527306 0.000309202 0.0169061 0.15968 0.198523 0.432425 0.156417 0.00491584 0.112094
internal_weight=1432.01 917.792 215.15 194.339 22.5266 171.812 114.914 43.0501 56.8979 12.6433 30.4068 29.686 20.5047 71.8639 514.218 48.1047 23.4829 24.6218 7.77552 5.53537 3.93967 0.0864703 466.113 16.7233 1.5957 1.35075 0.206063 1.14468 63.1123 1.07188
internal_count=2807928 2713274 1840338 873010 28528 844482 830049 730205 14433 651488 78717 78676 45704 99844 94654 42818 1866 40952 9853 7866 6737 118 51836 1252 1129 1019 224 795 96357 4010
is_linear=0
shrinkage=0.05


Tree=227
num_leaves=31
num_cat=0
split_feature=7 3 10 4 8 4 2 1 4 9 9 9 4 9 7 7 8 8 2 1 1 7 8 4 3 3 0 1 8 4
split_gain=2.58409 7.47711 22.7323 11.5526 11.3915 6.86228 9.21663 6.83763 6.83718 6.41114 6.07323 5.73614 5.77832 5.03401 6.48323 4.82172 6.11915 9.11312 4.49032 4.19338 4.11603 4.33158 5.27024 3.79284 3.66874 8.63926 4.35213 7.27562 3.60071 9.86107
threshold=0.48809523880481726 0.61414393782615673 1.0000000180025095e-35 0.60922586917877208 0.65133896470069896 0.68108487129211437 0.36266924440860754 0.56070175766944896 0.67962265014648449 0.81844761967659008 0.86319074034690868 0.75249087810516369 0.90366768836975109 0.60625612735748302 0.1863425895571709 0.45804196596145635 0.63897106051445018 0.60476461052894603 0.12632978707551959 0.45222154259681707 0.62575301527977001 0.44097222387790685 0.54912123084068309 0.28759399056434637 0.56294015049934398 0.55217784643173229 0.19090909510850909 0.46894289553165441 0.61830145120620739 0.52704679965972911
decision_type=2 2 2 2 2 2 2 2 2 2 2 2 2 2 2 2 2 2 2 2 2 2 2 2 2 2 2 2 2 2
left_child=1 2 3 4 10 6 -5 23 13 -7 28 18 -13 14 -8 16 17 20 -2 -19 21 24 -23 -6 25 26 -4 -28 -1 -30
right_child=11 -3 15 5 7 9 8 -9 -10 -11 -12 12 -14 -15 -16 -17 -18 19 -20 -21 -22 22 -24 -25 -26 -27 27 -29 29 -31
leaf_value=-0.056132073578741962 -0.043624345181866829 0.00030668485431233582 -0.0066517433596549342 -0.052630615431259568 0.011529953438454102 -0.022079000959705192 -0.056532901568281696 0.14425334735441619 0.16170709754275567 -0.19303725900048452 0.23201181044700966 -0.0010577792042104604 0.029335563706530728 -0.016019163708729394 0.084513290203952263 -0.047776113041347601 0.012155018750405845 -0.031684794934474368 0.023328711076938468 -0.10347021114052604 0.052261851894785084 -0.0039975625165331492 0.13889744621078334 -0.040677610293550763 -0.052117747653675009 0.12258887198450606 0.13421194468085759 -0.03633917189812072 -0.080827188864188021 -0.32878216932102228
leaf_weight=28.808512561780081 2.6632003406717777 747.84487345410207 82.95040876693092 3.4151262006190004 6.3516758394256776 21.29661045783158 0.99538731648994083 0.68910439930505241 1.0711324301461225 0.56289185263449226 0.17482233875489228 343.41711485265483 16.384213869714586 3.7906745308792296 4.4887234571577466 5.096262725070118 78.555928345062057 9.6630858155490511 41.957288627747687 2.5768955759958763 3.4951372093601085 1.4282196967396878 1.1770457902457563 7.6916463302838523 3.9240770075325591 1.3546322420356762 1.432514288772665 1.1097378743621673 5.4863983183093072 0.43259222795214292
leaf_count=1310543 480 876660 434422 16855 16737 18931 23483 104 520 10 48 19840 9953 515 917 96 2455 1674 9295 55 159 31 19 31376 1059 374 596 434 29061 1226
internal_value=-0.000961617 -0.00229601 -0.00929702 -0.0307954 -0.0463876 -0.00906882 0.0185909 -0.00951898 0.0421008 -0.0264813 -0.06195 0.00242324 0.000326237 0.0282876 0.0589129 0.000211261 0.0015144 -0.00614641 0.0193326 -0.0467979 -0.00101 -0.003004 0.0605617 -0.0170646 -0.00482842 -0.00269172 -0.00467679 0.0597634 -0.0634298 -0.0989491
internal_weight=1430.29 1025.86 278.019 85.2553 49.6348 35.6205 13.761 14.7324 10.3459 21.8595 34.9023 404.422 359.801 9.27479 5.48411 192.764 187.668 109.112 44.6205 12.24 96.8718 93.3766 2.60527 14.0433 90.7714 86.8473 85.4927 2.54225 34.7275 5.91899
internal_count=2807928 2768360 1891700 1450326 1389095 61231 42290 48217 25435 18941 1340878 39568 29793 24915 24400 441374 441278 438823 9775 1729 437094 436935 50 48113 436885 435826 435452 1030 1340830 30287
is_linear=0
shrinkage=0.05


Tree=228
num_leaves=31
num_cat=0
split_feature=8 7 4 1 7 7 1 2 7 4 3 3 4 1 6 8 4 7 5 4 3 1 8 8 4 2 4 1 2 8
split_gain=2.35597 5.99918 8.41468 6.3198 5.78938 5.5033 6.33631 6.10524 5.53221 5.46082 11.6873 7.3312 10.9122 6.95638 5.34617 7.94968 6.83114 6.7348 7.33687 7.57135 4.316 5.01266 5.0704 4.52825 4.30671 4.33674 11.3362 5.03244 4.77661 4.16732
threshold=0.71812930703163158 0.82085561752319347 0.44327485561370855 0.2290398105978966 0.4220647811889649 0.43303571641445165 0.99056604504585277 0.78629976511001598 0.48809523880481726 0.69732204079628002 0.72065573930740368 0.64785373210906994 0.83457711338996898 0.54433220624923717 1.0000000180025095e-35 0.8825557827949525 0.88067796826362621 0.36939570307731634 1.0000000180025095e-35 0.99315068125724804 0.58123165369033825 0.30068494379520422 0.47466187179088598 0.32444286346435552 0.65545505285263073 0.27334994077682501 0.42179392278194433 0.41060766577720648 0.49719101190567022 0.47643721103668218
decision_type=2 2 2 2 2 2 2 2 2 2 2 2 2 2 2 2 2 2 2 2 2 2 2 2 2 2 2 2 2 2
left_child=1 2 3 -1 20 6 7 9 -7 24 11 13 -13 -11 16 -16 -8 18 -17 -20 21 22 23 -5 25 26 -2 -27 -29 -24
right_child=5 -3 -4 4 -6 8 14 -9 -10 10 -12 12 -14 -15 15 17 -18 -19 19 -21 -22 -23 29 -25 -26 27 -28 28 -30 -31
leaf_value=-0.00051647645243643498 0.036107679954777885 0.02488771061302255 -0.0011237593498349028 0.056849165628152357 -0.0035956413316825114 -0.035313155806733845 -0.21774748437999825 0.054036429350561743 0.00037965119865491603 -0.12403992276429575 0.023940102178018473 -0.6263368714728772 -0.037181152261751164 0.056459696546501195 0.0047669396824340689 0.053691840071872977 0.05152982559358911 0.050893727392002201 -0.41578130466956592 0.050274571802249701 0.0025498672941284542 -0.060794973104975482 0.24327758885628828 -0.063641491723122098 0.066383994257511209 -0.016708039218579374 -0.086535088508796779 0.061770008618247801 0.0030335176355195323 -0.0084294616149542447
leaf_weight=42.367263308328461 27.440481527914109 20.030569410853786 887.47175398375282 0.85564088653517245 21.577043678994997 11.258905109025362 0.72433732845820198 9.9714184854674368 303.51534499144645 2.0421429800335318 4.4315844835073221 0.15714111633133132 0.15723607916152105 0.72269367035187304 7.9386502018605825 0.17372333561070241 0.34900424254010431 0.30967314628651366 0.42535975167993456 0.1095973399351351 6.6327196428727637 17.850607838842404 0.16654566686798311 8.7933827423768776 4.127186263012887 17.927154640098962 2.0230994054504263 5.1078289841822988 10.737924736750212 13.001759877583579
leaf_count=268267 4310 1306 1262926 47432 10241 1316 52 1111 27794 38 256 14 28 119 1802 15 141 155 47 90 178376 692437 1603 196723 146 6307 576 738 335 103227
internal_value=-0.00091762 -0.00220529 -0.00274867 -0.0157117 -0.0250583 0.00228465 0.0128406 0.0172833 -0.000897016 0.0123887 -0.0280504 -0.102875 -0.33167 -0.0768596 -0.0247403 -0.012104 -0.13019 -0.143623 -0.228621 -0.3203 -0.0348489 -0.0409485 -0.025422 -0.0529568 0.0168975 0.0136677 0.0276865 0.00143774 0.021967 -0.00524601
internal_weight=1428.4 1018.75 998.717 111.245 68.8777 409.65 94.8762 84.8459 314.774 74.8745 7.5108 3.07921 0.314377 2.76484 10.0303 8.957 1.07334 1.01835 0.70868 0.534957 47.3007 40.6679 22.8173 9.64902 67.3637 63.2365 29.4636 33.7729 15.8458 13.1683
internal_count=2807928 2762538 2761232 1498306 1230039 45390 16280 13978 29110 12867 455 199 42 157 2302 2109 193 307 152 137 1219798 1041422 348985 244155 12412 12266 4886 7380 1073 104830
is_linear=0
shrinkage=0.05


Tree=229
num_leaves=31
num_cat=0
split_feature=13 4 4 4 0 3 8 7 0 0 4 3 1 2 0 2 4 7 0 11 4 7 8 4 9 8 7 9 4 9
split_gain=2.25978 2.4663 9.79768 2.24268 4.4858 6.32015 3.59052 4.43131 3.21494 5.77901 6.34318 6.75484 7.236 5.58122 5.51537 6.1209 7.49379 4.66026 3.9787 3.38211 3.82204 4.25037 7.08334 25.3297 5.67057 7.39554 5.65643 5.88719 4.0182 4.66583
threshold=1.0000000180025095e-35 0.26766170561313635 0.24525599926710132 0.84292763471603405 0.29285715520381933 0.77485185861587536 1.0000000180025095e-35 0.17752101272344592 0.63333335518836986 0.46428571641445165 0.90366768836975109 0.88493064045906078 0.78629976511001598 0.91106721758842479 0.81666666269302379 0.92450141906738292 0.89059829711914074 0.098387096077203764 0.38750000298023229 1.0000000180025095e-35 0.90366768836975109 0.82085561752319347 0.97413599491119396 0.89059829711914074 0.90377491712570202 0.8825557827949525 0.14039409160614016 0.41686412692070013 0.99315068125724804 0.53371214866638195
decision_type=2 2 2 2 2 2 2 2 2 2 2 2 2 2 2 2 2 2 2 2 2 2 2 2 2 2 2 2 2 2
left_child=3 2 -2 -1 6 -6 -5 -8 9 10 11 12 -7 18 15 16 -10 -15 -12 20 21 26 24 -24 25 -23 -16 -28 -22 -30
right_child=1 -3 -4 4 5 8 7 -9 14 -11 13 -13 -14 17 19 -17 -18 -19 -20 -21 28 22 23 -25 -26 -27 27 -29 29 -31
leaf_value=-0.0020454154972203483 0.050680911502534613 0.050783525500114536 -0.27529545908513192 0.10017025539602734 -0.058659265976474889 -0.065304839518650973 -0.018655888383575653 0.054876539538961489 -0.039522494965855103 0.026558754186927991 -0.037580058270253985 -0.027374462202248335 0.056087200756227799 -0.023904924487424747 0.011710702564667446 -0.067363479892986397 0.010938503972355532 0.056346185231316764 -0.20197934171563295 -0.011331715839951193 -0.01284342740994663 0.050136859039185314 0.050139540251232823 -0.92302704558609827 0.050182069960037691 -0.65977896346050402 0.13442027411049615 0.034226815628311175 0.0037691111170953398 0.051677368921647204
leaf_weight=1110.0487246349931 0.93268581188749411 4.0293815826735226 0.3061830357182771 1.7737891852739824 4.2809862879975062 1.3953666640936742 3.7257671276618662 4.5522325200054183 12.428346434367997 34.296865038660144 11.535189066786188 5.1366007087481185 10.210570234067744 3.9646169892730532 44.616227550432086 5.4100209513453583 18.032759729456302 3.3272477127029561 0.38015734637156207 33.816674582776614 36.692771445435937 0.076583590707740568 0.19152188114821911 0.10272967861965299 0.73681384650990367 0.070417562150396407 1.8703271546401063 6.7839465139550157 60.536862125038169 5.5479197457607361
leaf_count=2770896 88 2514 18 28 2518 1681 1452 1181 845 3203 971 479 1453 141 510 391 1297 482 9 4356 2923 34 83 15 323 22 34 1670 1132 7179
internal_value=-0.000872251 0.0318141 -0.0298833 -0.000993387 0.00275566 0.00165998 0.035614 0.021781 0.00252895 0.0118761 -0.0021315 0.0203641 0.0414924 -0.0217404 -0.000364677 -0.0183542 -0.00964994 0.0127133 -0.0428252 0.00301312 0.00609845 0.016809 -0.0771306 -0.289614 -0.00638767 -0.289932 0.0188864 0.0558802 0.000424325 0.00779108
internal_weight=1426.81 5.26825 1.23887 1421.54 311.493 301.442 10.0518 8.278 297.161 70.2466 35.9497 16.7425 11.6059 19.2072 226.914 35.8711 30.4611 7.29186 11.9153 191.043 157.226 54.4486 1.17807 0.294252 0.883815 0.147001 53.2705 8.65427 102.778 66.0848
internal_count=2807928 2620 106 2805308 34412 31751 2661 2633 29233 8419 5216 3613 3134 1603 20814 2533 2142 623 980 18281 13925 2691 477 98 379 56 2214 1704 11234 8311
is_linear=0
shrinkage=0.05


Tree=230
num_leaves=31
num_cat=0
split_feature=7 3 10 7 2 9 7 9 1 9 9 7 3 7 1 1 2 7 1 9 1 2 2 2 5 0 0 9 1 6
split_gain=2.2212 6.43375 20.657 7.31544 12.3739 5.38028 6.46389 5.34105 5.34573 5.20517 4.91725 4.38984 4.33985 5.42823 4.28054 4.12816 7.11704 5.71121 6.96026 5.8953 6.7779 6.59795 6.60619 4.11748 3.9344 5.10556 6.92764 5.1995 5.78549 4.62329
threshold=0.48809523880481726 0.61414393782615673 1.0000000180025095e-35 0.065591398626565947 0.37786844372749334 0.60625612735748302 0.10912698507308961 0.3215534389019013 0.54433220624923717 0.75249087810516369 0.7807200849056245 0.45804196596145635 0.26766170561313635 0.12060606107115747 0.74133810400962841 0.25176055729389196 0.14415584504604342 0.29705883562564855 0.24525599926710132 0.81844761967659008 0.2237871661782265 0.25866188108921057 0.21778655797243121 0.12632978707551959 1.0000000180025095e-35 0.58571431040763866 0.81666666269302379 0.81844761967659008 0.62575301527977001 1.0000000180025095e-35
decision_type=2 2 2 2 2 2 2 2 2 2 2 2 2 2 2 2 2 2 2 2 2 2 2 2 2 2 2 2 2 2
left_child=1 2 3 -1 7 6 -6 -5 10 23 -9 12 13 -4 -14 16 -12 18 -18 -19 21 22 -21 -2 25 -11 27 -27 -29 -26
right_child=9 -3 11 4 5 -7 -8 8 -10 24 15 -13 14 -15 -16 -17 17 19 -20 20 -22 -23 -24 -25 29 26 -28 28 -30 -31
leaf_value=-0.061522046211595342 -0.042716160194773367 0.0003415927130840117 -0.036955020384412778 0.10570047457712034 -0.039563551478237063 -0.022007969740353961 0.037899353231428137 -0.052052992687600164 0.11003358148243343 0.00098114229242688257 -0.055179850963347044 -0.046325842817385214 -0.0060454743097818515 0.014046081750877099 0.085395725367231848 -0.043484436954745576 -0.050307009133722963 -0.050836200503897269 0.85088695534772629 0.22007692016038485 -0.054846895393909356 -0.051297694952988027 0.61551093912128396 0.022188816679215306 0.05197531238838754 0.039398572572261911 -0.002443445671406409 -0.1877125393167253 -0.048900488574316531 0.0063388774825766693
leaf_weight=14.612904498508369 2.59428380206647 747.02343818314409 5.6111761926377701 0.6140948728087271 3.4149534740917877 12.660211711636345 12.739670973444371 33.600093249340539 0.56314945603696642 291.93769996477528 1.0115367880014161 4.8926452927989876 105.61220861887369 74.308861681337788 1.2955357656755939 2.577342403051039 0.034939558793261161 0.47428744633818876 0.05539332776061201 0.36452030089276377 0.24961966286355164 0.14120078674750403 0.14870678869192488 42.046987369324867 7.4127981499477782 1.5402072017313901 24.011120572977234 0.80428198329172929 11.25251796498196 22.080462806188734
leaf_count=622873 480 876660 164772 10725 47944 14064 101916 649470 1389 13362 170 96 257896 18481 129 1220 55 313 11 59 75 29 13 9295 3468 106 2468 42 1033 9314
internal_value=-0.000824974 -0.00206532 -0.00860399 -0.029399 -0.0225613 0.00239779 0.0215243 -0.0406156 -0.0429065 0.00231525 -0.0451345 0.000427125 0.00165149 0.0104653 -0.00493737 0.000829072 0.0468781 0.11717 0.502317 0.0919283 0.166826 0.25138 0.334653 0.0184169 0.000313239 -0.00125258 -0.0185921 -0.0471093 -0.0581603 0.0178091
internal_weight=1425.69 1022.01 274.983 83.2626 68.6497 28.8148 16.1546 39.8349 39.2208 403.68 38.6576 191.72 186.828 79.92 106.908 5.05755 2.4802 1.46867 0.0903329 1.37833 0.904048 0.654428 0.513227 44.6413 359.039 329.546 37.6081 13.597 12.0568 29.4933
internal_count=2807928 2768360 1891700 1450326 827453 163924 149860 663529 652804 39568 651415 441374 441278 183253 258025 1945 725 555 66 489 176 101 72 9775 29793 17011 3649 1181 1075 12782
is_linear=0
shrinkage=0.05


Tree=231
num_leaves=31
num_cat=0
split_feature=8 7 4 10 9 1 9 7 1 2 7 4 3 2 1 2 3 8 11 3 9 4 1 4 2 4 4 4 9 2
split_gain=2.08969 5.43453 7.33571 7.5689 7.64781 6.57734 5.21035 4.99241 5.6521 5.82858 4.88908 4.86398 10.697 5.32936 6.36212 4.66467 7.7698 11.9727 4.65485 4.25011 4.13755 3.97114 3.83926 6.44889 7.21697 6.19352 5.14271 4.75364 4.86019 5.7518
threshold=0.71812930703163158 0.82085561752319347 0.45512083172798162 1.0000000180025095e-35 0.7807200849056245 0.2237871661782265 0.238968200981617 0.43303571641445165 0.99056604504585277 0.78629976511001598 0.48809523880481726 0.69732204079628002 0.72065573930740368 0.64747309684753429 0.54433220624923717 0.3647450208663941 0.36266924440860754 0.70782846212387096 1.0000000180025095e-35 0.24525599926710132 0.70139563083648693 0.65545505285263073 0.20761494338512423 0.24283374845981601 0.20169491320848468 0.54653680324554454 0.25677657127380377 0.18677325546741488 0.7807200849056245 0.12632978707551959
decision_type=2 2 2 2 2 2 2 2 2 2 2 2 2 2 2 2 2 2 2 2 2 2 2 2 2 2 2 2 2 2
left_child=1 2 3 4 6 -6 19 8 9 11 20 21 13 14 -13 16 -5 -18 -10 -1 -9 -2 23 -12 25 -25 -26 -24 -29 -30
right_child=7 -3 -4 15 5 -7 -8 10 18 -11 22 12 -14 -15 -16 -17 17 -19 -20 -21 -22 -23 27 24 26 -27 -28 28 29 -31
leaf_value=0.2646215495117285 0.012954755760562271 0.023931533262924114 -0.00096759909035358516 -0.0038266598428424803 0.070196922486380209 -0.028693359469406224 -0.053396809166354732 0.043312824113173817 0.0238439564400049 0.053177800990753255 0.0050758700539112432 -0.12131853941754762 0.023209765691962536 -0.28494434914717998 0.054340161133718229 -0.037768937595025968 0.07797747935553348 0.77988166906119272 -0.047166388905666365 -0.0033326152523393466 -0.045751721457199759 0.063567505242421399 -0.051904917880541093 -0.039531126872930256 -0.26321025497110095 0.018289029574893118 -0.069956480163817655 0.024384660136453972 0.11775412828999113 0.00083755346565301419
leaf_weight=0.15346616471519325 63.378116065464241 19.803835551530938 880.10769033973463 67.507188572365578 2.9656811814835606 3.8829555968362817 24.815034364274656 1.511411182795199 3.513662847428348 9.6194643846392847 26.114092519810669 1.9714841122040523 4.3791436749670538 0.34231181410723355 0.69795962039643189 9.9453939443122845 1.661939072434534 0.063059553503990062 6.724703466752544 4.1437217412217997 9.501657474684178 4.1279942197181461 3.8960422780468198 11.844261611054213 0.37208800981170398 7.6054280874523092 4.6016030974788009 25.614124764651905 1.0569404079578806 222.43522712493723
leaf_count=150 12266 1306 1173046 303468 418 1278 1180063 326 2145 1111 826 38 256 39 122 57700 7019 4 157 38086 990 146 130 683 25 155 204 4524 19 21228
internal_value=-0.000788013 -0.00200415 -0.00252023 -0.0143884 -0.0334107 0.0141293 -0.0445944 0.00222791 0.012289 0.0165393 -0.000802866 0.0118336 -0.0266749 -0.099208 -0.0753904 -0.00574886 -0.00114909 0.103636 -0.0227966 0.00623688 -0.0335287 0.0160497 0.000384496 -0.0121973 -0.0306661 -0.0169217 -0.084414 0.00289771 0.00375483 0.00139048
internal_weight=1424.36 1015.05 995.246 115.138 35.9609 6.84864 29.1122 409.308 94.7548 84.5165 314.553 74.897 7.3909 3.01176 2.66944 79.1776 69.2322 1.725 10.2384 4.29719 11.0131 67.5061 303.54 50.5375 24.4234 19.4497 4.97369 253.002 249.106 223.492
internal_count=2807928 2762538 2761232 1588186 1219995 1696 1218299 45390 16280 13978 29110 12867 455 199 160 368191 310491 7023 2302 38236 1316 12412 27794 1893 1067 838 229 25901 25771 21247
is_linear=0
shrinkage=0.05


Tree=232
num_leaves=31
num_cat=0
split_feature=13 4 4 4 0 3 2 3 4 3 12 8 3 10 4 3 4 1 8 2 1 2 3 1 8 0 0 6 8 1
split_gain=2.11611 2.25988 13.7386 1.95994 4.12271 5.87762 3.14115 2.671 3.99044 3.35546 8.57861 2.55518 4.19989 7.70574 12.1931 9.77469 6.04443 5.82878 13.1259 8.78341 5.31229 5.16442 5.7084 5.19647 4.41901 6.71781 6.50309 7.2003 4.46745 4.79733
threshold=1.0000000180025095e-35 0.26766170561313635 0.25176055729389196 0.84292763471603405 0.29285715520381933 0.74464204907417308 0.92450141906738292 0.79655173420906078 0.85145786404609691 0.83484846353530895 1.0000000180025095e-35 0.68863317370414745 0.91547620296478283 1.0000000180025095e-35 0.62575301527977001 0.82480818033218395 0.7228132188320161 0.74352160096168529 0.63349834084510814 0.74133810400962841 0.74133810400962841 0.77871939539909374 0.78346121311187755 0.2014492750167847 1.0000000180025095e-35 0.29285715520381933 0.10555555671453477 1.0000000180025095e-35 0.57979589700698864 0.32757078111171728
decision_type=2 2 2 2 2 2 2 2 2 2 2 2 2 2 2 2 2 2 2 2 2 2 2 2 2 2 2 2 2 2
left_child=3 2 -2 11 6 -6 7 -5 9 10 -9 12 13 14 21 24 17 19 -19 -14 -21 23 -23 -1 25 -16 28 -28 -26 -30
right_child=1 -3 -4 4 5 -7 -8 8 -10 -11 -12 -13 16 -15 15 -17 -18 18 -20 20 -22 22 -24 -25 26 -27 27 -29 29 -31
leaf_value=0.0070984047740854902 0.050736470881730292 0.050755537224818216 -0.37035125668182711 0.02361956018151451 -0.083671696607082513 0.002170682664449042 -0.059029894654137022 0.93679723109177349 0.059649328914099548 0.14644637596391036 -0.012767361244503526 0.0012988019117607939 0.011267210904120655 -0.00093258478348465256 -0.031064902241247951 -0.035107169013494019 -0.0062258973348115355 0.001301664790081468 -0.10479649900728208 0.060352754617702647 0.275213327343731 0.40450378023081701 0.029498688222230725 -0.040914744151356902 0.030753500940547757 0.039537798873176017 -0.046953609785215927 0.0043848258808536541 0.047597037708986732 -0.025439917986089799
leaf_weight=6.3109859041932159 1.0712436070898537 3.8169430892303353 0.23646123334765423 6.0054006569018235 2.0074447749832975 299.01837592508764 0.82383248560654543 0.050524629652500153 2.6653946217679731 0.27957264686710914 0.044942794528651908 406.81517031380849 80.721398055725643 197.48562198587149 4.3188148444319223 20.782930897701476 176.53441619348723 77.900842613366422 3.0284263377106972 6.7298456661815456 0.30052585712382995 0.10876706383510581 1.5146650350852113 52.646963701520946 15.915714741316359 15.322703422484663 13.516082431436676 13.806014352572568 2.9067122693542329 9.9256447281618403
leaf_count=135057 100 2514 6 1649 1590 30161 255 1 647 50 59 44044 106384 444457 3506 27564 18430 16473 113 479 137 475 6935 1775683 17822 4286 119902 47165 974 1010
internal_value=-0.000750921 0.0313209 -0.0254053 -0.00086687 0.00264079 0.00159823 0.0344392 0.0429517 0.0811361 0.233842 0.489775 -0.00185234 -0.00368426 -0.00750641 -0.0157714 -0.00473345 0.000241373 0.00700974 -0.0026686 0.0159356 0.0695374 -0.0333529 0.0546234 -0.0357753 0.00360417 0.0240135 -0.00354528 -0.021012 0.013055 -0.008896
internal_weight=1422.61 5.12465 1.3077 1417.49 310.895 301.026 9.86967 9.04584 3.04043 0.37504 0.0954674 1106.59 699.777 354.562 157.076 96.4946 345.215 168.681 80.9293 87.7518 7.03037 60.5814 1.62343 58.9579 75.7117 19.6415 56.0702 27.3221 28.7481 12.8324
internal_count=2807928 2620 106 2805308 34412 31751 2661 2406 757 110 60 2770896 2726852 2584836 2140379 222229 142016 123586 16586 107000 616 1918150 7410 1910740 194665 7792 186873 167067 19806 1984
is_linear=0
shrinkage=0.05


Tree=233
num_leaves=31
num_cat=0
split_feature=13 2 1 7 8 8 2 2 1 2 9 2 9 8 8 7 8 8 8 9 1 2 9 0 8 11 9 1 1 9
split_gain=1.99047 1.84035 8.74543 5.05022 11.5595 6.74014 4.76248 7.23016 4.59938 4.59693 19.8131 4.06444 3.769 5.42754 4.28125 8.04309 7.7512 4.7275 5.33702 4.31462 11.4521 3.96734 4.74312 7.97788 8.61333 5.82887 6.88658 9.10055 5.72121 5.58127
threshold=1.0000000180025095e-35 0.70087718963623058 0.71010184288024913 0.065591398626565947 0.17295821756124499 0.44865803420543676 0.91106721758842479 0.84889996051788341 0.79118219017982494 0.85934066772460949 0.86319074034690868 0.7103942632675172 0.38587585091590887 0.41191250085830694 0.63897106051445018 0.36939570307731634 0.61830145120620739 0.52957075834274303 0.53671374917030346 0.68013605475425731 0.51222422719001781 0.5030120611190797 0.86319074034690868 0.15476191043853763 0.97413599491119396 1.0000000180025095e-35 0.75249087810516369 0.48683299124240881 0.64899963140487682 0.75249087810516369
decision_type=2 2 2 2 2 2 2 2 2 2 2 2 2 2 2 2 2 2 2 2 2 2 2 2 2 2 2 2 2 2
left_child=1 3 6 4 -1 -6 7 -3 12 10 -9 -4 13 -5 15 16 -14 -17 -19 20 -16 -21 25 -24 -25 26 -23 -28 -26 -27
right_child=-2 2 11 8 5 -7 -8 9 -10 -11 -12 -13 14 -15 19 17 -18 18 -20 21 -22 22 23 24 28 29 27 -29 -30 -31
leaf_value=-0.002632147983314485 0.03083429652914494 0.025677306075991526 -0.091299045010907368 0.025588348183484336 -0.053735987512372643 0.026521436631625834 0.064864907431405605 0.0044721304713928487 0.044564109828983366 -0.063361294470117305 -1.4026057826246978 0.00012184731203046932 -0.010928726795241116 -0.054435856034050337 -0.0020581956109483779 0.021080316883346207 -0.053828088202695204 -0.068343237094787554 0.00015535653851572195 0.001434543327547141 0.056440008427127965 -0.008577496999469832 0.053940000636434997 -0.00015065421845514843 -0.065900661913683836 -0.046519967182141651 0.07819449012367384 -0.077291086882155288 -0.27726605712380487 0.033994985479648673
leaf_weight=62.558209800064219 4.9812464750284553 16.78223123704732 1.2180843074112306 21.998968216579637 20.741756099237712 2.9935620147850797 7.0409158001957612 0.091711114819758133 5.4815065815248536 1.3155750298665223 0.034403280122205615 638.94196491206139 146.75181724191722 2.3446809451632253 25.650560823812505 30.129966715740487 11.3433729611759 3.0262523183992007 47.127109645092482 308.35255764743567 12.416286733812845 10.053965561819476 5.9887481069454251 10.30048240482574 1.1361538738710812 3.2292326246270786 1.0265970304608334 11.297569762304191 0.44576632196549315 6.454535401542671
leaf_count=64094 2620 25726 1368 106486 1485355 49192 521 69 1644 206 4 137314 774638 42313 46512 6825 20409 537 10276 28607 1112 145 409 679 54 270 9 410 32 92
internal_value=-0.000716974 -0.000827945 0.00108663 -0.0025247 -0.0139043 -0.0436137 0.02994 0.0164466 -0.00104705 -0.0910048 -0.379371 -5.21066e-05 -0.0014264 0.0178807 -0.00216688 -0.0074619 -0.0140068 0.00542637 -0.00397785 0.00101771 0.0170222 -0.000682723 -0.0137575 0.00688328 -0.0168334 -0.0252626 -0.0392868 -0.0643392 -0.125461 0.00714578
internal_weight=1421.26 1416.27 665.425 750.85 86.2935 23.7353 25.2648 18.2239 664.556 1.44169 0.126114 640.16 659.075 24.3436 634.731 238.379 158.095 80.2833 50.1534 396.352 38.0668 358.286 49.9331 17.8712 11.8824 32.0619 22.3781 12.3242 1.58192 9.68377
internal_count=2807928 2805308 165208 2640100 1598641 1534547 26526 26005 1041459 279 73 138682 1039815 148799 891016 812685 795047 17638 10813 78331 47624 30707 2100 1174 765 926 564 419 86 362
is_linear=0
shrinkage=0.05


Tree=234
num_leaves=31
num_cat=0
split_feature=13 4 4 5 2 4 8 1 1 4 2 8 7 4 9 8 9 8 4 8 8 2 8 1 4 0 9 8 1 4
split_gain=1.85073 2.18847 9.28813 1.77144 5.33261 2.62958 7.56018 12.4681 7.54819 4.84991 7.88731 4.57469 5.89092 14.7828 42.0521 6.5245 4.46753 8.01802 3.43655 6.96806 11.005 5.98702 7.67318 3.38582 3.36857 4.47696 2.88348 5.44623 6.19791 5.19362
threshold=1.0000000180025095e-35 0.26766170561313635 0.25176055729389196 1.0000000180025095e-35 0.45512083172798162 0.69416099786758434 0.97413599491119396 0.62418830394744884 0.78629976511001598 0.82446312904357921 0.83484846353530895 0.92546296119689953 0.79285714030265819 0.77581480145454418 0.90377491712570202 0.51371133327484142 0.50920382142066967 0.44009569287300115 0.81661397218704235 0.7729182541370393 0.84168756008148204 0.95311355590820324 0.35044020414352423 0.54433220624923717 0.85912698507308971 0.70833334326744091 0.54587543010711681 0.40093457698822027 0.93440860509872448 0.83457711338996898
decision_type=2 2 2 2 2 2 2 2 2 2 2 2 2 2 2 2 2 2 2 2 2 2 2 2 2 2 2 2 2 2
left_child=3 2 -2 -1 -5 6 8 -8 -6 11 24 12 18 14 -14 -16 -10 -18 21 -20 -21 23 -23 -7 -11 -26 27 29 -29 -12
right_child=1 -3 -4 4 5 9 7 -9 16 10 26 -13 13 -15 15 -17 17 -19 19 20 -22 22 -24 -25 25 -27 -28 28 -30 -31
leaf_value=-0.0016971392216471764 0.050679102566671554 0.050698303069536557 -0.25936260321002236 0.066955937792542608 0.050403005512289212 0.10838293341760324 -0.512915744348588 0.051503002593926962 0.012536400170354088 0.079704195807308434 0.062490238630797085 0.0521085684876057 -1.0655178645122116 0.05214828444187028 -0.48524821575708255 -0.03367018515534833 -0.23144949049784316 -0.020708250262078256 -0.030061645432677194 -0.4005030480097867 0.051833941377995033 -0.0073279444581495733 0.047306245346051809 -0.029119945726226937 0.029269468551039124 -0.22527574040690546 0.016143173550872719 -0.11664912121733946 -0.015863519464572835 0.0016544370793909989
leaf_weight=1118.1439998963269 0.98957349182455689 3.5259747232485097 0.31957143545150757 3.1890572038066685 11.56831014025102 0.45610615440637303 0.17711830232292314 0.21861270244698972 13.744056173054107 4.6176586936689983 3.6086882258714459 2.7744464386487371 0.13435622595716157 0.73375853101606481 0.092861512559466064 0.57695108177722432 0.51285045398253615 3.7634222835949913 5.2758584236444213 0.32973358125309449 0.22705718234647065 27.661641844828409 8.3716807368364226 24.26956618810118 4.4885106428228028 0.17965396487124952 30.813469050102867 1.6431101675334527 21.295976372515725 126.05904963003559
leaf_count=2772670 100 2514 6 1453 4739 34 13 43 1160 494 86 461 26 172 16 151 13 351 320 28 46 574 922 2462 917 29 12633 87 1012 4396
internal_value=-0.000680151 0.0302013 -0.0250042 -0.00078568 0.00264828 0.00194976 0.0159803 -0.201115 0.0188838 0.000353863 0.00446767 -0.0108268 -0.0133897 -0.110136 -0.258212 -0.0962761 -0.00135025 -0.0459823 -0.0111554 -0.0478155 -0.216042 -0.00763615 0.00536531 -0.0265835 0.049425 0.0194733 0.00219166 -0.000625345 -0.0230827 0.00334751
internal_weight=1419.76 4.83512 1.30914 1414.93 296.784 293.595 29.9844 0.395731 29.5886 263.61 192.706 70.904 68.1296 1.53793 0.804169 0.669813 18.0203 4.27627 66.5916 5.83265 0.556791 60.759 36.0333 24.7257 9.28582 4.66816 183.42 152.607 22.9391 129.668
internal_count=2807928 2620 106 2805308 32638 31185 6319 56 6263 24866 19654 5212 4751 365 193 167 1524 364 4386 394 74 3992 1496 2496 1440 946 18214 5581 1099 4482
is_linear=0
shrinkage=0.05


Tree=235
num_leaves=31
num_cat=0
split_feature=13 4 4 4 8 8 7 7 7 11 8 8 8 8 8 8 4 4 7 7 1 8 7 8 5 4 7 4 7 1
split_gain=1.73519 2.06695 6.83102 1.6903 5.20097 4.22399 4.63649 2.44707 2.89252 2.65827 2.56779 4.44603 3.04994 2.86911 1.88104 1.6978 1.61875 6.92473 10.1334 4.34736 3.69684 3.54808 3.9986 6.0794 4.49049 18.9713 5.29377 4.60548 15.9247 3.51031
threshold=1.0000000180025095e-35 0.26766170561313635 0.25176055729389196 0.99315068125724804 0.55585265159606945 0.21833460777997973 0.26201373338699346 0.12060606107115747 0.10435571894049646 1.0000000180025095e-35 0.42823921144008642 0.45622551441192633 0.34054243564605718 0.45176798105239874 0.47466187179088598 0.36321353912353521 0.90366768836975109 0.89059829711914074 0.89444443583488475 0.48809523880481726 0.99056604504585277 0.52957075834274303 0.15075758099555972 0.63897106051445018 1.0000000180025095e-35 0.93063354492187511 0.19292803853750232 0.91734972596168529 0.2788888961076737 0.6291005313396455
decision_type=2 2 2 2 2 2 2 2 2 2 2 2 2 2 2 2 2 2 2 2 2 2 2 2 2 2 2 2 2 2
left_child=3 2 -2 16 5 -5 7 8 -7 -10 12 13 -9 -12 -13 -14 17 -1 29 21 -20 -18 -23 24 26 27 -24 -26 -29 -19
right_child=1 -3 -4 4 -6 6 -8 10 9 -11 11 14 15 -15 -16 -17 19 18 20 -21 -22 22 23 -25 25 -27 -28 28 -30 -31
leaf_value=-0.0012068257953522488 0.050645722731924726 0.050664871229639287 -0.19627552914912624 0.010299276659889698 0.040351886991209486 -0.020391117134286714 0.046401829342657144 -0.064319774993844336 0.087155326679326239 -0.026090523603716442 -0.061339043517412685 0.053232749412360315 0.079549506961972327 -0.17201553005333506 -0.044199717065487705 -0.0055570981955502556 -0.0074802166735680499 0.13188556985790939 0.05078932345890718 0.02135430049546222 -0.22403633188668365 0.029583449769232592 -0.13147952816830788 -0.011390731717136336 -0.7106114025785718 -0.054932756535399363 0.013604157115469633 -0.74394980024289159 0.050716817282444961 0.026619652539967738
leaf_weight=1204.9542136523978 0.94191619104822055 3.3561682968211244 0.39864068850874901 46.086955794133246 9.8514480020603497 7.2736353138461762 2.6525758926363769 2.0592429123353195 1.3878352388273927 0.82697548391297449 1.1815866330289284 0.61316221693414297 0.7397925318218771 1.160863260971382 2.5786601724103093 2.818966016639024 82.566014798842843 0.81834462663756014 0.15774809653521416 11.850450484183964 0.54553306999150664 1.7115833482384895 1.2751233801245692 3.9803617686702637 0.1313472996989733 0.96675486498861574 1.2403005831874905 0.12573029109626077 0.12644695350900292 24.574523805229546
leaf_count=2783415 100 2514 6 515 7196 1800 799 42 41 29 38 28 19 15 117 84 3422 67 51 3984 63 145 6 1074 27 69 111 12 29 2110
internal_value=-0.000639076 0.0297016 -0.0227811 -0.000739837 0.00635566 0.00152847 -0.015825 -0.0238219 -0.00515749 0.0448711 -0.0397018 -0.0638746 -0.0158891 -0.116188 -0.0254825 0.0121348 -0.00116094 -0.000654956 0.0248269 -0.00715183 -0.162392 -0.0108188 -0.0396595 -0.0547645 -0.0994248 -0.172977 -0.0599419 -0.470533 -0.345487 0.0300121
internal_weight=1418.95 4.69673 1.34056 1414.26 79.2317 69.3803 23.2933 20.6407 9.48845 2.21481 11.1523 5.53427 5.618 2.34245 3.19182 3.55876 1335.02 1231.05 26.0961 103.974 0.703281 92.1237 9.55765 7.84607 3.8657 1.35028 2.51542 0.383525 0.252177 25.3929
internal_count=2807928 2620 106 2805308 10723 3527 3012 2213 1870 70 343 198 145 53 145 103 2794585 2785706 2291 8879 114 4895 1473 1328 254 137 117 68 41 2177
is_linear=0
shrinkage=0.05


Tree=236
num_leaves=31
num_cat=0
split_feature=7 3 7 3 8 4 11 8 8 2 2 2 4 9 7 9 8 7 5 4 2 7 2 0 2 8 7 0 5 4
split_gain=1.66933 5.01482 12.167 5.42684 5.19637 15.2449 7.28206 4.95952 4.89304 4.76129 4.69001 4.62341 4.61345 4.93184 6.52572 6.12921 7.71304 7.67121 7.58111 8.77869 8.44995 7.20594 9.79164 10.0728 6.45959 6.17049 5.22691 4.86864 4.43298 6.72028
threshold=0.48809523880481726 0.61414393782615673 0.065591398626565947 0.46841755509376531 0.7729182541370393 0.67962265014648449 1.0000000180025095e-35 0.38115416467189794 0.37018518149852758 0.43951219320297247 0.45923791825771337 0.45512083172798162 0.90366768836975109 0.81844761967659008 0.67708334326744091 0.86319074034690868 0.58355855941772472 0.73030304908752453 1.0000000180025095e-35 0.7454303801059724 0.64346247911453258 0.60769233107566845 0.84889996051788341 0.63333335518836986 0.36266924440860754 0.80365484952926647 0.67708334326744091 0.58571431040763866 1.0000000180025095e-35 0.49205549061298376
decision_type=2 2 2 2 2 2 2 2 2 2 2 2 2 2 2 2 2 2 2 2 2 2 2 2 2 2 2 2 2 2
left_child=1 2 3 11 6 9 7 8 -4 -6 -10 -1 13 14 -2 16 26 18 19 20 24 -21 23 25 -18 -23 -15 -17 -29 -30
right_child=12 -3 4 -5 5 -7 -8 -9 10 -11 -12 -13 -14 15 -16 27 17 -19 -20 21 -22 22 -24 -25 -26 -27 -28 28 29 -31
leaf_value=-0.015921938941113611 0.0068426415364152941 0.00043385791100220076 0.0061700081452191555 -0.06213906151763951 0.014420945860054419 -0.10111986139157919 -0.040070016544994973 -0.0079294102831903648 0.032937613929977162 0.072310005170657277 0.15282433704427964 0.15374226049740769 0.028659116431043342 0.078073965194557948 0.05404119983656569 0.0042326663918246053 -0.022678915380277085 0.028085802995406989 0.065701811873386293 -0.039524569842664871 0.066689012085366178 0.0023618488366553745 0.054887074346281574 -0.40172389247510093 -0.075585842177374379 -0.23659125456552932 -0.035424327316014186 -0.026517385504059788 -0.36105409553486845 0.012645476342635792
leaf_weight=4.1709989519761201 92.256175492524562 745.18797266678723 18.714500057079576 13.944205160888155 32.146304490560567 2.7589324021901112 16.068421106975876 174.23285649815733 2.8671475877234114 3.9932143710435346 1.1401915425191189 0.44430586701328678 15.738036684775578 3.2294142058817448 7.954829868124988 197.69920108048331 22.530372436886037 5.9179421954904674 1.8484719406696957 1.9719346170313645 2.1351002665469414 0.45367679034825437 0.38216217892477278 0.54647422023117531 7.7550598477828308 0.66791890957392752 1.4789456189027985 26.85436759510776 0.12144673417787899 12.793067109392721
leaf_count=501003 13776 876660 36798 452908 3060 98 687234 187007 9526 127 505 13434 10283 303 384 7123 983 338 316 157 128 19 62 14 312 31 51 2221 12 3055
internal_value=-0.000603089 -0.00168283 -0.00751441 -0.0465843 -0.00463606 0.0121688 -0.00770466 -0.00506416 0.0169068 0.0208174 0.0670485 0.000411283 0.00212266 0.00104238 0.0105893 -0.00229824 -0.0184146 -0.0248939 -0.033082 -0.0380926 -0.0294489 -0.107765 -0.173399 -0.2257 -0.0362266 -0.139937 0.042423 0.00102166 -0.0149409 0.00913124
internal_weight=1418 1015.67 270.481 18.5595 251.922 38.8985 213.023 196.955 22.7218 36.1395 4.00734 4.6153 402.335 386.597 100.211 286.386 48.9175 44.2091 38.2912 36.4427 32.4205 4.02217 2.05023 1.66807 30.2854 1.1216 4.70836 237.468 39.7689 12.9145
internal_count=2807928 2768360 1891700 967345 924355 3285 921070 233836 46829 3187 10031 514437 39568 29285 14160 15125 2714 2360 2022 1706 1423 283 126 64 1295 50 354 12411 5288 3067
is_linear=0
shrinkage=0.05


Tree=237
num_leaves=31
num_cat=0
split_feature=13 4 4 2 1 4 4 7 7 7 7 2 9 9 9 1 3 9 4 9 1 4 9 3 9 2 7 8 3 9
split_gain=1.60802 1.9698 5.3751 1.53914 8.19834 7.09326 5.44994 4.98487 8.7744 5.39699 5.05434 35.7589 85.1656 169.194 6.89317 7.11178 20.6361 8.31776 6.59562 6.39136 5.03428 4.57165 10.5439 6.25225 5.32099 5.29703 4.40527 10.7695 9.00671 6.58743
threshold=1.0000000180025095e-35 0.26766170561313635 0.25176055729389196 0.70087718963623058 0.72850123047828685 0.76028168201446544 0.85912698507308971 0.075498577207326903 0.31909090280532842 0.31009615957736975 0.094494048506021514 0.70678734779357921 0.34500262141227728 0.34382070600986486 0.53171876072883617 0.7228132188320161 0.74464204907417308 0.55188018083572399 0.52976614236831676 0.53371214866638195 0.70320320129394542 0.69416099786758434 0.30028901994228369 0.8155706822872163 0.29800449311733251 0.71834936738014232 0.065591398626565947 0.17295821756124499 0.61414393782615673 0.57979589700698864
decision_type=2 2 2 2 2 2 2 2 2 2 2 2 2 2 2 2 2 2 2 2 2 2 2 2 2 2 2 2 2 2
left_child=3 2 -2 26 5 7 -7 20 9 10 11 12 13 -9 -12 17 -17 19 -13 -16 -5 22 24 -23 -6 -25 27 28 -1 -29
right_child=1 -3 -4 4 21 6 -8 8 -10 -11 14 18 -14 -15 15 16 -18 -19 -20 -21 -22 23 -24 25 -26 -27 -28 29 -30 -31
leaf_value=-0.062325268435260206 0.050611383417972736 0.050631661753827918 -0.15878202358702462 0.046331771556107328 0.0058336465824323789 -0.037465062463473302 0.051225312530244427 -0.050014630222452644 0.020307590680182688 0.41155022803279273 0.021792750658487455 0.5687614593565633 -0.050110619598962236 14.88686806109385 0.83213649879012963 0.68613569815054487 0.091976992211055222 0.061062028627516987 0.085378557329539764 0.22356776107026308 -0.0091590907738632512 0.02457071372060593 -0.027510283634028007 -0.097085759153958215 0.18899727408739059 0.00023931658640316685 -0.00085066272022395857 -0.047548975058545467 0.0037682915717279792 0.1048607627288827
leaf_weight=5.6703556063021088 0.89290787413483375 3.184719624769059 0.46665027737617493 6.2954754920564246 39.209237765650236 7.6493949876208713 2.239157162912953 0.0043720386759121812 13.407865058470767 0.12444470414629982 3.9502226589552105 0.080232921638867083 0.014813995821100434 0.0033473843259343994 0.05648841451079567 0.20175823140652926 0.53009865743251794 3.0402760848215813 0.58587708970435415 0.18262174821984445 11.652680113198754 27.223149792260301 45.979838945462184 1.4019685077626025 0.40056063232691386 500.1984751946693 662.85648404041922 21.783934637957014 56.66097842673787 0.73282452446701185
leaf_count=30727 100 2514 6 14152 9265 2819 466 54 815 6 3379 279 164 2 19 27 69 339 626 139 24765 13379 39916 1115 413 53000 1041459 1534330 33367 217
internal_value=-0.000572126 0.0291231 -0.0212601 -0.000667686 0.00108341 0.0205491 -0.0173821 0.0298957 0.045747 0.0846194 0.079916 0.20987 2.16883 6.42709 0.0686754 0.114845 0.255775 0.0833936 0.143602 0.367339 0.0103048 -0.000501281 -0.0112219 0.00123385 0.00768592 -3.27061e-05 -0.00222376 -0.0129508 -0.00224432 -0.0425887
internal_weight=1416.68 4.54428 1.35956 1412.14 664.432 50.0191 9.88855 40.1306 22.1824 8.77455 8.65011 0.688643 0.0225334 0.00771942 7.96147 4.01124 0.731857 3.27939 0.66611 0.23911 17.9482 614.413 85.5896 528.824 39.6098 501.6 747.705 84.8481 62.3313 22.5168
internal_count=2807928 2620 106 2805308 165208 48120 3285 44835 5918 5103 5097 1125 220 56 3972 593 96 497 905 158 38917 117088 49594 67494 9678 54115 2640100 1598641 64094 1534547
is_linear=0
shrinkage=0.05


Tree=238
num_leaves=31
num_cat=0
split_feature=7 9 3 10 7 2 2 2 1 1 9 8 1 2 8 7 8 8 9 7 1 9 7 2 3 2 7 9 1 1
split_gain=1.60127 4.29861 4.14484 16.2267 6.07656 11.1486 5.55501 4.81071 4.69417 4.13408 4.12911 5.36861 4.0029 7.34279 4.058 3.98393 4.29229 8.23286 3.97237 4.63771 3.88268 3.72723 3.71683 4.57571 3.87884 3.90063 9.0774 3.55793 6.3562 3.52274
threshold=0.48809523880481726 0.75249087810516369 0.61414393782615673 1.0000000180025095e-35 0.065591398626565947 0.37786844372749334 0.37884436547756201 0.36867654323577886 0.35043859481811529 0.54433220624923717 0.3215534389019013 0.50102880597114574 0.35043859481811529 0.42179392278194433 0.68863317370414745 0.45804196596145635 0.63897106051445018 0.60476461052894603 0.60625612735748302 0.10912698507308961 0.38742592930793768 0.69056183099746715 0.11269841343164445 0.56070175766944896 0.53427231311798107 0.53248947858810436 0.31909090280532842 0.50133690237998974 0.32757078111171728 0.31643131375312811
decision_type=2 2 2 2 2 2 2 2 2 2 2 2 2 2 2 2 2 2 2 2 2 2 2 2 2 2 2 2 2 2
left_child=2 12 3 4 -1 7 8 9 -7 10 -6 -12 -2 -14 -15 16 17 -5 19 29 27 -22 23 -21 25 -24 -27 28 -19 -8
right_child=1 -3 -4 15 5 6 18 -9 -10 -11 11 -13 13 14 -16 -17 -18 20 -20 22 21 -23 24 -25 -26 26 -28 -29 -30 -31
leaf_value=-0.057972422292358564 -0.0034552077643617909 0.00022983074733447904 0.00024535253648915579 0.00037293030409403711 0.087148368935563242 0.15441768734853351 0.15467867093520743 -0.093096172045368381 -0.0056006473312081601 0.099484358101244952 -0.068345806721332863 -0.023856225807523262 0.06805708862911905 -0.0086800306191309289 0.035831723418936944 -0.044643461872336879 0.010889934582707143 -0.050380559111283189 -0.024587388959392758 -0.051488893533025284 -0.063279762103668133 -0.19499761368764526 0.026257917399391678 0.21828831261371226 -0.043115584046308338 0.09098264956979496 0.71224970582643121 -0.030414158392530428 0.49200059478657177 -0.051636684037474623
leaf_weight=12.586626327278863 15.87800456023127 357.65633719398193 745.39047668345938 94.88288964307786 0.6833235912286203 1.0823723155104534 0.22174525006168622 3.5830832222551114 0.79489207836074616 0.58597566960744885 9.6383052500777513 22.872284891845755 8.1317540575808405 11.05202878263623 9.5404713456173322 4.6846213073004028 78.831795291464005 0.13174673117373092 11.427843020214784 0.22487280698267298 2.9623822230942092 0.65601130930008356 8.5100166937418074 0.52210677481372159 1.9032140621896889 0.59240487952013232 0.065273992233869649 7.8193784250106706 0.091554564315174503 3.0901774552052879
leaf_count=622873 6970 29793 876660 437094 10221 1969 4780 20197 2749 1321 390562 241228 1610 537 658 96 2455 104 13548 22071 177 10 59591 1318 15548 376 15 1411 27 41959
internal_value=-0.000614138 0.0020551 -0.00167321 -0.00700048 -0.0261425 -0.0200537 0.00353846 -0.0380085 0.086661 -0.0321652 -0.0344893 -0.0370459 0.0166916 0.0278282 0.0119422 0.000894075 0.00204485 -0.00449962 -0.00233717 0.0144689 -0.0441462 -0.0871601 0.0291235 0.137074 0.0218399 0.0353246 0.152643 -0.0247943 0.171998 -0.0378231
internal_weight=1416.09 402.259 1013.84 268.445 78.3845 65.7979 28.4349 37.363 1.87726 33.7799 33.1939 32.5106 44.6023 28.7243 20.5925 190.06 185.376 106.544 26.5577 15.1298 11.6611 3.61839 11.8179 0.74698 11.0709 9.1677 0.657679 8.04268 0.223301 3.31192
internal_count=2807928 39568 2768360 1891700 1450326 827453 163924 663529 4718 643332 642011 631790 9775 2805 1195 441374 441278 438823 159206 145658 1729 187 98919 23389 75530 59982 391 1542 131 46739
is_linear=0
shrinkage=0.05


Tree=239
num_leaves=31
num_cat=0
split_feature=13 4 4 4 9 7 9 7 10 9 7 9 8 8 9 9 7 9 7 9 9 7 4 4 7 7 8 0 7 10
split_gain=1.50877 1.8739 4.37641 1.48 5.37539 5.26128 4.28649 14.2496 20.9266 11.7322 4.12851 3.41397 2.35702 5.45388 1.97856 2.57827 2.86226 1.95708 1.8562 1.79128 1.93574 1.90032 1.57238 6.19952 8.13244 3.63448 3.65758 5.71304 8.74657 9.03954
threshold=1.0000000180025095e-35 0.26766170561313635 0.25176055729389196 0.99315068125724804 0.64882761240005504 0.12060606107115747 0.60169798135757457 0.39444445073604589 1.0000000180025095e-35 0.64226880669593822 0.17752101272344592 0.50806662440299999 0.47836488485336309 0.45176798105239874 0.34054243564605718 0.45476087927818304 0.21240601688623431 0.49189095199108129 0.20942982286214831 0.30445817112922674 0.31383949518203741 0.053342817351222045 0.90366768836975109 0.89059829711914074 0.89444443583488475 0.48809523880481726 0.92546296119689953 0.77500000596046459 0.87083333730697643 1.0000000180025095e-35
decision_type=2 2 2 2 2 2 2 2 2 2 2 2 2 2 2 2 2 2 2 2 2 2 2 2 2 2 2 2 2 2
left_child=3 2 -2 22 5 11 10 9 -9 -8 12 19 13 -7 -12 18 -17 -18 -16 21 -21 -5 23 -1 -25 -24 -27 -28 29 -29
right_child=1 -3 -4 4 -6 6 7 8 -10 -11 14 -13 -14 -15 15 16 17 -19 -20 20 -22 -23 25 24 -26 26 27 28 -30 -31
leaf_value=-0.0010948850110406411 0.050581222780262114 0.050601227020623224 -0.13260907465847696 0.008311248288791909 0.050332797311280909 -0.033113880895096356 0.050408514669202702 -2.0368228142144229 0.050041884236022065 -0.6647095257316652 -0.055863473329696857 0.065368875063230275 0.006711416805774373 -0.14570573513078997 0.0052050315024686523 -0.15133537132698238 -0.059136928484210462 0.026777556219016698 0.097382487003483315 -0.12797932906028406 -0.011231564197372923 0.073125478153444931 -0.010242456782659247 0.02860111144352398 -0.13106620300250485 0.038239719401032088 0.050668541923855781 -0.25990343792876075 0.051018214157596754 0.050060750230804724
leaf_weight=1202.2750423901593 0.84966093194088788 3.0304809205626952 0.52901917695999146 46.289103139468352 6.2886842359148423 4.5399876799783634 0.31983923549705728 0.023957032104590326 0.024095280808978714 0.069885960954707116 1.0502369613386688 2.5799408096063408 1.7170979875372721 1.4094635620713232 0.90726407663896713 0.31221359455958042 0.86923815272166427 2.7917210315790726 1.3721752925775943 0.37646354049502306 6.2419171317069413 1.1592256251606148 92.599618184776773 25.236066065397612 0.82352102060394727 7.9512604974879633 1.4434610163007164 0.80243092449381925 0.74974341870984074 0.33275291393510997
leaf_count=2783415 100 2514 6 890 7532 86 121 8 32 24 15 64 74 21 23 19 38 255 60 97 1331 33 4895 2177 114 2815 598 81 201 289
internal_value=-0.000587423 0.0286155 -0.0197115 -0.000678706 0.00600003 0.00213078 -0.023776 -0.177994 -0.990388 -0.0778273 -0.0192659 0.00917708 -0.0448936 -0.0597876 0.00763821 0.0183044 -0.00601473 0.00637849 0.060694 0.00649574 -0.0178724 0.00989475 -0.00107146 -0.00057192 0.0235554 -0.00697831 0.0198185 -0.0241883 -0.081513 -0.169045
internal_weight=1414.97 4.40916 1.37868 1410.56 78.3425 72.0538 15.4072 0.437778 0.0480523 0.389725 14.9694 56.6467 7.66655 5.94945 7.30285 6.25261 3.97317 3.66096 2.27944 54.0667 6.61838 47.4483 1332.21 1228.33 26.0596 103.879 11.2796 3.32839 1.88493 1.13518
internal_count=2807928 2620 106 2805308 10723 3191 776 185 40 145 591 2415 181 107 410 395 312 293 83 2351 1428 923 2794585 2785706 2291 8879 3984 1169 571 370
is_linear=0
shrinkage=0.05


Tree=240
num_leaves=31
num_cat=0
split_feature=5 2 2 8 7 9 8 6 2 6 9 8 8 8 7 9 8 7 8 9 9 2 8 7 2 8 9 9 8 7
split_gain=1.45648 4.85927 2.4398 12.0226 2.36584 8.89821 4.43063 3.9867 3.7431 3.0984 3.07244 3.20947 3.02712 3.10585 6.8754 5.47593 4.11461 4.28181 4.43987 5.14527 4.15538 4.02987 3.9167 4.26294 3.80023 3.96308 3.59883 3.39307 4.13482 3.31617
threshold=1.0000000180025095e-35 0.45512083172798162 0.44092722237110143 0.17295821756124499 0.36602871119976049 0.90377491712570202 0.8825557827949525 1.0000000180025095e-35 0.99056604504585277 1.0000000180025095e-35 0.7807200849056245 0.7729182541370393 0.62303319573402416 0.40093457698822027 0.15075758099555972 0.40919661521911627 0.41191250085830694 0.22474747896194461 0.56536731123924266 0.53371214866638195 0.44497103989124304 0.6832355558872224 0.48499850928783422 0.11651583760976793 0.85934066772460949 0.30517394840717321 0.40752536058425909 0.52106758952140819 0.58790296316146862 0.10912698507308961
decision_type=2 2 2 2 2 2 2 2 2 2 2 2 2 2 2 2 2 2 2 2 2 2 2 2 2 2 2 2 2 2
left_child=-1 2 -2 -4 5 6 10 -8 -7 -6 11 12 13 14 -3 26 -17 20 21 -20 29 -19 23 -22 -16 -26 -15 -24 -29 -18
right_child=1 4 3 -5 9 8 7 -9 -10 -11 -12 -13 -14 15 24 16 17 18 19 -21 22 -23 27 -25 25 -27 -28 28 -30 -31
leaf_value=-0.0013771631298622317 0.047219516850705287 0.00049309239438752989 0.87135403997182559 0.071992958304717108 0.045113992091547338 0.05150775951712433 0.052890161754794218 -0.25172853615778984 -0.25197855797913599 0.0069430585447565699 0.040243564915142221 -0.088713113051480594 0.032219547891745845 -0.045119219297090361 0.12430017787626804 -0.086004215566674425 -0.037920906774993129 -0.11945688800157049 -0.12036664907952754 -0.00090773524386655857 0.019745989519125158 0.0050034262343048759 0.061559821730138499 -0.065370985266981957 -0.034954539305892547 0.061184526081670437 -0.17513272898560753 -0.029718681286689998 0.047640163119222111 0.068037904030255364
leaf_weight=1118.1347043253584 2.7723984420973689 196.40540391585853 0.054236907744780072 0.35441153015767668 6.5576816072352804 0.128135149134322 0.16091523022623633 0.32302157871890813 0.49061428377171978 28.084733877374674 4.8908768898254484 1.0101562246563833 7.3432258934990378 4.9573182638650897 1.4406660985769111 1.5257771940914597 0.88999009441340859 0.71144183748037715 2.1984725391957904 1.5277902437010196 2.3936130018450994 7.5781889632926323 3.0885492827837862 3.8164274608870983 1.53129584970884 3.5734634831314906 0.59628220652120933 4.6289758939028616 2.7556121367751985 4.3358289877978677
leaf_count=2773673 1326 11772 6 186 3750 28 22 86 106 10994 1209 144 950 1140 36 124 336 41 32 130 321 391 211 206 31 151 58 200 105 163
internal_value=-0.000551414 0.00256652 0.0640311 0.178086 0.00189908 0.000253534 0.000708283 -0.150439 -0.18913 0.0141687 0.000992676 0.000231817 0.000589353 -0.000362739 0.00217312 -0.012914 -0.00568196 -0.00206945 -0.0260554 -0.0713878 0.0110856 -0.00567814 -0.00110159 -0.0325633 0.0525848 0.0323453 -0.0590786 0.0175536 -0.000851672 0.0499924
internal_weight=1414.26 296.126 3.18105 0.408648 292.944 258.302 257.683 0.483937 0.618749 34.6424 257.199 252.308 251.298 243.955 202.951 41.0043 35.4507 33.9249 12.0159 3.72626 21.909 8.28963 16.6832 6.21004 6.54543 5.10476 5.5536 10.4731 7.38459 5.22582
internal_count=2807928 34255 1518 192 32737 17993 17859 108 134 14744 17751 16542 16398 15448 11990 3458 2260 2136 594 162 1542 432 1043 527 218 182 1198 516 305 499
is_linear=0
shrinkage=0.05


Tree=241
num_leaves=31
num_cat=0
split_feature=8 7 4 10 9 9 1 7 1 2 7 4 4 10 7 4 4 1 2 0 9 4 7 2 4 1 2 7 4 0
split_gain=1.40438 4.91808 5.49123 5.77141 6.60483 6.14186 5.37762 4.43496 4.97324 5.61274 4.13564 4.87954 7.56618 4.70944 4.07772 4.05363 3.92577 8.06291 3.84125 4.4864 3.79003 3.64244 3.69047 3.60169 10.0579 4.44601 4.25572 3.85326 3.7835 4.38688
threshold=0.71812930703163158 0.82085561752319347 0.44327485561370855 1.0000000180025095e-35 0.7807200849056245 0.238968200981617 0.2237871661782265 0.43303571641445165 0.99056604504585277 0.78629976511001598 0.2788888961076737 0.80259740352630626 0.88067796826362621 1.0000000180025095e-35 0.48809523880481726 0.67826876044273388 0.69732204079628002 0.53907206654548656 0.3647450208663941 0.29285715520381933 0.70139563083648693 0.65545505285263073 0.29289215803146368 0.27334994077682501 0.42179392278194433 0.41060766577720648 0.49719101190567022 0.4220647811889649 0.51471862196922313 0.23611111193895343
decision_type=2 2 2 2 2 2 2 2 2 2 2 2 2 2 2 2 2 2 2 2 2 2 2 2 2 2 2 2 2 2
left_child=1 2 3 4 5 -1 -6 8 9 16 -10 15 13 -13 20 -12 21 -18 19 -5 -9 23 -23 24 27 -25 -27 -2 -28 -30
right_child=7 -3 -4 18 6 -7 -8 14 10 -11 11 12 -14 -15 -16 -17 17 -19 -20 -21 -22 22 -24 25 -26 26 28 -29 29 -31
leaf_value=0.018768369161033222 0.023370323817344871 0.023320574583436109 -0.00072379106745157503 -0.0029480197033687179 0.064768483314882316 -0.052675682651827094 -0.026362514801139342 0.041981280862824655 0.053232005486253099 0.052273460692539422 -0.076175771685282709 -0.145261227603976 -0.0085601348921118051 0.050124847056565273 0.00016660598509022644 0.060656958440668485 -0.11169603920677439 0.0076514662326998177 -0.038227111349157024 0.10176217006226274 -0.042971275416810673 0.15382203334746042 0.036327665289178336 -0.016687957476211688 -0.085729125454586719 0.056954781624610464 -0.055888665642496518 0.072011347482024257 0.07468414247959651 -0.0054751321989913284
leaf_weight=3.5032881898354971 23.099186182554558 19.527642569766613 880.30511934893661 65.836988220523921 2.8953453234844231 21.286744662688442 3.6716998707042592 1.5278567230589022 1.5784030812937988 9.2198040369548817 0.75588417693506782 2.418809098657221 3.3338947647425812 0.35347429604735214 301.93944292131221 1.9062334785703567 1.9260634393722273 5.3350128459642292 7.8813544436839882 1.0391098121854145 9.3314135218188294 0.83843586157689642 3.2940279593167361 17.767704903632456 1.9416451369711278 5.1737515152724454 2.2505693096097543 4.9428210392397878 2.3747660869596441 6.0683375520911795
leaf_count=33341 3535 1306 1262926 304252 410 1103924 1246 326 266 1111 52 35 1649 162 27794 138 45 410 55067 66 990 22 124 6307 576 738 115 775 55 165
internal_value=-0.000524114 -0.00152712 -0.00201901 -0.0127639 -0.0307685 -0.0425793 0.0138162 0.00195263 0.0114401 0.0154585 -0.0212737 -0.0346856 -0.0593137 -0.120349 -0.000916041 0.0218045 0.0109336 -0.0240065 -0.0052119 -0.00132105 -0.0310188 0.0146782 0.0601661 0.0117235 0.0243239 0.000490983 0.0197273 0.031944 0.00171607 0.017071
internal_weight=1413.32 1005.95 986.42 106.115 31.3571 24.79 6.56705 407.378 94.5788 84.2321 10.3467 8.7683 6.10618 2.77228 312.799 2.66212 75.0123 7.26108 74.7575 66.8761 10.8593 67.7512 4.13246 63.6188 29.9837 33.6351 15.8674 28.042 10.6937 8.4431
internal_count=2807928 2762538 2761232 1498306 1138921 1137265 1656 45390 16280 13978 2302 2036 1846 197 29110 190 12867 455 359385 304318 1316 12412 146 12266 4886 7380 1073 4310 335 220
is_linear=0
shrinkage=0.05


Tree=242
num_leaves=31
num_cat=0
split_feature=11 7 5 8 4 9 4 1 4 5 8 9 7 9 8 0 4 8 8 8 9 7 8 1 2 4 8 4 0 0
split_gain=1.3735 6.59205 3.32298 3.27487 2.99024 7.40997 3.21981 3.15683 2.52084 3.83313 5.54991 3.01513 4.88296 5.44334 4.27768 4.02796 5.0572 6.57185 9.94087 4.00967 3.95848 3.93881 6.44962 58.657 581.298 219.287 15.7041 3.0199 2.99714 4.2228
threshold=1.0000000180025095e-35 0.098387096077203764 1.0000000180025095e-35 0.22687723487615588 0.52851876616477977 0.81844761967659008 0.50274726748466503 0.16064515709877017 0.62115561962127697 1.0000000180025095e-35 0.73186674714088451 0.55188018083572399 0.31009615957736975 0.52316638827323925 0.41982129216194158 0.63333335518836986 0.80982521176338207 0.54912123084068309 0.52393686771392833 0.41394501924514776 0.54416766762733471 0.18898809701204303 0.5265987515449525 0.69028213620185863 0.68801230192184459 0.79205974936485302 0.52957075834274303 0.90366768836975109 0.38750000298023229 0.087121214717626586
decision_type=2 2 2 2 2 2 2 2 2 2 2 2 2 2 2 2 2 2 2 2 2 2 2 2 2 2 2 2 2 2
left_child=-1 2 -2 -4 5 -3 -7 -6 9 10 -9 12 13 14 -10 20 17 18 -17 -13 -15 22 -16 24 25 -24 -25 -18 29 -12
right_child=1 4 3 -5 7 6 -8 8 11 -11 28 19 -14 15 21 16 27 -19 -20 -21 -22 -23 23 26 -26 -27 -28 -29 -30 -31
leaf_value=0.00012851340801507666 -0.059041071279620272 -0.043174343347709976 0.1239031040879378 -0.023459149052967608 0.071354198037831509 0.014719692281576444 -0.052031721368423781 -0.03046333494363155 0.035611847053001494 0.089802660693913405 0.046755789514816903 -0.098540982590145709 -0.043206602082109496 -0.055502158618104515 0.0013417521107421686 0.059648514305880744 -0.0020726478304271506 0.02432157549328863 0.4292733373092073 -0.0054847901416701962 0.080244440664874489 -0.031282656250864266 -0.050039028472993685 0.81213236007003253 31.618796020105492 11.815511944821539 -0.052405860664498684 0.096050951832966039 0.066146730571654558 -0.032860252417009989
leaf_weight=1215.1682221305937 7.8208255309325221 14.09722573692588 0.49930986856837445 1.5393255655539666 1.5571720368576496 14.295758904321708 2.067864941812382 5.5506046248160468 7.6754893515102021 1.6617178347610195 3.7118397869596329 1.1705292358779065 3.64177562441182 1.2507037061589934 3.9201288361234887 0.32606797691551015 1.3992246006964706 0.45562918065115809 0.41142798267537728 104.78979140886963 0.94118396040519758 8.6089704568211669 0.051265897307338375 0.05789576379902428 0.0015788409566840972 0.0042138897633776642 0.56645303007063952 1.7837236202321947 3.8930340888327919 3.0209678933460964
leaf_count=943952 1179651 594919 248 10691 3100 3505 60 42099 8583 195 553 254 201 1602 8529 39 25 14 15 6465 505 1330 756 33 24 38 413 19 32 78
internal_value=-0.000499023 -0.00437439 -0.044221 0.0126333 -0.00227251 -0.016605 0.00628434 0.000518008 -0.000194117 0.0174866 0.0100579 -0.0024953 0.0111944 0.0184107 0.00592576 0.0581128 0.0858245 0.173616 0.265852 -0.00651277 0.00278665 -0.0113223 0.0260214 0.168003 1.70255 0.851192 0.0277626 0.0529158 0.031225 0.0110326
internal_weight=1411.94 196.772 9.85946 2.03864 186.912 30.4608 16.3636 156.451 154.894 17.8382 16.1764 137.056 31.0957 27.454 20.886 6.56796 4.37607 1.19313 0.737496 105.96 2.19189 13.2105 4.60154 0.681407 0.0570586 0.0554798 0.624349 3.18295 10.6258 6.73281
internal_count=2807928 1863976 1190590 10939 673386 598484 3565 74902 71802 42957 42762 28845 22126 21925 19706 2219 112 68 54 6719 2107 11123 9793 1264 818 794 446 44 663 631
is_linear=0
shrinkage=0.05


Tree=243
num_leaves=31
num_cat=0
split_feature=11 7 8 9 4 3 2 2 9 0 4 4 3 2 3 2 2 4 7 2 8 4 9 8 8 7 3 7 8 7
split_gain=22.8033 107.433 175.578 383.023 1491.96 2688.59 17357.4 42097.1 9341.78 26296.9 2306.07 4609.35 445.339 51.3113 47.24 24.6254 189.614 288.95 24.3981 15.988 6.96828 4.47912 3.746 4.72045 7.35348 17.5957 6.0027 4.00783 3.59254 3.5252
threshold=1.0000000180025095e-35 0.18898809701204303 0.5265987515449525 0.52316638827323925 0.75147059559822094 0.83935481309890758 0.68801230192184459 0.69631093740463268 0.47836488485336309 0.26785714924335485 0.69160839915275585 0.6291005313396455 0.72065573930740368 0.68801230192184459 0.84292763471603405 0.69028213620185863 0.65599384903907787 0.66287881135940563 0.13188406080007556 0.6291005313396455 0.52957075834274303 0.71937501430511486 0.3215534389019013 0.45176798105239874 0.45291082561016088 0.15075758099555972 0.97366598248481762 0.075498577207326903 0.56765475869178783 0.12701612710952762
decision_type=2 2 2 2 2 2 2 2 2 2 2 2 2 2 2 2 2 2 2 2 2 2 2 2 2 2 2 2 2 2
left_child=-1 2 21 4 5 6 -4 -8 9 -9 11 -11 -10 14 18 16 -7 -18 -6 28 -15 -2 27 -24 25 -25 -26 -23 -20 -5
right_child=1 -3 3 29 13 15 7 8 12 10 -12 -13 -14 20 -16 -17 17 -19 19 -21 -22 22 23 24 26 -27 -28 -29 -30 -31
leaf_value=0.00012208595139805612 -0.048804178597591563 -0.0028412023929920522 -0.050364543177792556 0.053342293529898145 -0.2176125788474923 -0.050010116868772672 -284.67277647453403 -286.18196163867771 -26.183362881298958 -0.050002764709295835 -0.050009280988396493 -118.86389199776143 -0.050027182977615194 0.38640380466059226 -0.96280568756368068 -0.050192350815531896 -0.050006291891585487 25.495372238379616 -0.34304687653391652 -0.71861359475154696 -0.052765070353526691 -0.050309179528375103 -0.054228050052271472 -0.051223982832306739 0.086612879514188557 1.3264099532220062 -0.051703099829444016 0.07914673552350461 -0.51358469615487734 -0.030703850640354843
leaf_weight=1215.1870343895175 9.529901560296782 170.14727742350189 0.08426059971026939 2.3330953944530464 1.0629612713922836 0.026413553578265761 0.0017567111639846872 0.0012230258871372959 0.0019132636375596814 0.0015848295451274287 0.0029102102871547686 0.0016833048939626227 0.011018721152834261 0.11365799864324788 0.44361696737269074 0.098567277775198178 0.0025480745396180273 0.001957299933565082 0.74863197789636593 0.64684728994325258 0.43995724521846569 0.81274881445724778 4.3963651139117985 0.064178032273446539 1.4499027941870573 0.036281173073803075 1.7089757696912784 2.2613445305399864 0.52565061209679698 2.6816842801651557
leaf_count=943952 1496250 214234 35899 24212 56 528 73 27 29 70 27 32 155 13 35 223 41 9 37 15 135 16895 44017 123 2561 6 850 666 14 26744
internal_value=-0.00245079 -0.0181117 -0.106212 -0.28694 -0.638138 -4.50222 -10.3929 -49.8437 -29.5556 -74.3534 -32.4211 -61.247 -3.91641 -0.409246 -0.481385 0.335993 1.56712 11.0478 -0.409816 -0.516163 0.0373969 -0.0238581 -0.00170179 -0.0204226 0.025176 0.446313 0.011783 0.0449203 -0.413395 0.0083981
internal_weight=1414.83 199.639 29.4916 9.23194 4.21716 0.235837 0.106351 0.0220901 0.0203334 0.00740137 0.00617834 0.00326813 0.012932 3.98132 3.42771 0.129486 0.0309189 0.00450537 2.98409 1.92113 0.553615 20.2597 10.7298 7.6557 3.25934 0.100459 3.15888 3.07409 1.27428 5.01478
internal_count=2807928 1863976 1649742 88374 37418 37113 36312 413 340 156 129 102 184 305 157 801 578 50 122 66 148 1561368 65118 47557 3540 129 3411 17561 51 50956
is_linear=0
shrinkage=0.05


Tree=244
num_leaves=31
num_cat=0
split_feature=11 7 2 8 8 2 7 2 9 5 4 4 2 8 3 7 7 0 4 4 4 9 5 2 7 9 9 2 8 8
split_gain=13.3338 55.1707 69.5649 121.613 680.756 5660.58 517.097 2753.67 34.6696 82.9457 29.9084 3643.21 13.3267 564.722 13.1103 9.26582 6.48123 5.15804 4.36655 9.09272 4.05218 12.1366 3.57129 3.10968 2.99372 2.67324 4.13413 2.58105 4.73643 1.97906
threshold=1.0000000180025095e-35 0.19292803853750232 0.68801230192184459 0.5265987515449525 0.52957075834274303 0.65599384903907787 0.07275132462382318 0.65599384903907787 0.52316638827323925 1.0000000180025095e-35 0.68108487129211437 0.67962265014648449 0.69028213620185863 0.56765475869178783 0.99056604504585277 0.12060606107115747 0.13188406080007556 0.63333335518836986 0.58898946642875682 0.58578637242317211 0.80982521176338207 0.51628047227859508 1.0000000180025095e-35 0.70320320129394542 0.16064515709877017 0.34054243564605718 0.34759725630283361 0.64346247911453258 0.58355855941772472 0.29046043753623968
decision_type=2 2 2 2 2 2 2 2 2 2 2 2 2 2 2 2 2 2 2 2 2 2 2 2 2 2 2 2 2 2
left_child=-1 2 3 17 5 -5 7 -6 9 10 11 -8 13 -4 16 -16 -12 22 19 -14 21 27 -2 -21 -19 -3 -27 28 -18 -20
right_child=1 25 12 4 6 -7 8 -9 -10 -11 14 -13 18 -15 15 -17 20 24 29 23 -22 -23 -24 -25 -26 26 -28 -29 -30 -31
leaf_value=0.00011597967935999504 -0.050339529818750998 -0.06736861353460552 -0.050566797499901554 -0.050011581468593524 -0.050034345218482851 -106.26045175237333 -0.050347055991109051 -82.30139365760661 -0.014762082527545767 -4.7475992900412898 -0.18395284572572176 -92.361022280229648 -0.050155513045547398 28.94564288429882 -0.36906436696018918 -0.77047399190357213 -0.19861592207871051 -0.050116642600812902 0.051361740698806502 -0.86482642235153095 -0.28649328646041339 -0.92463067604473648 0.079475329287264418 -0.050006802967221479 0.3843540863862886 0.11427130439863785 -0.0026099656855254946 -0.46031710878381099 -0.64098541246800922 -0.0058757765242357061
leaf_weight=1215.2049123876027 8.4727369525772378 1.5827087489332132 0.064011374130305776 0.01122731082247419 0.0062415168687123259 0.0014122904115083665 0.080216739812215887 0.0012157845316238536 0.98989498576884738 0.010644348974706896 1.1912411313371647 0.0010832942938048254 0.27474483543838957 0.0017243958566759412 0.35052008633647336 0.24372573149594245 0.37898512421446495 0.060981348931108736 1.7058570918461526 0.054632985981697857 2.2968602916880627 0.10247980610711238 0.56514388806000759 0.014903600716706933 0.11334081756285741 0.75997209288365652 167.75552397417468 0.29064645829566871 0.07200554284008831 13.167545695880669
leaf_count=943952 1438093 762 4809 3799 1815 34 32790 65 48412 28 139 29 34071 22 16 37 116 751 11770 192 23 30 4453 915 8 168 212247 23 10 68349
internal_value=-0.00185556 -0.0137975 -0.0756937 -0.151282 -0.32588 -11.9175 -0.301525 -13.4597 -0.285194 -0.338537 -0.329165 -1.28035 -0.000317348 0.710068 -0.313468 -0.5337 -0.283259 -0.0370261 -0.003386 -0.179427 -0.320922 -0.414602 -0.0422221 -0.690188 0.232368 -0.00269032 -0.00208285 -0.344126 -0.269245 0.000688896
internal_weight=1415.83 200.622 30.524 15.2406 6.0284 0.0126396 6.01576 0.0074573 6.0083 5.01841 5.00776 0.0813 15.2834 0.0657358 4.92646 0.594246 4.33222 9.2122 15.2177 0.344281 3.14098 0.844117 9.03788 0.0695366 0.174322 170.098 168.515 0.741637 0.450991 14.8734
internal_count=2807928 1863976 1650799 1530671 87366 3833 83533 1880 81653 33241 33213 32819 120128 4831 394 53 341 1443305 115297 35178 202 179 1442546 1107 759 213177 212415 149 126 80119
is_linear=0
shrinkage=0.05


Tree=245
num_leaves=31
num_cat=0
split_feature=11 7 1 1 4 8 4 1 7 4 8 3 8 4 0 8 4 4 5 7 1 1 8 8 3 3 8 1 8 5
split_gain=15.398 65.6657 79.6934 144.839 2543.63 72032.9 53.9149 52.0287 645.665 647.409 3240.52 162.476 490.52 4.74732 3.89003 3.34199 3.04129 5.30604 5.74823 4.3162 2.94163 3.86688 3.08715 3.79444 3.43757 5.01732 2.67916 2.59283 53.7532 936.39
threshold=1.0000000180025095e-35 0.19292803853750232 0.70320320129394542 0.68801230192184459 0.58380147814750682 0.54912123084068309 0.79205974936485302 0.69028213620185863 0.17752101272344592 0.62115561962127697 0.44865803420543676 0.99056604504585277 0.4231786727905274 0.58898946642875682 0.63333335518836986 0.53171876072883617 0.82446312904357921 0.84292763471603405 1.0000000180025095e-35 0.13188406080007556 0.76533168554306041 0.76277056336402904 0.59102103114128124 0.29046043753623968 0.97014260292053234 0.96609193086624157 0.28642150759696966 0.65419578552246105 0.54589802026748668 1.0000000180025095e-35
decision_type=2 2 2 2 2 2 2 2 2 2 2 2 2 2 2 2 2 2 2 2 2 2 2 2 2 2 2 2 2 2
left_child=-1 2 3 6 5 -5 14 8 9 10 -6 -11 -13 -9 27 -8 -4 18 -18 -20 21 -19 23 26 25 -25 -22 -2 -29 -30
right_child=1 -3 16 4 7 -7 15 13 -10 11 -12 12 -14 -15 -16 -17 17 20 19 -21 22 -23 -24 24 -26 -27 -28 28 29 -31
leaf_value=0.0001101791358544491 -0.040938908021223547 -0.0025573908560715918 -0.037240303719069556 -0.050001001558204042 -0.050000601923584055 -415.28091420347931 -0.10311803444212836 -0.39714581822645023 -33.840131893891567 -0.16541421716846583 -98.21089892187581 -0.050005271698912584 -33.120682029744373 -0.042579192706702913 0.16161133454828466 -0.24374300268335602 -0.050401309287757691 -0.050077259885254438 -0.050086002519819234 0.44536893382737069 0.023907533803834341 0.39564767713791593 0.062633338480750519 0.016793352087778435 -0.040683473299260038 0.34949436710077536 0.1745240466687186 -0.050513608204753084 -0.050010507858280095 -49.674547956981989
leaf_weight=1215.2218964226199 8.5216616263562344 170.04835964161148 3.71163799247888 0.028820154891691652 0.0048128405925639264 0.0010837343188916373 0.4564895315566283 0.11043852750356098 0.0014797229619092347 0.25592015849122163 0.0010187355915072249 0.0043418861860118332 0.0015116447760632479 0.65023910776519167 0.22922825375030775 5.6732399361999342 0.15353064052567233 0.086903608299862323 0.056341874843383266 0.19998165051219985 1.0831477319584317 0.1105704606566178 1.8936836119537463 1.4524010467071091 5.7065336604955519 0.12290884130925395 0.40589487863417151 0.41213146930499611 0.016818198747245106 0.0010075636678266156
leaf_count=943952 1440024 213177 111245 8879 1047 79 6505 316 10 2199 78 175 13 11649 983 115 1764 1786 332 13 1022 74 29 2245 3846 24 66 55871 404 6
internal_value=-0.00201198 -0.0148167 -0.0813055 -0.157569 -0.722892 -15.0982 -0.118442 -0.305438 -0.902994 -0.720869 -17.198 -0.353804 -8.59034 -0.0940567 -0.0417751 -0.23327 0.00201585 0.0149422 0.191545 0.336464 0.00827852 0.199495 0.0047378 -0.00776218 -0.0226337 0.0427514 0.0649638 -0.0469834 -0.166783 -2.85493
internal_weight=1416.62 201.402 31.3538 16.3702 1.05967 0.0299039 15.3106 1.02976 0.269085 0.267605 0.00583158 0.261774 0.00585353 0.760678 9.18085 6.12973 14.9835 11.2719 0.409854 0.256324 10.862 0.197474 10.6646 8.77089 7.28184 1.57531 1.48904 8.95162 0.429957 0.0178258
internal_count=2807928 1863976 1650799 1528353 24445 8958 1503908 15487 3522 3512 1125 2387 188 11965 1497288 6620 122446 11201 2109 345 9092 1860 7232 7203 6115 2269 1088 1496305 56281 410
is_linear=0
shrinkage=0.05


Tree=246
num_leaves=31
num_cat=0
split_feature=11 7 2 4 2 8 8 0 2 2 5 9 9 3 7 9 9 10 8 2 4 8 4 4 4 3 3 0 4 3
split_gain=7.77604 28.1419 33.913 37.2538 17.5262 918.456 7.50492 3.53651 3.2516 3.46863 3.13165 2.51335 3.65005 2.36472 2.54874 1.9545 1.89841 4.77581 5.52132 3.82676 5.30535 3.64521 3.53907 11.8978 3.14476 3.04679 2.96844 4.67847 2.85153 6.64805
threshold=1.0000000180025095e-35 0.19292803853750232 0.68801230192184459 0.79205974936485302 0.69028213620185863 0.50920382142066967 0.52957075834274303 0.63333335518836986 0.76277056336402904 0.76533168554306041 1.0000000180025095e-35 0.34054243564605718 0.34759725630283361 0.99056604504585277 0.13188406080007556 0.75249087810516369 0.90377491712570202 1.0000000180025095e-35 0.97413599491119396 0.21114551275968554 0.51113310456275951 0.92546296119689953 0.69160839915275585 0.69416099786758434 0.21846590936183932 0.13446328043937686 0.82480818033218395 0.29285715520381933 0.58898946642875682 0.73401361703872692
decision_type=2 2 2 2 2 2 2 2 2 2 2 2 2 2 2 2 2 2 2 2 2 2 2 2 2 2 2 2 2 2
left_child=16 2 3 7 5 -4 -5 10 -6 -10 -2 -3 -13 14 -8 -12 21 -18 28 25 24 -1 -22 -24 -21 -20 27 -25 29 -19
right_child=1 11 4 6 8 -7 13 -9 9 -11 15 12 -14 -15 -16 -17 17 18 19 20 22 -23 23 26 -26 -27 -28 -29 -30 -31
leaf_value=-0.00075992690048029511 -0.049610310875257767 -0.066307894217066468 -0.050471861585706636 0.0036697618759282918 -0.065277489145973186 46.843509989943634 -0.13057173313521095 0.15648726476909139 0.22596721601854003 0.0025263439182267038 -0.051921175367782513 0.1062965599380664 -0.0023519520041998792 -0.26892051456619215 -0.20708753155522119 0.12315890070986087 0.021143738396931261 0.0044097111736152404 -0.046008462409709378 -0.10958863991229713 0.056447712012432406 0.056147806679902379 -0.67044731458759377 -0.0092591347233789544 -0.036487659819722816 0.044113432269765003 0.026734027419578262 -0.23192012082678595 0.023290951533573582 -0.088523412475014135
leaf_weight=1071.6937115771798 8.1803324629132224 1.5260660828347159 0.05039368166268765 0.481388819578071 1.8489126982678765 0.0010662455638517079 1.4508177730001532 0.23275528960906022 0.17600922171709754 13.176240125277868 0.24737741147544134 0.77659910096931994 167.73157591908492 1.0681028137373685 4.356011097769624 0.44824743270874023 36.453639373314218 56.5824286803836 1.2731536227511266 1.6471589732682357 2.5121355541778021 2.8213819067677823 0.069288202997995874 0.82651080459618265 13.774602776160462 3.5606722526135854 2.1240021456469549 0.33015153364976868 19.577055664150976 1.9921430549584318
leaf_count=929071 1516512 762 4739 8960 69822 92 50 742 1728 43747 4306 168 212247 20 79 2 2433 409 34 25 474 264 16 215 201 74 2451 42 7982 261
internal_value=-0.00140452 -0.010495 -0.053732 -0.103493 -1.50223e-05 0.921168 -0.187183 -0.0359045 -0.00313347 0.00547174 -0.0409496 -0.00242973 -0.00185123 -0.200547 -0.18797 0.0608971 0.000104669 0.00556549 0.000119168 -0.0197837 -0.0289046 -0.000610503 0.0115849 -0.0220578 -0.0442954 0.0203767 -0.00836368 -0.0728143 0.00677055 0.00124902
internal_weight=1416.99 201.752 31.7177 16.465 15.2526 0.0514599 7.35632 9.10871 15.2012 13.3522 8.87596 170.034 168.508 6.87493 5.80683 0.695625 1215.24 140.723 104.269 26.1177 21.2838 1074.52 5.86209 3.34995 15.4218 4.83383 3.28066 1.15666 78.1516 58.5746
internal_count=2807928 1863976 1650799 1530671 120128 4831 9109 1521562 115297 45475 1520820 213177 212415 149 129 4308 943952 14617 12184 3532 3424 929335 3198 2724 226 108 2708 257 8652 670
is_linear=0
shrinkage=0.05


Tree=247
num_leaves=31
num_cat=0
split_feature=11 7 8 8 3 2 4 3 3 2 4 8 2 2 2 2 3 4 4 9 7 3 3 2 7 7 9 2 0 9
split_gain=31.0081 154.606 176.188 921.496 2650.75 38407 79321.7 496.993 2032.99 5945.31 242.046 1178.68 2009.16 24249.7 52.244 21.9082 15.6448 13.4496 214.11 476.765 4.61104 3.95744 5.22017 3.73174 3.33932 3.12845 3.54256 3.00531 2.68686 2.47751
threshold=1.0000000180025095e-35 0.18350168317556384 0.50920382142066967 0.51871871948242199 0.72871574759483349 0.68801230192184459 0.64326766133308422 0.83484846353530895 0.77871939539909374 0.69028213620185863 0.75582656264305126 0.55585265159606945 0.68801230192184459 0.69028213620185863 0.69028213620185863 0.65599384903907787 0.69631093740463268 0.6832355558872224 0.69160839915275585 0.55747640132904064 0.17752101272344592 0.96609193086624157 0.97366598248481762 0.95311355590820324 0.12973351776599887 0.15075758099555972 0.27042925357818609 0.83484846353530895 0.63333335518836986 0.44392034411430364
decision_type=2 2 2 2 2 2 2 2 2 2 2 2 2 2 2 2 2 2 2 2 2 2 2 2 2 2 2 2 2 2
left_child=-1 2 21 4 5 -4 -7 8 20 -10 11 12 -5 -14 15 -12 -17 -13 19 -19 -6 -2 29 -16 -25 26 -24 28 -27 -23
right_child=1 -3 3 10 7 6 -8 -9 9 -11 14 17 13 -15 23 16 -18 18 -20 -21 -22 22 25 24 -26 27 -28 -29 -30 -31
leaf_value=0.0001014440678272876 -0.048420175429068797 -0.0027084488202905295 -0.0500623761756279 -0.051774511069676954 -0.05000346952264028 -549.62880405552085 -20.643005430830787 -0.050639677159774271 -106.9704161535454 -0.050005224527449404 -0.17013010076049573 0.0094432564771195632 -66.269817614060614 -0.050132358101686259 -0.059827782722329984 -0.21118557781408859 -0.57948614703786949 -0.050021436441989989 -0.050100666855072952 -35.200751416097681 -1.6595716682435484 -0.052670233607778019 0.059718144965451275 0.080937023068639063 -0.042267702808010989 -0.052625485761479344 -0.034468044130022767 -0.055884789402100912 0.17037322882440986 0.23216322817894852
leaf_weight=1214.5762051830991 8.1893763870589638 171.82526026513261 0.036677168686976569 0.16620806074309291 0.0052481185567501134 0.0010007664047959599 0.0024280105681102615 0.19431609171522268 0.0018705502171498791 0.0042636507141651236 5.9542937632274962 0.93526584001094248 0.015832176432023504 0.10906120917264273 1.1048818102999578 0.54022109046945865 0.61841752359669444 0.0029974481775653225 0.077978489313637919 0.0014224449932962457 0.029243921483498525 0.098590963103561857 1.1745535519600965 2.0887447294298913 0.74654257157817472 0.17265140083850361 6.6548658974560091 0.33972267245735566 0.62066535052872496 0.3383236611407483
leaf_count=943952 1426509 218700 15440 47717 326 65 28 521 159 91 290 49680 38 785 243 13 43 40 350 23 8 98 8997 43 34 678 92925 82 40 10
internal_value=-0.00291571 -0.0210526 -0.125334 -0.267753 -3.13018 -15.0104 -175.04 -1.10215 -6.13154 -32.6541 -0.204065 -0.84703 -3.65257 -8.44451 -0.127933 -0.208839 -0.407764 -0.0445097 -0.656904 -11.3625 -1.41467 -0.0230114 -0.000873567 0.0181209 0.0484967 -0.00910068 -0.0203384 0.0685533 0.121841 0.16789
internal_weight=1416.63 202.051 30.2257 12.6369 0.275048 0.0401059 0.00342878 0.234942 0.0406262 0.0061342 12.3619 1.30877 0.291101 0.124893 11.0531 7.11293 1.15864 1.01766 0.0823984 0.00441989 0.034492 17.5887 9.39937 3.94017 2.83529 8.96246 7.82942 1.13304 0.793317 0.436915
internal_count=2807928 1863976 1645276 115937 16638 15533 93 1105 584 250 99299 98633 48540 823 666 346 56 50093 413 63 334 1529339 102830 320 77 102722 101922 800 718 108
is_linear=0
shrinkage=0.05


Tree=248
num_leaves=31
num_cat=0
split_feature=11 7 1 4 4 8 2 2 7 1 5 0 4 4 5 9 9 8 2 9 7 7 8 7 5 8 9 8 4 7
split_gain=9.10094 35.7181 40.404 30.1348 62.4795 720.167 25.4176 1027.95 1686.26 3.89015 2.84307 3.26876 2.64944 4.03619 3.4231 2.36494 3.2436 2.33269 3.07753 2.83337 2.7607 2.20227 2.18109 2.13743 2.05373 3.44987 1.72852 4.1806 4.91128 4.2791
threshold=1.0000000180025095e-35 0.19292803853750232 0.70320320129394542 0.74133810400962841 0.7454303801059724 0.51075392961502086 0.68801230192184459 0.69028213620185863 0.065591398626565947 0.68801230192184459 1.0000000180025095e-35 0.63333335518836986 0.82446312904357921 0.84292763471603405 1.0000000180025095e-35 0.34054243564605718 0.34759725630283361 0.59102103114128124 0.83484846353530895 0.27042925357818609 0.15075758099555972 0.17752101272344592 0.53171876072883617 0.13188406080007556 1.0000000180025095e-35 0.48993107676506048 0.90377491712570202 0.84168756008148204 0.58898946642875682 0.53589746356010448
decision_type=2 2 2 2 2 2 2 2 2 2 2 2 2 2 2 2 2 2 2 2 2 2 2 2 2 2 2 2 2 2
left_child=26 2 3 9 5 -5 22 8 -8 10 11 -2 -4 14 -14 -3 -17 18 20 -20 -15 -11 -6 -16 25 -21 -1 29 -29 -28
right_child=1 15 12 4 6 -7 7 -9 -10 21 -12 -13 13 17 23 16 -18 -19 19 24 -22 -23 -24 -25 -26 -27 27 28 -30 -31
leaf_value=-0.00058509866860190554 -0.048659123919124837 -0.065317684053933775 -0.036135946221191678 -0.050012764690802569 -0.068756577275085218 -39.42051197565101 -58.684756781519575 -0.030457424851570054 -7.0122800816293838 -0.11425407592931554 0.067869454825242245 0.1336106177584554 -0.050375319187351178 -0.05115796035050401 -0.050078791314876095 0.099548684652954134 -0.0020992285171146908 0.057666591269875181 0.054498313425192159 -0.053972077321095338 0.11039436206322986 -0.3435008511589126 -0.15597712701826161 0.29827802159520511 -0.046159497705842573 0.091476551533836409 -0.048267571039524296 -0.0067468617402726182 0.019533805341227277 0.022045467368671412
leaf_weight=1074.3564105157855 7.0853506103700106 1.4700565993119017 3.4833663254940257 0.013601635051693317 0.78991195110090107 0.0012699857706479642 0.0017054731074511399 0.49773817898774136 0.02126834745127024 0.61300909558756222 0.63598192407772547 0.2548234034119331 0.14060683007438868 0.36298971798558544 0.052202935165041708 0.78851021051454395 167.7092347992577 1.9047134311113048 1.2028429916736056 0.81220833322549857 0.97406462943445926 0.12635625978191489 7.7400477093351583 0.2813771846704185 4.6593867537012557 0.81855336354783503 2.2853650844190261 73.852592849172652 23.412867952160013 40.683879974312731
leaf_count=929335 1481898 762 111245 1305 15720 31 219 1292 50 22418 4336 764 1764 3788 332 168 212247 30 461 1750 76 55 265 13 2945 42 179 1064 9973 3401
internal_value=-0.00153953 -0.0113545 -0.0594035 -0.110101 -0.173923 -3.41212 -0.168603 -0.507737 -10.8482 -0.0437149 -0.0335445 -0.0423314 0.00195178 0.0137882 0.156544 -0.00217444 -0.00162355 0.0074822 -0.00334299 -0.0158121 0.0665354 -0.153432 -0.1479 0.243763 -0.0292574 0.0190352 9.63705e-05 0.0053172 -0.000420816 0.0183058
internal_weight=1417.03 202.441 32.4734 17.7811 9.06554 0.0148716 9.05067 0.520712 0.0229738 8.71552 7.97616 7.34017 14.6923 11.2089 0.474187 169.968 168.498 10.7348 8.83005 7.49299 1.33705 0.739365 8.52996 0.33358 6.29015 1.63076 1214.59 140.235 97.2655 42.9692
internal_count=2807928 1863976 1650799 1528353 18882 1336 17546 1561 269 1509471 1486998 1482662 122446 11201 2109 213177 212415 9092 9062 5198 3864 22473 15985 345 4737 1792 943952 14617 11037 3580
is_linear=0
shrinkage=0.05


Tree=249
num_leaves=31
num_cat=0
split_feature=11 7 2 4 4 8 8 9 9 9 0 2 8 2 9 10 8 13 8 4 2 4 2 4 7 7 2 9 8 8
split_gain=6.91881 26.0522 27.4385 17.8111 33.8788 832.401 4.43023 3.87888 2.22314 2.8969 2.0872 2.06271 1.79156 1.60576 1.56914 4.27545 4.8274 3.50396 3.32555 2.8791 8.77838 6.87985 2.79431 4.63268 2.63214 2.62975 2.5816 3.22053 3.17702 6.42605
threshold=1.0000000180025095e-35 0.19292803853750232 0.76277056336402904 0.76506900787353527 0.77032968401908886 0.54176929593086254 0.52957075834274303 0.75249087810516369 0.34054243564605718 0.34759725630283361 0.63333335518836986 0.76533168554306041 0.45478595793247228 0.61938297748565685 0.90377491712570202 1.0000000180025095e-35 0.97413599491119396 1.0000000180025095e-35 0.92546296119689953 0.52704679965972911 0.35926246643066412 0.39369101822376257 0.21114551275968554 0.21846590936183932 0.69615384936332714 0.87867647409439098 0.99056604504585277 0.94166260957717907 0.8825557827949525 0.92546296119689953
decision_type=2 2 2 2 2 2 2 2 2 2 2 2 2 2 2 2 2 2 2 2 2 2 2 2 2 2 2 2 2 2
left_child=14 2 3 7 5 -5 -6 10 -3 -10 -2 -4 -9 -12 18 19 -17 22 -1 21 -21 24 -18 -24 -16 -26 -22 -28 -29 -30
right_child=1 8 11 4 6 -7 -8 12 9 -11 13 -13 -14 -15 15 16 17 -19 -20 20 26 -23 23 -25 25 -27 27 28 29 -31
leaf_value=-0.00069791323804366191 -0.056543052236736405 -0.064430457491874649 0.15302699125715785 -0.050012911148804379 -0.019411027907603285 -43.529333814908028 -0.14234915640723003 -0.070160554966319219 0.093578009466516635 -0.0019943762481631016 0.14277190424606565 0.002150809077613607 0.098743477009921365 -0.050102129738372483 0.052236723227968213 0.0061773609560111182 0.01229816299867721 0.025545025407487779 0.053942635939465661 -0.063193946961768277 0.045300615818266117 0.077994528211307979 -0.11758300277162451 -0.026860202728414297 -0.022078117884810396 0.023245403309300482 0.050321296035246578 0.050323478854112591 -0.49285172747207517 -0.06104549237984766
leaf_weight=1071.4503058746052 8.3068930732529029 1.417126863814359 0.23059651009498949 0.025742410767350399 0.79935091359966648 0.0011499719373682096 8.8036674727802318 0.20479086625348608 0.79664849251952219 167.70028928531397 0.23908464157647813 12.865470286426438 0.67271700035693149 0.196691576103035 3.648689463734633 77.349060908200045 3.8708393890410724 3.8173695573423165 2.7919199560128609 3.7657571277813977 6.4057266261515888 5.7595688643050371 1.535581156611445 16.824110875444603 5.5126135312020761 7.6302564761426765 1.3748652990616395 0.57548752264119718 0.092054731911048182 1.3455529891361946
leaf_count=929071 1581778 762 1728 2019 18714 17 293 4 168 212247 131 43747 109 2259 28 8652 23 2326 264 59 1003 70 8 1175 33 68 424 189 36 523
internal_value=-0.00133478 -0.00989651 -0.0510248 -0.0890082 -0.137079 -1.90928 -0.132116 -0.040889 -0.00206701 -0.00154251 -0.0509475 0.00480745 0.059325 0.0557164 9.19598e-05 0.00508067 -9.21225e-05 -0.0187093 -0.000555904 0.0198922 0.00168492 0.0308397 -0.0263086 -0.0344481 0.0146655 0.00423502 0.0266314 -0.00866708 -0.0489538 -0.0886955
internal_weight=1416.01 202.26 32.3462 19.2501 9.62991 0.0268924 9.60302 9.62018 169.914 168.497 8.74267 13.0961 0.877508 0.435776 1213.75 139.508 103.397 26.0479 1074.24 36.1106 13.5594 22.5511 22.2305 18.3597 16.7916 13.1429 9.79369 3.38796 2.0131 1.43761
internal_count=2807928 1863976 1650799 1605324 21043 2036 19007 1584281 213177 212415 1584168 45475 113 2390 943952 14617 12184 3532 929335 2433 2234 199 1206 1183 129 101 2175 1172 748 559
is_linear=0
shrinkage=0.05


end of trees

feature_importances:
Column_4=1218
Column_7=1021
Column_8=942
Column_9=921
Column_1=753
Column_3=652
Column_2=570
Column_10=377
Column_11=346
Column_0=339
Column_5=175
Column_6=86
Column_13=66
Column_12=34

parameters:
[boosting: gbdt]
[objective: binary]
[metric: binary_logloss]
[tree_learner: serial]
[device_type: cpu]
[data_sample_strategy: bagging]
[data: ]
[valid: ]
[num_iterations: 250]
[learning_rate: 0.05]
[num_leaves: 31]
[num_threads: 0]
[seed: 0]
[deterministic: 0]
[force_col_wise: 0]
[force_row_wise: 0]
[histogram_pool_size: -1]
[max_depth: -1]
[min_data_in_leaf: 20]
[min_sum_hessian_in_leaf: 0.001]
[bagging_fraction: 1]
[pos_bagging_fraction: 1]
[neg_bagging_fraction: 1]
[bagging_freq: 0]
[bagging_seed: 3]
[bagging_by_query: 0]
[feature_fraction: 0.85]
[feature_fraction_bynode: 1]
[feature_fraction_seed: 2]
[extra_trees: 0]
[extra_seed: 6]
[early_stopping_round: 0]
[early_stopping_min_delta: 0]
[first_metric_only: 0]
[max_delta_step: 0]
[lambda_l1: 0]
[lambda_l2: 0]
[linear_lambda: 0]
[min_gain_to_split: 0]
[drop_rate: 0.1]
[max_drop: 50]
[skip_drop: 0.5]
[xgboost_dart_mode: 0]
[uniform_drop: 0]
[drop_seed: 4]
[top_rate: 0.2]
[other_rate: 0.1]
[min_data_per_group: 100]
[max_cat_threshold: 32]
[cat_l2: 10]
[cat_smooth: 10]
[max_cat_to_onehot: 4]
[top_k: 20]
[monotone_constraints: ]
[monotone_constraints_method: basic]
[monotone_penalty: 0]
[feature_contri: ]
[forcedsplits_filename: ]
[refit_decay_rate: 0.9]
[cegb_tradeoff: 1]
[cegb_penalty_split: 0]
[cegb_penalty_feature_lazy: ]
[cegb_penalty_feature_coupled: ]
[path_smooth: 0]
[interaction_constraints: ]
[verbosity: -1]
[saved_feature_importance_type: 0]
[use_quantized_grad: 0]
[num_grad_quant_bins: 4]
[quant_train_renew_leaf: 0]
[stochastic_rounding: 1]
[linear_tree: 0]
[max_bin: 255]
[max_bin_by_feature: ]
[min_data_in_bin: 3]
[bin_construct_sample_cnt: 200000]
[data_random_seed: 1]
[is_enable_sparse: 1]
[enable_bundle: 1]
[use_missing: 1]
[zero_as_missing: 0]
[feature_pre_filter: 1]
[pre_partition: 0]
[two_round: 0]
[header: 0]
[label_column: ]
[weight_column: ]
[group_column: ]
[ignore_column: ]
[categorical_feature: ]
[forcedbins_filename: ]
[precise_float_parser: 0]
[parser_config_file: ]
[objective_seed: 5]
[num_class: 1]
[is_unbalance: 0]
[scale_pos_weight: 1]
[sigmoid: 1]
[boost_from_average: 1]
[reg_sqrt: 0]
[alpha: 0.9]
[fair_c: 1]
[poisson_max_delta_step: 0.7]
[tweedie_variance_power: 1.5]
[lambdarank_truncation_level: 30]
[lambdarank_norm: 1]
[label_gain: ]
[lambdarank_position_bias_regularization: 0]
[eval_at: ]
[multi_error_top_k: 1]
[auc_mu_weights: ]
[num_machines: 1]
[local_listen_port: 12400]
[time_out: 120]
[machine_list_filename: ]
[machines: ]
[gpu_platform_id: -1]
[gpu_device_id: -1]
[gpu_device_id_list: ]
[gpu_use_dp: 0]
[num_gpu: 1]

end of parameters

pandas_categorical:null
